07352332-c2bc-4b38-b8c1-72041b963faf,2017-09-04 16:34:18 +0100
fd917eb3-4f14-4108-a256-fb15d4ad540b,2017-08-30 11:31:01 +0100
f3313ebc-9294-48dc-b7ac-36479eb94806,2017-08-22 16:09:02 +0100
6dc11d8d-2c85-4833-87b5-8c5465fdd450,2017-08-10 10:45:56 +0100
2d858f8d-4dcb-44b0-bd25-d75c85bde015,2017-07-31 14:37:15 +0100
d6d9132c-bd60-4e69-9ea8-8c7993869593,2017-07-31 10:30:39 +0100
fa378c1a-cbb6-4e03-908f-646a3b7c87ec,2017-05-15 09:45:13 +0100
5e9fba83-9791-4208-9c06-63cd5b6e7242,2017-04-12 10:22:09 +0100
1f68aa57-af5d-4b82-adf7-a60fa8b084db,2017-04-03 05:48:16 +0100
b9a00bb9-59fe-4a4d-a887-1847f2c8f42f,2017-04-01 00:22:56 +0100
cdff3438-25f0-42cf-9e59-54a202a548c1,2017-03-31 11:32:23 +0100
f1f2bd70-eaa3-4a6c-9ba2-ffc7d728b5b0,2017-03-27 15:48:26 +0100
e610c496-aac8-4ddc-a16d-7db8bc2d817e,2017-01-30 16:47:18 +0000
02821bde-8991-416f-bf9f-a89f46a61c2f,2017-01-20 17:43:14 +0000
290358cf-33d3-488f-afbb-2323e52fafad,2017-01-19 11:32:29 +0000
a1234754-c53e-4aa9-a721-b7e333128a85,2017-01-10 18:30:04 +0000
93711d70-df19-4899-b3bf-cc66df6a7b45,2017-01-10 09:47:35 +0000
53ffb40b-fa74-44c6-ad7f-1dd279b82763,2016-12-12 12:00:46 +0000
3bbf150e-9444-4615-9925-2a4f864fd4b3,2016-12-12 11:43:56 +0000
a1ddab36-1459-4209-bfa0-16f1020f2866,2016-12-12 11:39:49 +0000
c6be6c45-0924-49b5-974e-fc130c5511cb,2016-12-12 11:36:59 +0000
efafad5c-00ae-42a0-af59-4ad42c2c91c9,2016-12-12 11:34:29 +0000
b5be36b7-8019-458c-9f6f-8f9be3420326,2016-12-08 10:43:04 +0000
78a9a503-b1e5-48e5-8008-74e41d6420ef,2016-12-08 08:34:59 +0000
2ca4bab1-6f0f-4fb4-bf0d-bb8a3d223887,2016-12-06 13:56:14 +0000
2b5904ca-5623-4047-be13-8d96619ce9bf,2016-12-05 13:29:11 +0000
30674170-ff6c-4b4d-82b9-768f19aae612,2016-11-25 17:26:32 +0000
b0c77072-f94d-4b36-b512-b120fcbf5dff,2016-11-17 12:39:53 +0000
4cf53aae-660d-414d-baeb-85a12d473edf,2016-10-07 09:21:51 +0100
5f5ab3f6-7631-11e4-a3cb-005056011aef,2016-09-23 09:00:06 +0100
15388831-819b-49bf-97bb-f997e8a84a87,2016-09-22 12:37:50 +0100
55ea7b47-244f-43d7-bf9b-c2f18d1bbc70,2016-09-06 13:36:13 +0100
454efa5c-c09f-4e4e-9f14-2f4fad4e328d,2016-08-31 09:24:51 +0100
147b2874-ac9d-4386-bbd2-d0f6638630c0,2016-08-31 07:55:57 +0100
15e5d6bc-a566-4d2b-91a6-872f08df1cb0,2016-08-22 15:18:43 +0100
5f5ad218-7631-11e4-a3cb-005056011aef,2016-08-22 13:26:38 +0100
2ea845ee-0be4-4638-b049-3bb5ee6a8555,2016-08-16 16:11:28 +0100
16ed89cd-5340-4dde-99e1-ca8a37c2b244,2016-08-03 14:50:07 +0100
8c038126-6863-41e9-b6e8-9615ae4172b1,2016-08-03 13:52:30 +0100
6661b08d-5eee-4155-9160-0e9619cd15b6,2016-08-03 10:32:36 +0100
355db0a9-9693-4037-8624-83897953a69c,2016-07-28 11:28:36 +0100
9357d7de-c198-445e-ae54-9a92b5877a66,2016-07-15 19:31:56 +0100
50077229-f862-4c03-845a-9e840fdf2ffa,2016-07-14 19:20:11 +0100
80519a32-2cef-495a-a4fe-24bcebb87b41,2016-07-14 19:19:01 +0100
e4ca1bd9-50a2-40e2-b1a4-4d5d2861ec54,2016-07-05 17:54:20 +0100
fabc49a4-5da0-4819-bbe2-3cada5f6c261,2016-06-17 13:13:10 +0100
1ecc0f69-5b73-4e4e-9fef-600838417495,2016-05-26 12:38:07 +0100
84d847ad-943d-466a-bb43-644f6ffaa968,2016-05-16 10:43:56 +0100
1dfa4e8e-cca0-4ec3-a7bb-6cefc9e2063f,2016-05-11 11:49:09 +0100
f3a79ce8-cb3e-4ab9-96e6-873297487900,2016-05-03 15:54:57 +0100
b583119b-0fe0-4993-ab46-8e313d676ade,2016-04-21 11:56:19 +0100
a7dc32fb-2140-4d43-8b47-8de884ca17ea,2016-04-12 11:46:01 +0100
f7977df6-5db5-4ce2-9a0f-741acf263223,2016-04-01 10:30:10 +0100
d63277f6-8969-4e5e-972b-4524b0014752,2016-03-31 14:40:30 +0100
e8caaf89-ffb8-41f8-a6d9-aec5ae9a4e34,2016-03-31 12:25:42 +0100
501282a4-076e-4032-953d-e3f4e95c59af,2016-03-29 17:28:46 +0100
47d14c04-9ccd-4b8a-ae80-ca87ea252057,2016-03-10 11:48:42 +0000
dc298297-a71e-43c0-be44-994a14f93125,2016-03-02 16:00:34 +0000
bd422f3e-3a01-4468-9359-885a1b62633b,2016-03-02 15:53:48 +0000
d30d87b2-f486-40ff-915e-e8052727527e,2016-03-02 15:50:42 +0000
5f5a1d9d-7631-11e4-a3cb-005056011aef,2016-03-01 12:32:25 +0000
5055d212-8c63-4710-98ed-a8923b6a78c0,2016-03-01 12:05:53 +0000
66b71e13-5cd3-4530-b962-b57575619b66,2016-02-22 11:40:58 +0000
0f1aa68b-c3de-4e1f-91c1-6a8e97c9363a,2016-02-12 12:44:55 +0000
5aceab65-6b87-41ee-819c-e944b488f56f,2016-02-11 16:29:47 +0000
3c3c90f6-9e30-4161-b5ca-c572de35a391,2016-02-05 15:13:53 +0000
9edfc47f-ba52-4f53-9be0-f951aacad664,2016-02-03 10:52:19 +0000
ebdbaabf-5e6e-44d5-9775-4a196e486ba8,2016-02-02 15:33:55 +0000
5f5a1682-7631-11e4-a3cb-005056011aef,2016-02-01 16:17:36 +0000
fa73a965-f063-42c1-89b3-9b126692bd0d,2016-01-25 15:41:56 +0000
50bcf284-dafe-4e9d-a7b4-7775c7cb37fe,2016-01-21 08:11:27 +0000
051d5c27-2a17-4118-8bb7-1bd9532bbe6d,2016-01-21 06:49:37 +0000
92d124d7-a855-44e5-88b1-089f5a982984,2016-01-18 13:33:54 +0000
23cbeaf5-f632-4fc3-aa17-e44b54e69b18,2016-01-14 12:23:19 +0000
067dfff8-a885-44cf-97db-98f0bf530c64,2016-01-12 12:46:48 +0000
d03ce715-9038-45cc-96fb-246ad9a91f6d,2016-01-11 14:42:02 +0000
b36be634-2ff3-43d0-bcb7-47f17658e5e1,2016-01-07 16:05:11 +0000
83fd985a-32a3-4d8e-9d63-ee7411f943f7,2016-01-07 13:37:20 +0000
c1c0b5f0-4063-49c5-9a77-b7f3db8deff9,2016-01-05 15:16:34 +0000
6092f22c-edaf-4f34-9a60-b14ba021004a,2016-01-01 00:15:13 +0000
6d231a21-cd2f-4e3b-bd2d-90f32ace3697,2015-12-14 09:49:22 +0000
cd93f689-a48d-45c6-9116-a38c6e258943,2015-12-11 15:23:49 +0000
5f5b9e87-7631-11e4-a3cb-005056011aef,2015-12-10 14:16:27 +0000
5c113f84-cfe0-46a2-8892-479582e2dc51,2015-12-04 16:35:57 +0000
87480c33-d9f3-4847-aa65-fe5a2261e3ba,2015-12-02 13:53:23 +0000
8cba0c8d-f74b-481a-adf8-ea464191fefa,2015-12-01 11:50:56 +0000
4c7f12be-e00a-477e-83b4-3c6328af9122,2015-11-24 15:22:22 +0000
97c9f174-143d-4671-8162-fcae9ab0b9e6,2015-11-13 14:50:57 +0000
47cef701-0f1c-474d-8af1-5f3491f5e14a,2015-11-13 14:49:32 +0000
ca11a8d0-34e4-41aa-b25b-3266ec2bcd53,2015-11-13 14:47:55 +0000
2cdc5c30-448f-4868-a661-fd98eb9b918b,2015-11-13 14:44:25 +0000
62132927-ffa7-49d5-a697-3ac819637eca,2015-11-11 11:36:08 +0000
5f5a5bc9-7631-11e4-a3cb-005056011aef,2015-10-27 16:59:06 +0000
54149ad9-a1de-419e-b8a5-c91d9a218f28,2015-10-27 15:07:55 +0000
41d5eb2e-d38b-483f-981b-b39ce8384a86,2015-10-27 15:07:08 +0000
17c9719a-00a2-4950-9fda-312b3a77ba7e,2015-10-27 15:06:49 +0000
27799453-2429-4818-a481-00cf29eb5c7f,2015-10-27 15:05:27 +0000
57459fa1-4b49-4cdc-a245-7bcd39f49964,2015-10-15 18:31:21 +0100
79fbb659-f495-4c2d-8ebb-3f839cf36d9c,2015-10-15 12:48:38 +0100
d887bb1d-8606-4fdd-9fd9-3160e4d34993,2015-10-13 10:30:00 +0100
683e099b-5889-44f1-9e2c-7e872bef69b3,2015-10-13 10:07:55 +0100
0f962b25-c0b1-482f-917d-27182c160554,2015-10-13 09:48:02 +0100
cc9d4924-198f-42e3-a291-08ec8df616d5,2015-10-13 09:25:37 +0100
07ae4b98-81b8-456d-9697-c2794640bec0,2015-10-12 13:07:57 +0100
6e1b42d2-1314-4103-95ec-9aeab3024037,2015-10-09 14:57:42 +0100
a8c53b78-60ab-4904-838c-33557a8582e7,2015-10-09 14:53:43 +0100
de512b17-d4c6-496d-9d08-a6e6d84e9d68,2015-10-09 14:36:47 +0100
e99d81c5-3960-4e13-aa9f-897e21b3e5f7,2015-10-09 14:28:37 +0100
40c7a955-14e4-4f18-bde3-da8a8c995518,2015-10-08 18:36:07 +0100
8a2803b1-9c5b-4fec-9737-0326be5e2a78,2015-10-08 17:08:48 +0100
a478f55a-9d0c-467b-9782-4a027f110484,2015-10-08 14:06:50 +0100
562526b2-9c25-41cf-b7f2-3c5d2af26c9b,2015-10-08 13:23:15 +0100
32545d8e-75f0-4f0c-9ee4-847d02461761,2015-10-08 12:41:53 +0100
ddc23e51-146c-4b77-8e2d-34064f19fc05,2015-10-08 12:39:57 +0100
fe00f015-c0c5-4103-b6c6-9197a223fb1f,2015-10-08 12:24:45 +0100
1cbbcf75-a7f4-4031-bb45-fe918810e06a,2015-10-08 12:14:29 +0100
405c2238-3e9c-4c61-aa71-ee0365812fa9,2015-10-08 12:01:39 +0100
aa6879bc-a68d-4504-be54-b69c36b2d788,2015-10-08 11:47:15 +0100
3aa6d032-9fa3-4db1-bfaa-e80bb56bc7ff,2015-10-07 17:42:07 +0100
6a315a89-8267-42ff-b613-0c0978200b9e,2015-10-07 13:10:42 +0100
45c91300-3f41-4d6d-94d3-8416a9b150f8,2015-10-07 11:47:27 +0100
f966ddd2-6ec3-4681-9980-a5ca33c64367,2015-10-07 10:04:05 +0100
a131b1f6-03a6-4e82-b393-e08afddd7a9b,2015-10-06 10:09:03 +0100
dd0ce49d-4747-4189-97dc-f7d7aea14f89,2015-10-05 12:32:19 +0100
f2aaf52f-8074-4bca-a8e2-b0c5ad602a1b,2015-10-01 13:15:44 +0100
42c942ff-f8a6-4b9e-8649-ef5facd3aa2d,2015-10-01 13:12:55 +0100
cb7e5830-f396-4d08-a8bd-1671dfac81f5,2015-10-01 11:27:24 +0100
bc8b2870-f824-4add-aa16-54fbcac9bcd7,2015-10-01 11:20:27 +0100
fcf770db-5625-47d9-b5ca-040e4abf9712,2015-10-01 11:20:09 +0100
a67c5104-12ca-46da-8577-39b93c60522e,2015-10-01 11:19:55 +0100
59a7ac86-4333-428d-b00a-f22edee029e2,2015-10-01 11:19:42 +0100
f9813fa1-f879-4cec-b82e-ae6e79106dd9,2015-10-01 11:18:04 +0100
4a3f40c6-5e09-4ab7-b673-4ee883d7ca51,2015-10-01 10:40:36 +0100
b267640a-08ef-467a-9cfc-a10cf8f41637,2015-09-28 12:05:51 +0100
6c3a5d04-07d1-4ced-ad43-3e9a2952a0a0,2015-09-25 16:15:59 +0100
e0633478-2383-439c-b817-1a9a3a236431,2015-09-23 17:40:22 +0100
1dadf18d-7014-4af5-976f-2e7536fb7f9f,2015-09-18 13:42:01 +0100
b1413aba-2fbd-4e00-8b4d-7a00fdff59d8,2015-09-18 13:41:48 +0100
69ecd4b6-1dd7-477f-ae1a-f772f8dd24f4,2015-09-18 13:41:37 +0100
79ac5858-8837-4a12-ad16-3da57c62c85f,2015-09-18 13:41:24 +0100
5f5aa69c-7631-11e4-a3cb-005056011aef,2015-09-17 16:09:26 +0100
21f48c99-5cf1-44dc-9f18-2b40c945a125,2015-09-02 14:11:39 +0100
cc649168-8a44-48a7-a781-bf0c813ba87c,2015-09-02 11:45:44 +0100
8305154a-cc86-4382-9f18-c9947faa7368,2015-09-02 09:20:03 +0100
5f5b902e-7631-11e4-a3cb-005056011aef,2015-08-28 10:43:02 +0100
f7b63382-53fa-4c3d-80d6-da1a6c1c137f,2015-08-19 16:02:58 +0100
375730cc-81d1-4cbc-9359-692c4b635852,2015-08-12 09:27:06 +0100
6eff0d44-088d-4a54-be04-fb614d904d44,2015-08-10 17:16:50 +0100
6e7fdedb-5bf9-44f4-8eb8-23d6df88b497,2015-08-10 16:52:45 +0100
d797b49c-70ca-4c3a-8b9c-f61615f89e56,2015-08-05 11:28:56 +0100
0c0ccb93-d504-4171-8d83-3e7a321a7d5e,2015-08-05 10:55:48 +0100
fba8177e-2a23-41dd-b1dc-de520dc5fa00,2015-08-05 10:55:40 +0100
335a4e2b-de1f-4914-81c0-dfce07a34d0d,2015-08-05 10:55:30 +0100
0cbcd31a-c1dc-4265-93e6-e8e5c533ff27,2015-08-04 14:28:34 +0100
ee439c5e-116a-4dd9-b2bc-c719b9869a62,2015-08-03 13:30:08 +0100
a91b5b78-a337-4e37-bedc-c16489c6a665,2015-07-31 10:49:18 +0100
64ce92f6-aff5-41a3-a7de-fd49a7114b56,2015-07-30 17:11:40 +0100
1f9f0120-68e5-421e-96cf-f0218fa89de8,2015-07-27 14:30:21 +0100
a2349418-68b7-4254-a9a9-60d7df047a00,2015-07-27 14:26:59 +0100
69750086-6f60-44e4-b708-3326293768b3,2015-07-27 14:26:51 +0100
991a62a8-8d6e-4552-912c-120cf24959fd,2015-07-27 14:26:38 +0100
3275825b-bcaf-4ede-97d7-eaa6e674175f,2015-07-17 14:26:08 +0100
5f5c0444-7631-11e4-a3cb-005056011aef,2015-07-17 10:43:40 +0100
14e27343-c392-41d9-ab6c-021703ebc1e3,2015-07-15 15:07:36 +0100
7bf2d3b8-e6b6-4ed1-aa47-12bced7ab963,2015-07-08 14:25:47 +0100
c656d98c-0d68-419a-9359-b20180a8ed83,2015-07-07 14:43:05 +0100
5f5c7260-7631-11e4-a3cb-005056011aef,2015-06-30 17:35:48 +0100
1c4aab47-b8f1-467a-826d-173c309af5d3,2015-06-30 11:49:11 +0100
d1209531-e145-4082-bda8-24567ee74ef4,2015-06-29 15:27:17 +0100
963015b5-1abd-4fbc-9dfc-392aa44f2f42,2015-06-25 07:54:55 +0100
5f5a4d72-7631-11e4-a3cb-005056011aef,2015-06-24 16:26:18 +0100
7d690e8b-0d62-4df3-af56-2a6ecf04ea49,2015-06-22 11:44:13 +0100
96118592-1ada-4315-b4ea-ae818e388f43,2015-06-08 14:09:35 +0100
2d66fea3-96eb-4685-8f2a-aaffbf552c25,2015-06-08 11:54:51 +0100
07719337-c6dd-4d44-b8ab-336021969720,2015-06-05 14:30:49 +0100
c4d902dc-54a2-42b7-8bd2-2555c755b040,2015-06-05 11:53:30 +0100
d0289c26-83f7-4735-8026-d1d3c43ac5fe,2015-06-05 11:00:43 +0100
866f7352-dd1c-4ac7-b7f8-fe4df0cdb4ed,2015-06-04 12:18:25 +0100
f5978b1e-dd81-4783-9498-38f57eda584e,2015-06-04 11:46:24 +0100
c30be65b-d37d-4272-af87-bd2d7029ca82,2015-06-04 11:03:29 +0100
d1bc1680-8239-4c41-a04d-6d92960dd4b7,2015-06-03 16:36:45 +0100
c2551079-9ae2-4549-b75e-14897ee48bd5,2015-05-29 15:28:50 +0100
61cde211-4013-460c-94fe-6d28646e1269,2015-05-29 13:58:17 +0100
04adf24c-ca72-4b19-a238-768031849907,2015-05-29 12:18:58 +0100
25c19ac2-d3ed-4421-9265-c1e740615c0d,2015-05-29 11:38:16 +0100
74bd10b6-f44a-4ff4-83f4-028029beaa44,2015-05-27 16:03:56 +0100
2f9226c6-d407-4eac-8b00-c1a8f14c8b46,2015-05-27 14:39:08 +0100
0fa5a4ad-dea8-463c-bb7c-ed2253af3f86,2015-05-27 14:11:00 +0100
4c05d504-bca6-4e9d-a407-eecace5eac4e,2015-05-27 12:04:26 +0100
e94261c9-28ce-4344-9cff-1494b0fdc3bb,2015-05-27 11:44:11 +0100
880ffff7-f1b9-4e1e-a52b-ddfcace38d92,2015-05-27 11:22:38 +0100
8cc24948-3fb8-49bd-80ec-69c799bf402f,2015-05-22 17:04:19 +0100
ae70d57a-cbea-4656-bbda-c18653bf0212,2015-05-22 12:27:44 +0100
5f5c72f5-7631-11e4-a3cb-005056011aef,2015-05-19 00:19:35 +0100
5f5b9f1a-7631-11e4-a3cb-005056011aef,2015-05-12 10:06:20 +0100
5f5accae-7631-11e4-a3cb-005056011aef,2015-05-11 17:17:12 +0100
64521f11-a6af-4c2d-a366-76576ad23532,2015-05-08 16:33:56 +0100
206d1690-d606-4272-b8de-a680a25cacf3,2015-05-07 16:24:25 +0100
5f5a24d3-7631-11e4-a3cb-005056011aef,2015-04-22 15:38:14 +0100
5f5ac71a-7631-11e4-a3cb-005056011aef,2015-04-07 10:44:05 +0100
5c24e2b8-c169-4348-b712-8a4d59802728,2015-04-01 10:39:57 +0100
18f5703c-7cac-4d68-a281-befd3c748fe3,2015-03-30 18:40:48 +0100
de79dc17-9a9c-408a-bbc0-bfc10d8ba7e7,2015-03-30 18:34:28 +0100
5f5ad4be-7631-11e4-a3cb-005056011aef,2015-03-26 11:30:09 +0000
dbc5db7b-3cc1-4cde-ba4b-ddcd99d75967,2015-03-23 17:07:30 +0000
5f5ba090-7631-11e4-a3cb-005056011aef,2015-03-20 17:12:59 +0000
c8b51d36-eb62-4cb4-98de-bdce651ac317,2015-03-20 07:38:23 +0000
5f5c746d-7631-11e4-a3cb-005056011aef,2015-03-19 11:34:10 +0000
040e29f5-5874-4acf-89d3-1a31e6ef7da2,2015-03-18 17:11:19 +0000
e99fb3a9-7b89-47a7-9959-1b26963e49b2,2015-03-16 12:07:34 +0000
2aac6062-ad53-45e4-bfb0-b44f2e167a3d,2015-03-09 15:31:11 +0000
1662dad2-28a8-46b8-9483-82ffedd6ba32,2015-03-09 09:13:31 +0000
5f5a1f5e-7631-11e4-a3cb-005056011aef,2015-03-05 16:15:19 +0000
c3eb6e8b-f126-469e-bc44-900f343471d9,2015-02-26 16:12:20 +0000
5f5b7774-7631-11e4-a3cb-005056011aef,2015-02-17 15:05:10 +0000
8709db90-b671-4ee0-873f-dc3b5e2a0ea6,2015-02-16 12:01:20 +0000
5f5bfde5-7631-11e4-a3cb-005056011aef,2015-02-11 05:37:17 +0000
5f5c6f2b-7631-11e4-a3cb-005056011aef,2015-01-15 10:52:58 +0000
5f5c2213-7631-11e4-a3cb-005056011aef,2015-01-14 18:11:47 +0000
fb669cf3-feff-490a-ab4e-5b39f738ee2b,2015-01-13 16:58:44 +0000
1a789d81-d49c-4b8f-bc47-02a1b29c406f,2015-01-13 16:56:50 +0000
06ec0f0b-f070-4a2f-a46b-318883244879,2015-01-13 16:50:12 +0000
b1312495-b750-45ac-b1f9-c857add909dd,2015-01-13 16:49:01 +0000
9fb1271b-5804-44d2-84c7-5293441cfc4e,2015-01-13 14:57:35 +0000
8c0b6bda-9050-42f9-b9cb-b0faea02b615,2014-12-22 01:46:29 +0000
6f6f21ba-673a-4f90-b1d0-dc8255d70761,2014-12-03 11:07:31 +0000
602739b8-7631-11e4-a3cb-005056011aef,2014-12-01 11:21:27 +0000
5f5b9108-7631-11e4-a3cb-005056011aef,2014-11-28 11:48:45 +0000
6055528a-7631-11e4-a3cb-005056011aef,2014-11-25 17:20:07 +0000
5f5abca5-7631-11e4-a3cb-005056011aef,2014-11-25 11:05:10 +0000
60557652-7631-11e4-a3cb-005056011aef,2014-11-24 16:20:20 +0000
6053d570-7631-11e4-a3cb-005056011aef,2014-11-24 11:30:13 +0000
605444ca-7631-11e4-a3cb-005056011aef,2014-11-20 15:17:37 +0000
602e734a-7631-11e4-a3cb-005056011aef,2014-11-13 07:42:19 +0000
5fefb6c1-7631-11e4-a3cb-005056011aef,2014-11-10 11:18:52 +0000
602bd0d7-7631-11e4-a3cb-005056011aef,2014-11-05 15:42:40 +0000
5f9c2a71-7631-11e4-a3cb-005056011aef,2014-10-22 12:50:05 +0100
5f5c01b0-7631-11e4-a3cb-005056011aef,2014-10-22 07:49:29 +0100
6021d102-7631-11e4-a3cb-005056011aef,2014-10-08 16:16:08 +0100
5f5a1952-7631-11e4-a3cb-005056011aef,2014-10-06 10:01:34 +0100
601f7d73-7631-11e4-a3cb-005056011aef,2014-10-03 16:20:00 +0100
601f4a4a-7631-11e4-a3cb-005056011aef,2014-09-30 11:11:06 +0100
601c736f-7631-11e4-a3cb-005056011aef,2014-09-24 12:05:01 +0100
601c77f6-7631-11e4-a3cb-005056011aef,2014-09-24 12:04:18 +0100
5f5c23cf-7631-11e4-a3cb-005056011aef,2014-09-24 11:22:37 +0100
601b6c09-7631-11e4-a3cb-005056011aef,2014-09-19 12:36:42 +0100
5f5bfa0f-7631-11e4-a3cb-005056011aef,2014-09-18 15:52:43 +0100
5ff03063-7631-11e4-a3cb-005056011aef,2014-09-10 17:20:56 +0100
5f5aba13-7631-11e4-a3cb-005056011aef,2014-09-03 00:15:46 +0100
5f5a4bb0-7631-11e4-a3cb-005056011aef,2014-08-21 11:55:56 +0100
5fe7b32a-7631-11e4-a3cb-005056011aef,2014-08-15 16:20:14 +0100
5f5b95f0-7631-11e4-a3cb-005056011aef,2014-08-14 16:45:03 +0100
5fe6aa85-7631-11e4-a3cb-005056011aef,2014-08-14 15:36:37 +0100
5f5c1d75-7631-11e4-a3cb-005056011aef,2014-08-09 09:57:46 +0100
5fe4a826-7631-11e4-a3cb-005056011aef,2014-08-06 14:10:18 +0100
5fe4916b-7631-11e4-a3cb-005056011aef,2014-08-06 12:15:41 +0100
5fe3ff53-7631-11e4-a3cb-005056011aef,2014-08-06 10:56:08 +0100
5fe3b271-7631-11e4-a3cb-005056011aef,2014-08-05 11:21:48 +0100
5f5a6486-7631-11e4-a3cb-005056011aef,2014-08-04 14:20:15 +0100
5f5aa732-7631-11e4-a3cb-005056011aef,2014-07-31 09:30:52 +0100
5fe21b26-7631-11e4-a3cb-005056011aef,2014-07-30 16:01:58 +0100
5fe21a7f-7631-11e4-a3cb-005056011aef,2014-07-30 15:55:45 +0100
5fe1805b-7631-11e4-a3cb-005056011aef,2014-07-29 15:13:21 +0100
5fe17e9b-7631-11e4-a3cb-005056011aef,2014-07-29 15:05:14 +0100
5f5ac035-7631-11e4-a3cb-005056011aef,2014-07-24 10:59:04 +0100
5f67f434-7631-11e4-a3cb-005056011aef,2014-07-09 15:56:38 +0100
5f5a5df5-7631-11e4-a3cb-005056011aef,2014-07-09 13:53:37 +0100
5f9c895a-7631-11e4-a3cb-005056011aef,2014-07-07 11:23:32 +0100
5f5a1b1f-7631-11e4-a3cb-005056011aef,2014-07-04 16:42:22 +0100
5f9dc8aa-7631-11e4-a3cb-005056011aef,2014-07-01 16:27:22 +0100
5f6659b2-7631-11e4-a3cb-005056011aef,2014-07-01 10:09:45 +0100
5f5aa5ba-7631-11e4-a3cb-005056011aef,2014-06-30 14:27:46 +0100
5f5c0c68-7631-11e4-a3cb-005056011aef,2014-06-26 12:13:05 +0100
5f5bffed-7631-11e4-a3cb-005056011aef,2014-06-26 11:21:25 +0100
5f5c0d8b-7631-11e4-a3cb-005056011aef,2014-06-26 09:28:52 +0100
5f5c02d5-7631-11e4-a3cb-005056011aef,2014-06-26 08:14:51 +0100
5f5c39e6-7631-11e4-a3cb-005056011aef,2014-06-26 06:52:32 +0100
5f5c2339-7631-11e4-a3cb-005056011aef,2014-06-26 06:50:22 +0100
5f5c04d7-7631-11e4-a3cb-005056011aef,2014-06-25 13:30:20 +0100
5f5ba9a3-7631-11e4-a3cb-005056011aef,2014-06-23 14:56:09 +0100
5f5c217e-7631-11e4-a3cb-005056011aef,2014-06-20 16:04:21 +0100
5f5bf45f-7631-11e4-a3cb-005056011aef,2014-06-20 12:24:34 +0100
5f5bfd4f-7631-11e4-a3cb-005056011aef,2014-06-20 09:22:20 +0100
5f5c3dac-7631-11e4-a3cb-005056011aef,2014-06-20 08:22:39 +0100
5f5ba327-7631-11e4-a3cb-005056011aef,2014-06-19 22:17:41 +0100
5f5c3ab2-7631-11e4-a3cb-005056011aef,2014-06-19 16:08:04 +0100
5f5ba03e-7631-11e4-a3cb-005056011aef,2014-06-19 16:01:11 +0100
5f5c21c8-7631-11e4-a3cb-005056011aef,2014-06-19 15:58:28 +0100
5f5ba703-7631-11e4-a3cb-005056011aef,2014-06-19 15:22:30 +0100
5f5bfcb6-7631-11e4-a3cb-005056011aef,2014-06-19 14:49:17 +0100
5f5c05b6-7631-11e4-a3cb-005056011aef,2014-06-19 14:22:00 +0100
5f658569-7631-11e4-a3cb-005056011aef,2014-06-19 13:05:50 +0100
5f5c01fa-7631-11e4-a3cb-005056011aef,2014-06-19 13:05:03 +0100
5f5bfbd5-7631-11e4-a3cb-005056011aef,2014-06-19 10:49:35 +0100
5f5be759-7631-11e4-a3cb-005056011aef,2014-06-19 09:53:37 +0100
5f5c22f0-7631-11e4-a3cb-005056011aef,2014-06-19 09:24:26 +0100
5f5c6192-7631-11e4-a3cb-005056011aef,2014-06-19 09:02:29 +0100
5f5c22a4-7631-11e4-a3cb-005056011aef,2014-06-19 05:39:13 +0100
5f5c2b0a-7631-11e4-a3cb-005056011aef,2014-06-19 01:51:48 +0100
5f5b9ecf-7631-11e4-a3cb-005056011aef,2014-06-18 19:05:11 +0100
5f5ba2df-7631-11e4-a3cb-005056011aef,2014-06-18 18:27:46 +0100
5f5bfec4-7631-11e4-a3cb-005056011aef,2014-06-18 17:29:14 +0100
5f5c24ac-7631-11e4-a3cb-005056011aef,2014-06-18 17:02:42 +0100
5f5badcb-7631-11e4-a3cb-005056011aef,2014-06-18 16:14:21 +0100
5f5ba9fb-7631-11e4-a3cb-005056011aef,2014-06-18 15:08:58 +0100
5f6459f4-7631-11e4-a3cb-005056011aef,2014-06-16 16:54:26 +0100
5f642a6b-7631-11e4-a3cb-005056011aef,2014-06-16 12:38:56 +0100
5f5bf58d-7631-11e4-a3cb-005056011aef,2014-06-16 12:33:33 +0100
5f5c2fc6-7631-11e4-a3cb-005056011aef,2014-06-12 11:16:38 +0100
5f5c42db-7631-11e4-a3cb-005056011aef,2014-06-12 09:28:50 +0100
5f5c5c9c-7631-11e4-a3cb-005056011aef,2014-06-11 14:07:07 +0100
5f5bf8e3-7631-11e4-a3cb-005056011aef,2014-06-11 10:23:55 +0100
5f5c03fa-7631-11e4-a3cb-005056011aef,2014-06-11 10:14:04 +0100
5f5c0c1f-7631-11e4-a3cb-005056011aef,2014-06-11 07:56:21 +0100
5f5bf416-7631-11e4-a3cb-005056011aef,2014-06-06 11:14:35 +0100
5f5bf92f-7631-11e4-a3cb-005056011aef,2014-06-06 11:00:53 +0100
5f5c6b14-7631-11e4-a3cb-005056011aef,2014-06-05 15:26:10 +0100
5f5ba444-7631-11e4-a3cb-005056011aef,2014-06-05 14:48:21 +0100
5f5ba7fe-7631-11e4-a3cb-005056011aef,2014-06-05 14:20:57 +0100
5f5bf87e-7631-11e4-a3cb-005056011aef,2014-06-02 14:32:20 +0100
5f5eb160-7631-11e4-a3cb-005056011aef,2014-05-30 15:07:14 +0100
5f5a5f73-7631-11e4-a3cb-005056011aef,2014-05-29 16:11:18 +0100
5f5ad38f-7631-11e4-a3cb-005056011aef,2014-05-29 10:13:02 +0100
5f5d9bf2-7631-11e4-a3cb-005056011aef,2014-05-27 17:05:29 +0100
5f5d82a1-7631-11e4-a3cb-005056011aef,2014-05-27 14:38:50 +0100
5f5bf78f-7631-11e4-a3cb-005056011aef,2014-05-22 14:49:50 +0100
5f5a1ad5-7631-11e4-a3cb-005056011aef,2014-05-21 15:19:23 +0100
5f5b9fab-7631-11e4-a3cb-005056011aef,2014-05-21 12:10:08 +0100
5f5b18db-7631-11e4-a3cb-005056011aef,2014-05-21 10:44:55 +0100
5f5a6f15-7631-11e4-a3cb-005056011aef,2014-05-20 20:54:59 +0100
5f5c0083-7631-11e4-a3cb-005056011aef,2014-05-20 14:12:58 +0100
5f5bfc6b-7631-11e4-a3cb-005056011aef,2014-05-20 13:43:19 +0100
5f5a715a-7631-11e4-a3cb-005056011aef,2014-05-20 10:41:03 +0100
5f5a52f0-7631-11e4-a3cb-005056011aef,2014-05-19 20:57:06 +0100
5f5b8e2e-7631-11e4-a3cb-005056011aef,2014-05-19 20:52:40 +0100
5f5a78bf-7631-11e4-a3cb-005056011aef,2014-05-19 16:56:28 +0100
5f5a3ac8-7631-11e4-a3cb-005056011aef,2014-05-19 10:46:31 +0100
5f5b971a-7631-11e4-a3cb-005056011aef,2014-05-16 16:47:41 +0100
5f5c1d2c-7631-11e4-a3cb-005056011aef,2014-05-16 10:37:46 +0100
5f5a2166-7631-11e4-a3cb-005056011aef,2014-05-15 15:24:41 +0100
5f5ad7f7-7631-11e4-a3cb-005056011aef,2014-05-15 14:42:00 +0100
5f5c3e9b-7631-11e4-a3cb-005056011aef,2014-05-15 11:32:40 +0100
5f5b9b9e-7631-11e4-a3cb-005056011aef,2014-05-14 17:42:02 +0100
5f5a8582-7631-11e4-a3cb-005056011aef,2014-05-14 13:48:45 +0100
5f5ad2af-7631-11e4-a3cb-005056011aef,2014-05-14 12:44:42 +0100
5f5c0ae9-7631-11e4-a3cb-005056011aef,2014-05-14 12:22:02 +0100
5f5b9c31-7631-11e4-a3cb-005056011aef,2014-05-13 11:11:30 +0100
5f5b9be7-7631-11e4-a3cb-005056011aef,2014-05-13 11:08:04 +0100
5f5c39a0-7631-11e4-a3cb-005056011aef,2014-05-13 10:30:51 +0100
5f5a3b46-7631-11e4-a3cb-005056011aef,2014-05-12 21:25:59 +0100
5f5a36a3-7631-11e4-a3cb-005056011aef,2014-05-12 21:22:49 +0100
5f5c1a4c-7631-11e4-a3cb-005056011aef,2014-05-12 20:28:36 +0100
5f5c1a04-7631-11e4-a3cb-005056011aef,2014-05-12 20:22:54 +0100
5f5c19ba-7631-11e4-a3cb-005056011aef,2014-05-12 20:20:46 +0100
5f5c1a97-7631-11e4-a3cb-005056011aef,2014-05-12 20:19:33 +0100
5f5c1970-7631-11e4-a3cb-005056011aef,2014-05-12 20:18:23 +0100
5f5c18db-7631-11e4-a3cb-005056011aef,2014-05-12 20:10:27 +0100
5f5c188e-7631-11e4-a3cb-005056011aef,2014-05-12 20:10:08 +0100
5f5c1842-7631-11e4-a3cb-005056011aef,2014-05-12 20:07:21 +0100
5f5c14a4-7631-11e4-a3cb-005056011aef,2014-05-12 19:56:12 +0100
5f5c2d72-7631-11e4-a3cb-005056011aef,2014-05-12 16:00:53 +0100
5f5bfb8c-7631-11e4-a3cb-005056011aef,2014-05-12 15:24:07 +0100
5f5a3589-7631-11e4-a3cb-005056011aef,2014-05-12 13:17:43 +0100
5f5b252e-7631-11e4-a3cb-005056011aef,2014-05-12 13:09:53 +0100
5f5a2119-7631-11e4-a3cb-005056011aef,2014-05-12 10:39:58 +0100
5f5c00cd-7631-11e4-a3cb-005056011aef,2014-05-09 12:11:34 +0100
5f5a264e-7631-11e4-a3cb-005056011aef,2014-05-08 13:31:46 +0100
5f5a60be-7631-11e4-a3cb-005056011aef,2014-05-07 13:49:33 +0100
5f5b930b-7631-11e4-a3cb-005056011aef,2014-05-06 08:32:53 +0100
5f5c064c-7631-11e4-a3cb-005056011aef,2014-05-06 07:47:53 +0100
5f5c2385-7631-11e4-a3cb-005056011aef,2014-05-06 03:34:07 +0100
5f5c0778-7631-11e4-a3cb-005056011aef,2014-05-05 12:21:34 +0100
5f5ad00a-7631-11e4-a3cb-005056011aef,2014-05-02 11:48:30 +0100
5f5c6350-7631-11e4-a3cb-005056011aef,2014-05-02 11:01:59 +0100
5f5a2488-7631-11e4-a3cb-005056011aef,2014-05-02 08:43:32 +0100
5f5c2bed-7631-11e4-a3cb-005056011aef,2014-05-02 06:14:38 +0100
5f5b919e-7631-11e4-a3cb-005056011aef,2014-05-01 15:57:09 +0100
5f5a85d7-7631-11e4-a3cb-005056011aef,2014-05-01 15:52:45 +0100
5f5b91e9-7631-11e4-a3cb-005056011aef,2014-05-01 14:24:52 +0100
5f5b947b-7631-11e4-a3cb-005056011aef,2014-05-01 14:21:51 +0100
5f5b96d0-7631-11e4-a3cb-005056011aef,2014-05-01 14:17:39 +0100
5f5b9510-7631-11e4-a3cb-005056011aef,2014-05-01 14:12:13 +0100
5f5b94c5-7631-11e4-a3cb-005056011aef,2014-05-01 14:11:02 +0100
5f5b963a-7631-11e4-a3cb-005056011aef,2014-05-01 14:09:28 +0100
5f5b939e-7631-11e4-a3cb-005056011aef,2014-05-01 13:51:32 +0100
5f5b9430-7631-11e4-a3cb-005056011aef,2014-05-01 13:50:53 +0100
5f5b955a-7631-11e4-a3cb-005056011aef,2014-05-01 13:49:21 +0100
5f5c031d-7631-11e4-a3cb-005056011aef,2014-05-01 13:38:51 +0100
5f5b95a5-7631-11e4-a3cb-005056011aef,2014-05-01 13:08:28 +0100
5f5b93e7-7631-11e4-a3cb-005056011aef,2014-05-01 12:51:18 +0100
5f5b92c3-7631-11e4-a3cb-005056011aef,2014-05-01 12:49:57 +0100
5f5b9764-7631-11e4-a3cb-005056011aef,2014-05-01 12:42:41 +0100
5f5b9ac2-7631-11e4-a3cb-005056011aef,2014-05-01 12:42:12 +0100
5f5b9353-7631-11e4-a3cb-005056011aef,2014-05-01 12:40:41 +0100
5f5b99e1-7631-11e4-a3cb-005056011aef,2014-05-01 12:38:49 +0100
5f5ace03-7631-11e4-a3cb-005056011aef,2014-04-30 12:11:14 +0100
5f5be002-7631-11e4-a3cb-005056011aef,2014-04-30 09:46:04 +0100
5f5a3722-7631-11e4-a3cb-005056011aef,2014-04-29 19:43:11 +0100
5f5a509d-7631-11e4-a3cb-005056011aef,2014-04-29 14:49:00 +0100
5f5a2607-7631-11e4-a3cb-005056011aef,2014-04-29 13:30:35 +0100
5f5c1593-7631-11e4-a3cb-005056011aef,2014-04-29 12:27:59 +0100
5f5c07c4-7631-11e4-a3cb-005056011aef,2014-04-29 08:09:14 +0100
5f5a47e2-7631-11e4-a3cb-005056011aef,2014-04-25 18:27:22 +0100
5f5b9a27-7631-11e4-a3cb-005056011aef,2014-04-25 13:24:52 +0100
5f5c2055-7631-11e4-a3cb-005056011aef,2014-04-24 16:52:24 +0100
5f5c0e79-7631-11e4-a3cb-005056011aef,2014-04-24 16:52:05 +0100
5f5c5e58-7631-11e4-a3cb-005056011aef,2014-04-24 16:51:07 +0100
5f5c601f-7631-11e4-a3cb-005056011aef,2014-04-24 16:50:48 +0100
5f5c56d2-7631-11e4-a3cb-005056011aef,2014-04-24 16:50:29 +0100
5f5c5d91-7631-11e4-a3cb-005056011aef,2014-04-24 16:50:05 +0100
5f5c1c07-7631-11e4-a3cb-005056011aef,2014-04-24 16:49:12 +0100
5f5c2cd9-7631-11e4-a3cb-005056011aef,2014-04-24 16:48:53 +0100
5f5c1f79-7631-11e4-a3cb-005056011aef,2014-04-24 16:48:32 +0100
5f5c5f8b-7631-11e4-a3cb-005056011aef,2014-04-24 16:48:07 +0100
5f5c1e0a-7631-11e4-a3cb-005056011aef,2014-04-24 16:47:45 +0100
5f5c2e51-7631-11e4-a3cb-005056011aef,2014-04-24 16:46:10 +0100
5f5c1c99-7631-11e4-a3cb-005056011aef,2014-04-24 16:44:56 +0100
5f5c25df-7631-11e4-a3cb-005056011aef,2014-04-24 16:44:23 +0100
5f5c0cb4-7631-11e4-a3cb-005056011aef,2014-04-24 16:44:02 +0100
5f5c4454-7631-11e4-a3cb-005056011aef,2014-04-24 16:42:58 +0100
5f5c2591-7631-11e4-a3cb-005056011aef,2014-04-24 16:42:25 +0100
5f5c20e9-7631-11e4-a3cb-005056011aef,2014-04-24 16:41:01 +0100
5f5c5f41-7631-11e4-a3cb-005056011aef,2014-04-24 16:38:15 +0100
5f5c1ae0-7631-11e4-a3cb-005056011aef,2014-04-24 16:31:44 +0100
5f5c5ef1-7631-11e4-a3cb-005056011aef,2014-04-24 16:27:25 +0100
5f5c27a1-7631-11e4-a3cb-005056011aef,2014-04-24 16:26:45 +0100
5f5c1757-7631-11e4-a3cb-005056011aef,2014-04-24 16:26:23 +0100
5f5c1635-7631-11e4-a3cb-005056011aef,2014-04-24 16:25:19 +0100
5f5c1338-7631-11e4-a3cb-005056011aef,2014-04-24 16:24:56 +0100
5f5c1519-7631-11e4-a3cb-005056011aef,2014-04-24 16:24:21 +0100
5f5c142b-7631-11e4-a3cb-005056011aef,2014-04-24 16:23:41 +0100
5f5c13af-7631-11e4-a3cb-005056011aef,2014-04-24 16:23:00 +0100
5f5c200c-7631-11e4-a3cb-005056011aef,2014-04-24 16:08:49 +0100
5f5c5ea8-7631-11e4-a3cb-005056011aef,2014-04-24 16:07:18 +0100
5f5c5751-7631-11e4-a3cb-005056011aef,2014-04-24 16:06:04 +0100
5f5c26c3-7631-11e4-a3cb-005056011aef,2014-04-24 16:05:27 +0100
5f5c5e0a-7631-11e4-a3cb-005056011aef,2014-04-24 16:04:13 +0100
5f5c5d16-7631-11e4-a3cb-005056011aef,2014-04-24 16:03:26 +0100
5f5c686d-7631-11e4-a3cb-005056011aef,2014-04-24 16:03:00 +0100
5f5c5c21-7631-11e4-a3cb-005056011aef,2014-04-24 16:01:36 +0100
5f5c1ce3-7631-11e4-a3cb-005056011aef,2014-04-24 15:59:52 +0100
5f5c262b-7631-11e4-a3cb-005056011aef,2014-04-24 15:57:08 +0100
5f5c47a5-7631-11e4-a3cb-005056011aef,2014-04-24 15:56:10 +0100
5f5c2c8b-7631-11e4-a3cb-005056011aef,2014-04-24 15:53:46 +0100
5f5c58c7-7631-11e4-a3cb-005056011aef,2014-04-24 15:52:16 +0100
5f5c5ba7-7631-11e4-a3cb-005056011aef,2014-04-24 15:51:06 +0100
5f5c584b-7631-11e4-a3cb-005056011aef,2014-04-24 15:50:22 +0100
5f5c2132-7631-11e4-a3cb-005056011aef,2014-04-24 15:49:20 +0100
5f5c300e-7631-11e4-a3cb-005056011aef,2014-04-24 15:46:20 +0100
5f5ba251-7631-11e4-a3cb-005056011aef,2014-04-24 15:20:40 +0100
5f5c0520-7631-11e4-a3cb-005056011aef,2014-04-24 14:28:58 +0100
5f5c5046-7631-11e4-a3cb-005056011aef,2014-04-24 14:24:44 +0100
5f5be087-7631-11e4-a3cb-005056011aef,2014-04-24 08:56:27 +0100
5f5a1b69-7631-11e4-a3cb-005056011aef,2014-04-23 11:59:45 +0100
5f5ac8db-7631-11e4-a3cb-005056011aef,2014-04-23 11:22:28 +0100
5f5bff0c-7631-11e4-a3cb-005056011aef,2014-04-23 11:03:42 +0100
5f5ac9c3-7631-11e4-a3cb-005056011aef,2014-04-23 11:03:31 +0100
5f5a21b2-7631-11e4-a3cb-005056011aef,2014-04-23 10:37:50 +0100
5f5ad137-7631-11e4-a3cb-005056011aef,2014-04-23 09:24:00 +0100
5f5c048f-7631-11e4-a3cb-005056011aef,2014-04-22 11:32:39 +0100
5f5bf6b6-7631-11e4-a3cb-005056011aef,2014-04-22 10:18:53 +0100
5f5acbcd-7631-11e4-a3cb-005056011aef,2014-04-17 14:47:12 +0100
5f5c028c-7631-11e4-a3cb-005056011aef,2014-04-17 14:17:49 +0100
5f5baa46-7631-11e4-a3cb-005056011aef,2014-04-17 09:32:46 +0100
5f5c60fd-7631-11e4-a3cb-005056011aef,2014-04-17 09:09:40 +0100
5f5ad181-7631-11e4-a3cb-005056011aef,2014-04-16 18:43:30 +0100
5f5a768d-7631-11e4-a3cb-005056011aef,2014-04-16 18:39:35 +0100
5f5a7f57-7631-11e4-a3cb-005056011aef,2014-04-16 18:36:27 +0100
5f5a5fc1-7631-11e4-a3cb-005056011aef,2014-04-16 15:52:06 +0100
5f5a707f-7631-11e4-a3cb-005056011aef,2014-04-16 11:34:44 +0100
5f5a17e5-7631-11e4-a3cb-005056011aef,2014-04-16 10:33:17 +0100
5f5a6c35-7631-11e4-a3cb-005056011aef,2014-04-15 10:13:12 +0100
5f5a6a10-7631-11e4-a3cb-005056011aef,2014-04-14 13:04:57 +0100
5f5be9e5-7631-11e4-a3cb-005056011aef,2014-04-14 10:29:56 +0100
5f5be313-7631-11e4-a3cb-005056011aef,2014-04-11 14:29:45 +0100
5f5be2a6-7631-11e4-a3cb-005056011aef,2014-04-11 11:00:04 +0100
5f5c0366-7631-11e4-a3cb-005056011aef,2014-04-11 09:58:21 +0100
5f5c639b-7631-11e4-a3cb-005056011aef,2014-04-11 07:42:42 +0100
5f5a2c80-7631-11e4-a3cb-005056011aef,2014-04-10 18:22:51 +0100
5f5a472f-7631-11e4-a3cb-005056011aef,2014-04-10 15:43:20 +0100
5f5a185d-7631-11e4-a3cb-005056011aef,2014-04-10 15:11:40 +0100
5f5abd3a-7631-11e4-a3cb-005056011aef,2014-04-09 14:39:44 +0100
5f5bf4f9-7631-11e4-a3cb-005056011aef,2014-04-08 16:03:46 +0100
5f5bfd9b-7631-11e4-a3cb-005056011aef,2014-04-08 14:41:54 +0100
5f5c0695-7631-11e4-a3cb-005056011aef,2014-04-08 13:10:37 +0100
5f5c27ea-7631-11e4-a3cb-005056011aef,2014-04-08 10:42:03 +0100
5f5b9ff5-7631-11e4-a3cb-005056011aef,2014-04-07 22:29:56 +0100
5f5c7423-7631-11e4-a3cb-005056011aef,2014-04-07 16:32:29 +0100
5f5bee07-7631-11e4-a3cb-005056011aef,2014-04-07 13:19:09 +0100
5f5bffa2-7631-11e4-a3cb-005056011aef,2014-04-07 02:58:37 +0100
5f5c7135-7631-11e4-a3cb-005056011aef,2014-04-04 11:23:00 +0100
5f5c6bfe-7631-11e4-a3cb-005056011aef,2014-04-04 10:55:45 +0100
5f5c6b60-7631-11e4-a3cb-005056011aef,2014-04-04 10:54:42 +0100
5f5c6bab-7631-11e4-a3cb-005056011aef,2014-04-04 10:53:53 +0100
5f5c2ba2-7631-11e4-a3cb-005056011aef,2014-04-04 09:30:32 +0100
5f5c6305-7631-11e4-a3cb-005056011aef,2014-04-04 08:02:49 +0100
5f5ba3b8-7631-11e4-a3cb-005056011aef,2014-04-03 12:57:04 +0100
5f5a19c8-7631-11e4-a3cb-005056011aef,2014-04-02 14:11:35 +0100
5f5bfc21-7631-11e4-a3cb-005056011aef,2014-04-02 13:02:58 +0100
5f5a8825-7631-11e4-a3cb-005056011aef,2014-04-02 11:47:15 +0100
5f5a207f-7631-11e4-a3cb-005056011aef,2014-04-01 15:19:36 +0100
5f5a8458-7631-11e4-a3cb-005056011aef,2014-04-01 14:05:02 +0100
5f5a84ed-7631-11e4-a3cb-005056011aef,2014-03-31 20:18:55 +0100
5f5a8537-7631-11e4-a3cb-005056011aef,2014-03-31 20:15:47 +0100
5f5c011a-7631-11e4-a3cb-005056011aef,2014-03-31 13:31:52 +0100
5f5ad75e-7631-11e4-a3cb-005056011aef,2014-03-28 11:51:41 +0000
5f5ad471-7631-11e4-a3cb-005056011aef,2014-03-28 11:31:10 +0000
5f5ac59f-7631-11e4-a3cb-005056011aef,2014-03-28 09:06:55 +0000
5f5a320c-7631-11e4-a3cb-005056011aef,2014-03-27 18:48:07 +0000
5f5ac524-7631-11e4-a3cb-005056011aef,2014-03-27 17:48:58 +0000
5f5b9154-7631-11e4-a3cb-005056011aef,2014-03-27 10:23:36 +0000
5f5a6c7f-7631-11e4-a3cb-005056011aef,2014-03-26 10:41:50 +0000
5f5c305a-7631-11e4-a3cb-005056011aef,2014-03-25 14:24:31 +0000
5f5a18d7-7631-11e4-a3cb-005056011aef,2014-03-25 10:47:10 +0000
5f5c69e7-7631-11e4-a3cb-005056011aef,2014-03-25 10:27:02 +0000
5f5a1a3f-7631-11e4-a3cb-005056011aef,2014-03-21 16:12:27 +0000
5f5a1cfe-7631-11e4-a3cb-005056011aef,2014-03-20 13:51:15 +0000
5f5b9077-7631-11e4-a3cb-005056011aef,2014-03-19 16:50:03 +0000
5f5ba0dc-7631-11e4-a3cb-005056011aef,2014-03-19 14:12:28 +0000
5f5c3a6e-7631-11e4-a3cb-005056011aef,2014-03-18 17:57:03 +0000
5f5a1d52-7631-11e4-a3cb-005056011aef,2014-03-17 11:15:42 +0000
5f5bfb3e-7631-11e4-a3cb-005056011aef,2014-03-17 08:35:47 +0000
5f5aaf16-7631-11e4-a3cb-005056011aef,2014-03-13 16:26:11 +0000
5f5bfe7b-7631-11e4-a3cb-005056011aef,2014-03-13 07:09:26 +0000
5f5b9e3c-7631-11e4-a3cb-005056011aef,2014-03-12 19:27:01 +0000
5f5be7cd-7631-11e4-a3cb-005056011aef,2014-03-12 09:45:42 +0000
5f5c3905-7631-11e4-a3cb-005056011aef,2014-03-12 09:19:26 +0000
5f5ac22a-7631-11e4-a3cb-005056011aef,2014-03-12 08:50:45 +0000
5f5acaea-7631-11e4-a3cb-005056011aef,2014-03-11 15:51:07 +0000
5f5c0bd4-7631-11e4-a3cb-005056011aef,2014-03-11 14:35:59 +0000
5f5c0b87-7631-11e4-a3cb-005056011aef,2014-03-11 10:53:10 +0000
5f5a49a7-7631-11e4-a3cb-005056011aef,2014-03-10 18:19:57 +0000
5f5a4a3a-7631-11e4-a3cb-005056011aef,2014-03-10 18:18:32 +0000
5f5b90be-7631-11e4-a3cb-005056011aef,2014-03-10 10:16:14 +0000
5f5a16f8-7631-11e4-a3cb-005056011aef,2014-03-06 14:52:39 +0000
5f5a9e4a-7631-11e4-a3cb-005056011aef,2014-03-06 10:17:08 +0000
5f5bf748-7631-11e4-a3cb-005056011aef,2014-03-06 10:12:52 +0000
5f5a8037-7631-11e4-a3cb-005056011aef,2014-03-05 10:45:08 +0000
5f5ab0d0-7631-11e4-a3cb-005056011aef,2014-03-04 09:54:09 +0000
5f5bf621-7631-11e4-a3cb-005056011aef,2014-02-27 14:52:39 +0000
5f5bfe2f-7631-11e4-a3cb-005056011aef,2014-02-26 19:34:04 +0000
5f5ba200-7631-11e4-a3cb-005056011aef,2014-02-26 16:27:04 +0000
5f5c6fc1-7631-11e4-a3cb-005056011aef,2014-02-26 16:25:18 +0000
5f5c71cb-7631-11e4-a3cb-005056011aef,2014-02-26 16:22:03 +0000
5f5c700c-7631-11e4-a3cb-005056011aef,2014-02-26 16:19:28 +0000
5f5a7314-7631-11e4-a3cb-005056011aef,2014-02-26 11:07:28 +0000
5f5a1a8c-7631-11e4-a3cb-005056011aef,2014-02-26 10:13:30 +0000
5f5a81b0-7631-11e4-a3cb-005056011aef,2014-02-26 10:00:48 +0000
5f5c080e-7631-11e4-a3cb-005056011aef,2014-02-26 07:11:54 +0000
5f5ad7a8-7631-11e4-a3cb-005056011aef,2014-02-25 15:32:52 +0000
5f5c6821-7631-11e4-a3cb-005056011aef,2014-02-25 10:49:56 +0000
5f5c67d5-7631-11e4-a3cb-005056011aef,2014-02-25 10:46:47 +0000
5f5c678b-7631-11e4-a3cb-005056011aef,2014-02-25 10:44:39 +0000
5f5c673e-7631-11e4-a3cb-005056011aef,2014-02-25 10:43:02 +0000
5f5c66f0-7631-11e4-a3cb-005056011aef,2014-02-25 10:42:04 +0000
5f5acf77-7631-11e4-a3cb-005056011aef,2014-02-25 09:45:33 +0000
5f5aa983-7631-11e4-a3cb-005056011aef,2014-02-24 15:28:55 +0000
5f5abc4f-7631-11e4-a3cb-005056011aef,2014-02-24 10:17:03 +0000
5f5ab9c7-7631-11e4-a3cb-005056011aef,2014-02-24 10:15:28 +0000
5f5c056b-7631-11e4-a3cb-005056011aef,2014-02-21 10:38:19 +0000
5f5ba6bf-7631-11e4-a3cb-005056011aef,2014-02-17 10:45:14 +0000
5f5c0b40-7631-11e4-a3cb-005056011aef,2014-02-17 09:24:44 +0000
5f5b9da8-7631-11e4-a3cb-005056011aef,2014-02-14 15:14:49 +0000
5f5bf9c5-7631-11e4-a3cb-005056011aef,2014-02-14 14:34:26 +0000
5f5b8ec1-7631-11e4-a3cb-005056011aef,2014-02-14 11:53:34 +0000
5f5c1b72-7631-11e4-a3cb-005056011aef,2014-02-14 10:40:43 +0000
5f5c73d6-7631-11e4-a3cb-005056011aef,2014-02-14 09:44:12 +0000
5f5a21fa-7631-11e4-a3cb-005056011aef,2014-02-14 08:34:51 +0000
5f5a176e-7631-11e4-a3cb-005056011aef,2014-02-13 11:51:00 +0000
5f5aa604-7631-11e4-a3cb-005056011aef,2014-02-11 11:50:51 +0000
5f5b8e78-7631-11e4-a3cb-005056011aef,2014-02-10 15:57:51 +0000
5f5c61dc-7631-11e4-a3cb-005056011aef,2014-02-06 01:45:48 +0000
5f5ac0cb-7631-11e4-a3cb-005056011aef,2014-02-05 10:25:54 +0000
5f5c74ba-7631-11e4-a3cb-005056011aef,2014-02-04 10:42:23 +0000
5f5c395a-7631-11e4-a3cb-005056011aef,2014-02-04 06:21:24 +0000
5f5a1c7a-7631-11e4-a3cb-005056011aef,2014-02-03 15:11:18 +0000
5f5b9f62-7631-11e4-a3cb-005056011aef,2014-02-03 06:11:02 +0000
5f5a1f14-7631-11e4-a3cb-005056011aef,2014-01-31 15:15:43 +0000
5f5ab56a-7631-11e4-a3cb-005056011aef,2014-01-31 11:22:56 +0000
5f5a6da7-7631-11e4-a3cb-005056011aef,2014-01-31 11:18:32 +0000
5f5a6df0-7631-11e4-a3cb-005056011aef,2014-01-31 11:15:05 +0000
5f5bf701-7631-11e4-a3cb-005056011aef,2014-01-31 09:16:17 +0000
5f5acdb8-7631-11e4-a3cb-005056011aef,2014-01-30 18:17:00 +0000
5f5ac2af-7631-11e4-a3cb-005056011aef,2014-01-30 10:34:36 +0000
5f5c2ee8-7631-11e4-a3cb-005056011aef,2014-01-29 17:00:19 +0000
5f5c2c3b-7631-11e4-a3cb-005056011aef,2014-01-28 03:51:58 +0000
5f5b898f-7631-11e4-a3cb-005056011aef,2014-01-27 15:09:30 +0000
5f5b81be-7631-11e4-a3cb-005056011aef,2014-01-27 15:05:46 +0000
5f5b7e8b-7631-11e4-a3cb-005056011aef,2014-01-27 15:02:59 +0000
5f5b74e4-7631-11e4-a3cb-005056011aef,2014-01-27 14:58:22 +0000
5f5b6caa-7631-11e4-a3cb-005056011aef,2014-01-27 14:55:33 +0000
5f5b69d8-7631-11e4-a3cb-005056011aef,2014-01-27 14:52:57 +0000
5f5b1cd4-7631-11e4-a3cb-005056011aef,2014-01-27 14:44:06 +0000
5f5b125d-7631-11e4-a3cb-005056011aef,2014-01-27 14:43:08 +0000
5f5b0fd4-7631-11e4-a3cb-005056011aef,2014-01-27 14:42:50 +0000
5f5b05a9-7631-11e4-a3cb-005056011aef,2014-01-27 14:41:44 +0000
5f5ae43b-7631-11e4-a3cb-005056011aef,2014-01-27 14:37:14 +0000
5f5c6d1f-7631-11e4-a3cb-005056011aef,2014-01-27 11:17:04 +0000
5f5c68b7-7631-11e4-a3cb-005056011aef,2014-01-26 23:35:31 +0000
5f5c0165-7631-11e4-a3cb-005056011aef,2014-01-23 10:44:22 +0000
5f5c072b-7631-11e4-a3cb-005056011aef,2014-01-17 04:39:54 +0000
5f5c0245-7631-11e4-a3cb-005056011aef,2014-01-16 12:48:02 +0000
5f5aafac-7631-11e4-a3cb-005056011aef,2014-01-16 12:19:10 +0000
5f5a20c8-7631-11e4-a3cb-005056011aef,2014-01-16 11:49:44 +0000
5f5a1bdf-7631-11e4-a3cb-005056011aef,2014-01-15 11:43:56 +0000
5f5c15e2-7631-11e4-a3cb-005056011aef,2014-01-15 08:35:44 +0000
5f5a4911-7631-11e4-a3cb-005056011aef,2014-01-14 17:34:41 +0000
5f5a6501-7631-11e4-a3cb-005056011aef,2014-01-14 17:25:06 +0000
5f5ac69a-7631-11e4-a3cb-005056011aef,2014-01-14 17:20:34 +0000
5f5a6983-7631-11e4-a3cb-005056011aef,2014-01-14 17:19:30 +0000
5f5a7485-7631-11e4-a3cb-005056011aef,2014-01-14 17:18:51 +0000
5f5acd19-7631-11e4-a3cb-005056011aef,2014-01-14 17:17:56 +0000
5f5a1ec5-7631-11e4-a3cb-005056011aef,2014-01-10 10:08:54 +0000
5f5a2cd5-7631-11e4-a3cb-005056011aef,2014-01-09 11:24:45 +0000
5f5b9df2-7631-11e4-a3cb-005056011aef,2014-01-08 20:19:47 +0000
5f5a4c93-7631-11e4-a3cb-005056011aef,2014-01-06 13:58:32 +0000
5f5c30a2-7631-11e4-a3cb-005056011aef,2014-01-06 06:47:35 +0000
5f5c0038-7631-11e4-a3cb-005056011aef,2013-12-20 10:14:32 +0000
5f5c2b55-7631-11e4-a3cb-005056011aef,2013-12-19 07:00:52 +0000
5f5c43db-7631-11e4-a3cb-005056011aef,2013-12-18 02:26:44 +0000
5f5c6147-7631-11e4-a3cb-005056011aef,2013-12-17 06:44:14 +0000
5f5ad555-7631-11e4-a3cb-005056011aef,2013-12-13 12:08:43 +0000
5f5a2578-7631-11e4-a3cb-005056011aef,2013-12-12 15:51:37 +0000
5f5a32a7-7631-11e4-a3cb-005056011aef,2013-12-09 22:08:49 +0000
5f5a482e-7631-11e4-a3cb-005056011aef,2013-12-09 22:01:16 +0000
5f5a228c-7631-11e4-a3cb-005056011aef,2013-12-09 21:31:37 +0000
5f5a2d6e-7631-11e4-a3cb-005056011aef,2013-12-09 21:29:22 +0000
5f5acc17-7631-11e4-a3cb-005056011aef,2013-12-09 10:12:22 +0000
5f5be43a-7631-11e4-a3cb-005056011aef,2013-12-06 15:14:56 +0000
5f5c225c-7631-11e4-a3cb-005056011aef,2013-12-05 08:14:16 +0000
5f5bf3ac-7631-11e4-a3cb-005056011aef,2013-11-29 08:01:38 +0000
5f5a3375-7631-11e4-a3cb-005056011aef,2013-11-28 14:14:07 +0000
5f5a4cdc-7631-11e4-a3cb-005056011aef,2013-11-28 10:15:12 +0000
5f5c24f5-7631-11e4-a3cb-005056011aef,2013-11-28 08:15:49 +0000
5f5a6391-7631-11e4-a3cb-005056011aef,2013-11-27 17:12:42 +0000
5f5c699b-7631-11e4-a3cb-005056011aef,2013-11-27 12:34:45 +0000
5f5bf5d6-7631-11e4-a3cb-005056011aef,2013-11-26 12:28:59 +0000
5f5c2462-7631-11e4-a3cb-005056011aef,2013-11-20 13:37:20 +0000
5f5bfaa6-7631-11e4-a3cb-005056011aef,2013-11-20 12:50:32 +0000
5f5c2418-7631-11e4-a3cb-005056011aef,2013-11-17 23:27:13 +0000
5f5c0f59-7631-11e4-a3cb-005056011aef,2013-11-13 14:46:50 +0000
5f5bad43-7631-11e4-a3cb-005056011aef,2013-11-07 11:34:29 +0000
5f5c3570-7631-11e4-a3cb-005056011aef,2013-11-06 12:22:08 +0000
5f5c6224-7631-11e4-a3cb-005056011aef,2013-11-03 09:31:36 +0000
5f5a5b36-7631-11e4-a3cb-005056011aef,2013-11-01 14:55:44 +0000
5f5a88b3-7631-11e4-a3cb-005056011aef,2013-10-31 17:20:21 +0000
5f5a837b-7631-11e4-a3cb-005056011aef,2013-10-31 17:18:09 +0000
5f5c2e08-7631-11e4-a3cb-005056011aef,2013-10-31 10:32:15 +0000
5f5c3ff7-7631-11e4-a3cb-005056011aef,2013-10-31 10:30:51 +0000
5f5c63e5-7631-11e4-a3cb-005056011aef,2013-10-31 10:29:36 +0000
5f5c3f88-7631-11e4-a3cb-005056011aef,2013-10-31 10:27:38 +0000
5f5c3f19-7631-11e4-a3cb-005056011aef,2013-10-31 10:26:46 +0000
5f5c30ed-7631-11e4-a3cb-005056011aef,2013-10-31 10:25:40 +0000
5f5c3270-7631-11e4-a3cb-005056011aef,2013-10-30 12:22:36 +0000
5f5c321c-7631-11e4-a3cb-005056011aef,2013-10-30 12:12:10 +0000
5f5c66a1-7631-11e4-a3cb-005056011aef,2013-10-30 12:05:27 +0000
5f5c31ca-7631-11e4-a3cb-005056011aef,2013-10-30 11:56:59 +0000
5f5c3180-7631-11e4-a3cb-005056011aef,2013-10-30 11:45:02 +0000
5f5c3136-7631-11e4-a3cb-005056011aef,2013-10-30 11:38:40 +0000
5f5c626f-7631-11e4-a3cb-005056011aef,2013-10-30 11:24:06 +0000
5f5bfd03-7631-11e4-a3cb-005056011aef,2013-10-29 15:35:59 +0000
5f5c0d04-7631-11e4-a3cb-005056011aef,2013-10-29 14:02:40 +0000
5f5a870c-7631-11e4-a3cb-005056011aef,2013-10-28 17:49:45 +0000
5f5a5179-7631-11e4-a3cb-005056011aef,2013-10-28 17:28:31 +0000
5f5a4b1c-7631-11e4-a3cb-005056011aef,2013-10-28 17:21:55 +0000
5f5c3654-7631-11e4-a3cb-005056011aef,2013-10-28 09:58:13 +0000
5f5c3606-7631-11e4-a3cb-005056011aef,2013-10-28 09:54:27 +0000
5f5c642e-7631-11e4-a3cb-005056011aef,2013-10-28 09:45:00 +0000
5f5c3517-7631-11e4-a3cb-005056011aef,2013-10-28 09:26:36 +0000
5f5c2dbd-7631-11e4-a3cb-005056011aef,2013-10-25 13:55:30 +0100
5f5c338c-7631-11e4-a3cb-005056011aef,2013-10-25 13:52:49 +0100
5f5c6479-7631-11e4-a3cb-005056011aef,2013-10-25 13:50:46 +0100
5f5c3347-7631-11e4-a3cb-005056011aef,2013-10-25 13:47:20 +0100
5f5c32ff-7631-11e4-a3cb-005056011aef,2013-10-25 13:43:28 +0100
5f5c32b9-7631-11e4-a3cb-005056011aef,2013-10-25 13:39:18 +0100
5f5acc62-7631-11e4-a3cb-005056011aef,2013-10-24 22:00:47 +0100
5f5acaa0-7631-11e4-a3cb-005056011aef,2013-10-16 16:28:13 +0100
5f5a7281-7631-11e4-a3cb-005056011aef,2013-10-16 16:25:28 +0100
5f5ac812-7631-11e4-a3cb-005056011aef,2013-10-03 17:06:20 +0100
5f5a5055-7631-11e4-a3cb-005056011aef,2013-10-02 16:21:14 +0100
5f5c03b1-7631-11e4-a3cb-005056011aef,2013-09-29 16:10:03 +0100
5f5ab97a-7631-11e4-a3cb-005056011aef,2013-09-20 11:20:29 +0100
5f5ad1ca-7631-11e4-a3cb-005056011aef,2013-09-12 10:52:26 +0100
5f5c2757-7631-11e4-a3cb-005056011aef,2013-09-11 14:18:28 +0100
5f5a735c-7631-11e4-a3cb-005056011aef,2013-09-09 14:14:10 +0100
5f5c20a0-7631-11e4-a3cb-005056011aef,2013-09-09 08:02:45 +0100
5f5c3a2a-7631-11e4-a3cb-005056011aef,2013-09-06 12:43:21 +0100
5f5bf97b-7631-11e4-a3cb-005056011aef,2013-09-03 15:15:29 +0100
5f5a1de6-7631-11e4-a3cb-005056011aef,2013-08-23 12:18:36 +0100
5f5aca0d-7631-11e4-a3cb-005056011aef,2013-08-22 11:02:31 +0100
5f5ac979-7631-11e4-a3cb-005056011aef,2013-08-22 11:02:31 +0100
5f5ac798-7631-11e4-a3cb-005056011aef,2013-08-22 11:02:31 +0100
5f5acb81-7631-11e4-a3cb-005056011aef,2013-08-22 11:02:31 +0100
5f5ac4a8-7631-11e4-a3cb-005056011aef,2013-08-22 11:02:31 +0100
5f5ac3ac-7631-11e4-a3cb-005056011aef,2013-08-22 11:02:31 +0100
5f5ab647-7631-11e4-a3cb-005056011aef,2013-08-22 11:02:30 +0100
5f5abdcd-7631-11e4-a3cb-005056011aef,2013-08-22 11:02:30 +0100
5f5abe22-7631-11e4-a3cb-005056011aef,2013-08-22 11:02:30 +0100
5f5ab84d-7631-11e4-a3cb-005056011aef,2013-08-22 11:02:30 +0100
5f5ab285-7631-11e4-a3cb-005056011aef,2013-08-22 11:02:29 +0100
5f5ab03e-7631-11e4-a3cb-005056011aef,2013-08-22 11:02:29 +0100
5f5ab11a-7631-11e4-a3cb-005056011aef,2013-08-22 11:02:29 +0100
5f5ab087-7631-11e4-a3cb-005056011aef,2013-08-22 11:02:29 +0100
5f5aaab2-7631-11e4-a3cb-005056011aef,2013-08-22 11:02:28 +0100
5f5aab4a-7631-11e4-a3cb-005056011aef,2013-08-22 11:02:28 +0100
5f5aad59-7631-11e4-a3cb-005056011aef,2013-08-22 11:02:28 +0100
5f5aa05d-7631-11e4-a3cb-005056011aef,2013-08-22 11:02:27 +0100
5f5a9205-7631-11e4-a3cb-005056011aef,2013-08-22 11:02:27 +0100
5f5a867a-7631-11e4-a3cb-005056011aef,2013-08-22 11:02:26 +0100
5f5a86c4-7631-11e4-a3cb-005056011aef,2013-08-22 11:02:26 +0100
5f5a8b2f-7631-11e4-a3cb-005056011aef,2013-08-22 11:02:26 +0100
5f5a84a2-7631-11e4-a3cb-005056011aef,2013-08-22 11:02:26 +0100
5f5a80ca-7631-11e4-a3cb-005056011aef,2013-08-22 11:02:25 +0100
5f5a7866-7631-11e4-a3cb-005056011aef,2013-08-22 11:02:25 +0100
5f5a7eb9-7631-11e4-a3cb-005056011aef,2013-08-22 11:02:25 +0100
5f5a6fa4-7631-11e4-a3cb-005056011aef,2013-08-22 11:02:24 +0100
5f5a7034-7631-11e4-a3cb-005056011aef,2013-08-22 11:02:24 +0100
5f5a689f-7631-11e4-a3cb-005056011aef,2013-08-22 11:02:23 +0100
5f5a6cca-7631-11e4-a3cb-005056011aef,2013-08-22 11:02:23 +0100
5f5a5ede-7631-11e4-a3cb-005056011aef,2013-08-22 11:02:22 +0100
5f5a5e4a-7631-11e4-a3cb-005056011aef,2013-08-22 11:02:22 +0100
5f5a640e-7631-11e4-a3cb-005056011aef,2013-08-22 11:02:22 +0100
5f5a6314-7631-11e4-a3cb-005056011aef,2013-08-22 11:02:22 +0100
5f5a5b81-7631-11e4-a3cb-005056011aef,2013-08-22 11:02:22 +0100
5f5a5841-7631-11e4-a3cb-005056011aef,2013-08-22 11:02:22 +0100
5f5a51c2-7631-11e4-a3cb-005056011aef,2013-08-22 11:02:21 +0100
5f5a52a1-7631-11e4-a3cb-005056011aef,2013-08-22 11:02:21 +0100
5f5a50e5-7631-11e4-a3cb-005056011aef,2013-08-22 11:02:21 +0100
5f5a5469-7631-11e4-a3cb-005056011aef,2013-08-22 11:02:21 +0100
5f5a5256-7631-11e4-a3cb-005056011aef,2013-08-22 11:02:21 +0100
5f5a500c-7631-11e4-a3cb-005056011aef,2013-08-22 11:02:21 +0100
5f5a4798-7631-11e4-a3cb-005056011aef,2013-08-22 11:02:20 +0100
5f5a3310-7631-11e4-a3cb-005056011aef,2013-08-22 11:02:20 +0100
5f5a2a7c-7631-11e4-a3cb-005056011aef,2013-08-22 11:02:20 +0100
5f5a3f6f-7631-11e4-a3cb-005056011aef,2013-08-22 11:02:20 +0100
5f5a3d5d-7631-11e4-a3cb-005056011aef,2013-08-22 11:02:20 +0100
5f5a1fa5-7631-11e4-a3cb-005056011aef,2013-08-22 11:02:19 +0100
5f5a27ae-7631-11e4-a3cb-005056011aef,2013-08-22 11:02:19 +0100
5f5a2767-7631-11e4-a3cb-005056011aef,2013-08-22 11:02:19 +0100
5f5a2695-7631-11e4-a3cb-005056011aef,2013-08-22 11:02:19 +0100
5f5a2a2d-7631-11e4-a3cb-005056011aef,2013-08-22 11:02:19 +0100
5f5a22d5-7631-11e4-a3cb-005056011aef,2013-08-22 11:02:19 +0100
5f5a1e7b-7631-11e4-a3cb-005056011aef,2013-08-22 11:02:18 +0100
5f5a1e31-7631-11e4-a3cb-005056011aef,2013-08-22 11:02:18 +0100
5f5c0859-7631-11e4-a3cb-005056011aef,2013-08-14 08:52:49 +0100
5f5bf66d-7631-11e4-a3cb-005056011aef,2013-08-09 10:13:29 +0100
5f5c738a-7631-11e4-a3cb-005056011aef,2013-08-05 04:08:39 +0100
5f5c733e-7631-11e4-a3cb-005056011aef,2013-08-05 04:08:08 +0100
5f5c72ab-7631-11e4-a3cb-005056011aef,2013-07-26 12:02:41 +0100
5f5c0602-7631-11e4-a3cb-005056011aef,2013-07-23 09:53:02 +0100
5f5c7213-7631-11e4-a3cb-005056011aef,2013-07-08 15:18:38 +0100
5f5ba3fe-7631-11e4-a3cb-005056011aef,2013-06-28 17:28:46 +0100
5f5c5940-7631-11e4-a3cb-005056011aef,2013-06-27 14:48:36 +0100
5f5c7180-7631-11e4-a3cb-005056011aef,2013-06-19 11:55:39 +0100
5f5bf543-7631-11e4-a3cb-005056011aef,2013-06-12 16:26:48 +0100
5f5c08a1-7631-11e4-a3cb-005056011aef,2013-06-12 12:53:54 +0100
5f5c4e47-7631-11e4-a3cb-005056011aef,2013-06-11 18:41:30 +0100
5f5ba298-7631-11e4-a3cb-005056011aef,2013-06-06 17:07:19 +0100
5f5c2677-7631-11e4-a3cb-005056011aef,2013-06-06 14:27:25 +0100
5f5c70ed-7631-11e4-a3cb-005056011aef,2013-06-03 20:26:53 +0100
5f5c6951-7631-11e4-a3cb-005056011aef,2013-06-03 08:04:31 +0100
5f5c06e2-7631-11e4-a3cb-005056011aef,2013-05-30 08:56:58 +0100
5f5bff58-7631-11e4-a3cb-005056011aef,2013-05-30 08:51:16 +0100
5f5c1bbd-7631-11e4-a3cb-005056011aef,2013-05-30 08:48:00 +0100
5f5c0e01-7631-11e4-a3cb-005056011aef,2013-05-30 08:43:39 +0100
5f5c709f-7631-11e4-a3cb-005056011aef,2013-05-20 10:42:48 +0100
5f5c7057-7631-11e4-a3cb-005056011aef,2013-05-20 10:16:26 +0100
5f5c5fd3-7631-11e4-a3cb-005056011aef,2013-05-15 08:12:50 +0100
5f5c6e95-7631-11e4-a3cb-005056011aef,2013-04-30 09:59:14 +0100
5f5c6e4d-7631-11e4-a3cb-005056011aef,2013-04-29 12:33:39 +0100
5f5c6dfe-7631-11e4-a3cb-005056011aef,2013-04-29 12:31:52 +0100
5f5c6d63-7631-11e4-a3cb-005056011aef,2013-04-29 12:30:10 +0100
5f5c6cd9-7631-11e4-a3cb-005056011aef,2013-04-29 12:25:01 +0100
5f5c6c92-7631-11e4-a3cb-005056011aef,2013-04-29 12:23:05 +0100
5f5c6c4c-7631-11e4-a3cb-005056011aef,2013-04-29 12:19:09 +0100
5f5c5b2d-7631-11e4-a3cb-005056011aef,2013-04-17 10:40:51 +0100
5f5c17ac-7631-11e4-a3cb-005056011aef,2013-04-17 10:31:55 +0100
5f5c5ab3-7631-11e4-a3cb-005056011aef,2013-04-17 10:25:17 +0100
5f5c16d3-7631-11e4-a3cb-005056011aef,2013-04-17 10:13:13 +0100
5f5c2f7e-7631-11e4-a3cb-005056011aef,2013-04-16 16:03:40 +0100
5f5c60b5-7631-11e4-a3cb-005056011aef,2013-04-16 15:46:14 +0100
5f5c2545-7631-11e4-a3cb-005056011aef,2013-04-16 15:44:20 +0100
5f5c270d-7631-11e4-a3cb-005056011aef,2013-04-16 15:39:03 +0100
5f5c6067-7631-11e4-a3cb-005056011aef,2013-04-16 14:27:40 +0100
5f5c4827-7631-11e4-a3cb-005056011aef,2013-04-16 14:18:39 +0100
5f5c1fc4-7631-11e4-a3cb-005056011aef,2013-04-16 14:08:44 +0100
5f5c1dc1-7631-11e4-a3cb-005056011aef,2013-04-16 14:07:02 +0100
5f5c1c4f-7631-11e4-a3cb-005056011aef,2013-04-16 14:05:35 +0100
5f5c5a38-7631-11e4-a3cb-005056011aef,2013-04-16 13:58:38 +0100
5f5c17f7-7631-11e4-a3cb-005056011aef,2013-04-11 16:35:39 +0100
5f5c6904-7631-11e4-a3cb-005056011aef,2013-04-11 16:09:51 +0100
5f5c12bf-7631-11e4-a3cb-005056011aef,2013-04-11 15:56:13 +0100
5f5c5629-7631-11e4-a3cb-005056011aef,2013-04-11 15:54:38 +0100
5f5c1245-7631-11e4-a3cb-005056011aef,2013-04-11 15:48:08 +0100
5f5c11cc-7631-11e4-a3cb-005056011aef,2013-04-11 15:46:50 +0100
5f5c1f31-7631-11e4-a3cb-005056011aef,2013-04-11 15:26:26 +0100
5f5c6a7c-7631-11e4-a3cb-005056011aef,2013-04-11 15:14:38 +0100
5f5c1ee6-7631-11e4-a3cb-005056011aef,2013-04-11 12:35:10 +0100
5f5c1e9c-7631-11e4-a3cb-005056011aef,2013-04-11 12:30:14 +0100
5f5c1151-7631-11e4-a3cb-005056011aef,2013-04-11 12:29:00 +0100
5f5c1e55-7631-11e4-a3cb-005056011aef,2013-04-11 12:22:08 +0100
5f5c2835-7631-11e4-a3cb-005056011aef,2013-04-11 12:04:37 +0100
5f5c2e9e-7631-11e4-a3cb-005056011aef,2013-04-11 12:02:42 +0100
5f5c62b9-7631-11e4-a3cb-005056011aef,2013-04-11 11:35:15 +0100
5f5c2d25-7631-11e4-a3cb-005056011aef,2013-04-10 15:07:16 +0100
5f5c2f34-7631-11e4-a3cb-005056011aef,2013-04-10 15:05:11 +0100
5f5c10d6-7631-11e4-a3cb-005056011aef,2013-04-10 15:03:28 +0100
5f5c6a32-7631-11e4-a3cb-005056011aef,2013-04-10 14:35:12 +0100
5f5c105a-7631-11e4-a3cb-005056011aef,2013-04-10 14:25:11 +0100
5f5c0fdc-7631-11e4-a3cb-005056011aef,2013-04-10 14:22:09 +0100
5f5c57cd-7631-11e4-a3cb-005056011aef,2013-04-10 14:07:57 +0100
5f5b9cc6-7631-11e4-a3cb-005056011aef,2013-04-02 22:21:14 +0100
5f5c59bb-7631-11e4-a3cb-005056011aef,2013-04-02 22:19:43 +0100
5f5bf4ae-7631-11e4-a3cb-005056011aef,2013-03-21 20:54:01 +0000
5f5bfaf4-7631-11e4-a3cb-005056011aef,2013-03-20 19:31:09 +0000
5f5c6657-7631-11e4-a3cb-005056011aef,2013-03-20 14:27:08 +0000
5f5c64e8-7631-11e4-a3cb-005056011aef,2013-03-20 12:48:57 +0000
5f5c6580-7631-11e4-a3cb-005056011aef,2013-03-20 07:48:42 +0000
5f5c6604-7631-11e4-a3cb-005056011aef,2013-03-20 07:46:17 +0000
5f5c35b7-7631-11e4-a3cb-005056011aef,2013-03-19 16:47:23 +0000
5f5bebf3-7631-11e4-a3cb-005056011aef,2013-03-18 11:01:22 +0000
5f5c2ac0-7631-11e4-a3cb-005056011aef,2013-02-28 17:25:05 +0000
