abc8dd38-bbb7-40a9-b5a2-4b8a2b0db699,2015-06-24 13:56:39 UTC
d9107dbf-a9af-4b6f-b50f-b482c4828a0c,2015-08-11 14:45:28 UTC
b6c71855-91b1-473f-83dc-a5ed83a87162,2015-08-11 15:10:04 UTC
ca264f07-42ca-4159-b47c-c9638c93bdf1,2015-12-23 12:36:12 UTC
03531ffd-314b-4fed-9361-fa9816005c31,2015-04-08 10:48:44 UTC
04878fdc-be96-4400-9039-dbaf8afcc6cf,2015-08-11 14:45:15 UTC
05dd1330-d26e-4683-9717-b61019eae6e4,2015-08-11 14:45:28 UTC
06436236-48c9-4335-bd79-60a9e77fe5ac,2015-08-11 14:45:29 UTC
077826e8-f094-4f60-a72a-122d4a2b26f6,2015-08-11 14:45:07 UTC
082bd904-0db8-4c3a-a68d-1abffc974e71,2016-02-09 09:39:58 UTC
08984592-f400-4d07-bd31-aa04ed5f133c,2015-08-11 14:45:27 UTC
097dcce1-c80e-4e3d-a1ac-aa6688b63c31,2015-08-11 14:45:30 UTC
101e8afd-fea8-4fa8-a961-9040598af498,2015-08-11 14:45:16 UTC
11f92608-272a-4c96-8b24-e19a8c6da3bc,2015-08-11 15:10:00 UTC
122d121d-32dd-431e-ac57-a7f9931ff198,2015-08-11 14:45:16 UTC
12d17b73-32cc-4915-92b5-67bcbc9a69ad,2015-08-11 14:45:30 UTC
1852fbc6-c68d-4030-8360-90769b330bc5,2015-08-11 15:10:04 UTC
1c357816-c4fd-4310-a6e3-29868dbb5a02,2015-08-11 14:45:04 UTC
206ac299-441d-4ad2-8584-35aa3d019e6c,2015-08-11 14:45:24 UTC
206cab77-67ee-43d4-bdba-9291ff374bba,2015-06-24 13:56:45 UTC
22b27860-2a38-4eae-b81b-6c4c8f3a33e5,2015-08-11 15:10:01 UTC
26c60c2f-52f7-4da6-98fc-0183776f7fdc,2015-06-24 13:56:51 UTC
27d95435-bdde-4ea0-a469-409dfdf39cbc,2015-08-11 14:45:09 UTC
2857be1d-6eff-45e6-afe6-0ff64040bb89,2015-08-11 14:45:09 UTC
28628c97-2cf3-4e5e-abeb-9fb17b879b26,2015-08-11 14:45:20 UTC
289dd568-966d-4efa-be97-37bf157ffffa,2015-08-11 14:45:07 UTC
28da63c4-a82c-4f3a-9427-06a91425e650,2015-08-11 14:45:03 UTC
2ac2bcbc-cc50-4ae0-a3ea-3ba01c1621e5,2015-11-17 15:54:06 UTC
2b969f1a-04f9-4ebb-981b-4bf44009ff32,2015-08-11 14:45:12 UTC
3a4f2122-b5f7-42f8-8167-9a4a8fca6c92,2015-08-24 09:24:50 UTC
451c8029-6fe3-41cf-80e8-717debd317bd,2015-07-15 11:40:43 UTC
4bc5d898-cd68-4c7f-906c-1329c963f3c9,2015-08-03 13:30:55 UTC
55f37ec4-078b-4b18-8edc-761f05d811b3,2015-06-24 13:56:46 UTC
56a0b436-2ed3-4a75-971c-74b0c62ba75d,2015-08-11 14:45:12 UTC
57f7c56a-49cf-499e-b4e7-56022cf678a8,2015-08-11 14:45:27 UTC
5a1b20b7-38b6-4d0a-9cbe-2d5022331b59,2015-08-11 14:45:23 UTC
c870bc8f-dd98-4ca8-b277-7cefee07010a,2015-08-11 14:45:04 UTC
3e275a11-0fae-425b-a7a1-fe434594693f,2015-08-11 15:03:41 UTC
d5df3163-2e99-4c50-971a-6e88a68b1295,2015-08-11 14:45:30 UTC
3f9639a3-aed1-484e-a59f-5f8d2fede87b,2015-12-01 10:32:08 UTC
6028e11b-592e-40ec-81e6-312c9fcb749d,2015-08-11 14:45:02 UTC
6336808a-a7c1-4d37-aae9-bebebb400b89,2015-08-11 15:09:56 UTC
6382617d-a2c5-4651-b487-5d267dfc6662,2015-08-11 14:45:07 UTC
74d400fb-23c8-47e6-bf30-725d52dbafae,2015-08-11 14:45:05 UTC
7760d632-9445-4a2e-9448-d2c4891cb414,2015-09-01 09:08:38 UTC
7a416d13-05d9-4767-ba89-b790a22511d0,2015-09-14 09:11:01 UTC
7ef2c175-8a4b-4eb9-969b-304c6b9a1452,2015-06-24 13:56:46 UTC
a5cdf932-1bc7-4369-9119-27d80e5fb9a7,2016-02-09 14:10:24 UTC
d28083b0-7176-4279-bbb8-9ac62e8f0757,2016-02-11 10:43:53 UTC
dd8ab497-9a8b-4e27-b052-ab5a660d8376,2015-06-24 13:56:46 UTC
ea1f74cd-7c16-48d8-bf79-1a45b80508ef,2015-06-24 13:56:52 UTC
eb390e7a-352f-4ef6-b2e0-fa6deb35590e,2015-12-20 20:51:09 UTC
f2415846-1e76-4a9a-8681-266527f1d183,2016-01-18 08:16:13 UTC
f4267150-2591-4c47-856a-25795c71f303,2015-08-03 13:34:35 UTC
a98b1005-f153-4012-95cd-1d513b7d28c6,2016-02-09 09:39:57 UTC
6ca5edde-a5fe-4d31-8984-12f3f7d0234c,2015-06-24 13:56:50 UTC
de9820af-5acd-47f1-a154-c90c94fdd1c5,2015-08-11 14:45:03 UTC
125a217c-6877-42b9-a057-dfc8a9cedec2,2015-08-11 14:45:23 UTC
ee7971f9-9a60-4c81-b68d-90bf9336824a,2015-08-11 14:45:10 UTC
8d60894a-6280-4063-9545-b32e620c468d,2015-08-11 14:45:05 UTC
80d13d54-77bd-4aba-ba94-373066bc1fbe,2015-08-11 14:45:14 UTC
c6ff980b-cbe4-49ca-9075-224f4d30b612,2015-08-11 14:45:16 UTC
8e300b1c-de13-4122-b800-5961f3984af0,2015-08-11 14:45:29 UTC
a4ba6b58-422b-4b18-bf38-336a98e54c76,2015-08-11 14:45:28 UTC
d82ffc54-0132-4781-b678-8a96f4e9a654,2015-06-24 13:57:36 UTC
6d9fdfe7-8860-443f-a256-7dfebec4be35,2015-08-11 14:45:07 UTC
a481832e-5f10-4d3b-8131-a064b36730ae,2015-08-11 14:45:13 UTC
e6d34a0c-4e3b-405c-bdbe-1ad9a893ffae,2015-08-11 14:45:11 UTC
76e9abe7-dac8-49f0-bb5e-53e4b0d2cdba,2016-01-25 15:53:29 UTC
764a2ce0-eae5-414a-a4a9-2217507165fb,2015-04-08 10:48:44 UTC
b4624ea5-fd29-4a06-9eb3-0c4a4319c1a4,2015-08-11 14:45:28 UTC
1ddaaacb-0981-4abc-a532-a5111f2bea6b,2016-02-17 15:51:34 UTC
c20931b3-5689-4777-8367-3f33b14be530,2015-08-11 14:45:12 UTC
a4d579e8-f032-4dd1-a041-c9652c853982,2015-08-11 14:45:08 UTC
5203cf20-6db9-4aef-a346-c28e26562248,2016-01-06 16:22:17 UTC
66e4e3cc-3c35-4272-bacf-afdea2bc4da1,2015-04-08 10:48:44 UTC
74eff91c-e833-4ea8-895d-2bbf6084d157,2015-08-11 14:45:36 UTC
8663190a-ee93-4c0a-847e-c39aa9af01ee,2016-01-18 10:35:31 UTC
747191a7-f514-46d5-b107-dc65f4a3d547,2015-06-24 13:56:43 UTC
2edf84b4-e692-406f-9893-ed2520955a83,2015-08-11 15:10:03 UTC
f10a4b59-28f3-48a9-af42-b5c56a46bf1b,2015-08-11 14:45:22 UTC
57356c7f-feb7-4b18-8bda-e2274307186b,2015-06-24 13:56:43 UTC
75357ba3-3a08-4291-8fac-ff23eee69885,2015-06-24 13:56:51 UTC
6bcf642a-4842-4204-8c2d-e63a071afd2d,2015-06-24 13:56:51 UTC
f4dce598-64e0-4803-8e58-00c8c2b99111,2015-06-24 13:56:38 UTC
77d72043-cbf7-42bf-8b61-e970d854acc4,2015-04-08 10:48:44 UTC
126f9803-4689-468f-b46e-552ce57e1ee4,2015-06-24 13:56:50 UTC
1dfb607a-8dba-43e0-92e7-6f85848d06be,2015-06-24 13:56:50 UTC
9ec8c67c-83cc-41a9-a8b5-492def651e26,2015-06-24 13:56:40 UTC
a066cec7-0d56-418b-9fbb-87ffe9bf5d7e,2015-07-24 14:35:11 UTC
d93d0cff-a035-4c49-8bc2-eaf6e040c42d,2015-06-24 13:56:43 UTC
13a30e05-d75e-45d8-95d9-0445042a4066,2015-06-24 13:56:41 UTC
bbbfd4b9-10e4-4cae-b4b9-2797ffa6a036,2015-07-24 14:35:35 UTC
241eaf07-4318-4f5b-b976-a852a602bc92,2015-06-24 13:56:49 UTC
0f32a8f3-1896-4fc3-bdff-5cc3780597a6,2015-06-24 13:56:49 UTC
affe9184-22a0-4e27-9254-2e43f6b2c870,2015-06-24 13:56:47 UTC
4ba04d39-1f8c-4117-89f5-73ec4f1b48e8,2015-04-08 10:48:39 UTC
fb3e06cb-1790-44b7-8067-39a900be9240,2015-06-24 13:57:16 UTC
99e2b248-baa4-4bf2-8a96-646fedd4d308,2015-06-24 13:56:50 UTC
a0a4c44e-5e8a-44f6-9e64-32ab2c9ba065,2015-04-08 10:48:44 UTC
dbad809a-29b0-4be7-b3d9-9b0b302c4f44,2015-06-24 13:56:38 UTC
962d3c8f-f949-49de-8988-207e17f39c43,2015-06-24 13:56:39 UTC
1a1c2c64-0c37-4ff8-b48c-98c4e236e059,2015-06-24 13:56:41 UTC
66c4f694-4833-409f-9277-9133f935dda0,2015-06-24 13:57:08 UTC
4c3b2fc0-d26e-46c7-8302-2450c6dfd357,2015-06-24 13:56:46 UTC
18316184-f6ff-4581-a487-83935a490074,2015-06-24 13:56:45 UTC
25ac566b-121e-4e1c-9c73-030e6554cb85,2015-06-24 13:56:46 UTC
005b240c-66f1-4862-b97d-2eaec9a3d331,2015-06-24 13:56:54 UTC
d0b6f9f1-1b38-4524-bc50-9cb223b09516,2015-09-09 15:17:14 UTC
ef07738e-5c15-4bb3-9b41-3dc7f7332e3c,2015-06-24 13:56:59 UTC
5ff3e766-15b7-4ebf-8ba0-d813ba1abdd0,2015-06-24 13:56:44 UTC
dac60832-f78d-474a-9a07-ce0eb103aa53,2015-06-24 13:56:59 UTC
a002738a-c27c-463a-8be5-1ab5c701ddca,2015-06-24 13:56:59 UTC
9803954d-13ad-433e-8d7c-5130029d7f70,2015-06-24 13:57:00 UTC
4f8f62a8-9ff9-45ab-b4f7-aec5d1cffbad,2015-08-03 13:28:57 UTC
ae8c76fb-16ac-4c8a-94e1-47de716896af,2015-08-03 13:29:40 UTC
fd2e4d02-1010-4136-8d59-01c299850b50,2015-08-03 13:30:11 UTC
a5f60151-afe7-45ea-8239-a440814b1193,2015-08-03 13:35:47 UTC
d6007553-8ed9-46bd-a5a6-de12f5e64491,2015-06-24 13:57:18 UTC
df2e7a3e-2078-45de-a75a-fd37d027427e,2015-06-24 13:56:39 UTC
8b432175-2324-4c96-b6c6-9708cdab4fa1,2015-06-24 13:56:54 UTC
d559e7cf-56cd-4866-90d1-94cf551e0a10,2015-06-24 13:56:42 UTC
67a359ef-0241-4776-a6c6-9d84e6b573cc,2015-06-24 13:56:41 UTC
2d9903ac-4194-4034-a53b-30d768f4fafb,2015-06-24 13:57:22 UTC
a8c22ca5-ac34-437b-9a5f-67203d8945f8,2015-06-24 13:57:06 UTC
5f42c670-5b82-4f1f-ab52-0e100428d430,2015-06-24 13:56:52 UTC
b5c53aed-51d4-430c-b79f-b09f669ce30a,2015-06-24 13:56:44 UTC
f63075f3-d3a1-40d0-846e-6c3330263535,2015-06-24 13:57:14 UTC
749762c5-0e80-4d04-b766-9850192764d4,2015-06-24 13:57:08 UTC
f44a1a4a-fd85-4c40-9fbe-11b8387855d1,2015-06-24 13:56:51 UTC
4ab4764d-d9ce-425f-a8cc-aaba4a38be09,2015-06-24 13:57:08 UTC
6b2f82a9-17c6-4a26-9c8a-9b4b10234891,2015-06-24 13:56:42 UTC
eceb3053-43d1-4a49-873d-85ff9ade7066,2015-06-24 13:56:43 UTC
b9849cd6-61a7-42dc-8124-362d2c7d48b0,2015-06-24 13:56:51 UTC
48a1a4c2-23ac-44a8-b917-e72f629f2370,2015-06-24 13:56:50 UTC
d9944c93-da60-4b69-8109-2e26bf801e42,2015-08-03 13:35:15 UTC
b29e0536-505b-4b33-b71a-135efeee211e,2015-06-24 13:56:49 UTC
932a86f4-4916-4d9f-99cb-dfd34d7ee5d1,2015-06-24 13:56:48 UTC
0384fade-ef89-4dd7-8578-3df1d1699fa4,2015-06-24 13:56:46 UTC
553aa169-abde-4733-a84b-61fac93fe75e,2015-06-24 13:56:39 UTC
c8d06606-7af8-45b8-aa65-84ef19e15a9b,2015-07-07 13:02:21 UTC
64e7bfb6-5213-425b-9e44-5c7eca17ad75,2015-06-24 13:56:50 UTC
1159936b-be05-44cb-b52c-87b3c9153959,2015-08-11 14:45:03 UTC
0d29abb4-efb3-4fd7-b798-f707b03a1e6a,2015-09-02 12:41:19 UTC
e027612d-17f3-4183-ae8d-cde8f43dc471,2015-08-11 14:45:03 UTC
00f8a4a4-338d-4684-aba9-f0a0f2bfbda9,2015-08-11 14:45:30 UTC
ad012191-4a04-4d86-aa4f-44a5d049bd5a,2015-08-11 15:10:00 UTC
ea1bfba4-1f42-4253-89f8-4c34a9974f69,2016-01-29 16:55:23 UTC
a32f4ae1-5400-4807-ab4c-5e9fb57ea5dd,2015-08-11 15:10:02 UTC
1838be5f-33ef-4103-bd59-7dc649aacec6,2015-08-11 15:10:01 UTC
97255014-a26e-4596-8e25-0488e68880e0,2015-08-11 15:10:01 UTC
741f41c9-9083-48e2-bb9a-55b1649fc3bf,2015-08-11 15:09:59 UTC
6553fa7d-2768-4c61-9c19-79ccb9adc124,2015-08-11 15:09:59 UTC
27426f9e-8bd9-4785-aab5-5f8f1f9a470d,2015-10-30 12:48:14 UTC
5dc0fa51-d559-497b-b8f4-ddeced64c9e2,2015-08-24 16:34:07 UTC
9741abcb-c246-4fd6-bff3-7cee244a9979,2015-08-11 15:09:59 UTC
4bda0be5-3e65-4cc1-850c-0541e95a40ca,2015-11-06 14:17:42 UTC
8b97c87a-7f1b-44ef-9fec-deb0ad742f0c,2015-12-02 15:49:19 UTC
0ec1b501-3e2f-44a6-ae19-37a0649a5671,2015-08-11 15:10:01 UTC
c15bf470-9d23-452c-967c-2818e538d1b3,2015-08-11 15:10:03 UTC
4b63839b-bf2d-41e6-9635-97a0b0368cb1,2015-08-11 15:10:02 UTC
65a89136-2117-41aa-ba96-35feb9d821f5,2015-12-10 15:04:00 UTC
a9e57f88-60b4-406b-9b2c-2d2db09745a2,2015-08-11 14:45:16 UTC
13c0788e-ed54-4b91-ac96-bac7f795c390,2015-08-11 15:10:00 UTC
5dd90066-ad4b-45c0-b007-cf5bd8cf462e,2015-08-18 12:00:20 UTC
045fa48e-f96c-4160-8a97-680f32cf1e91,2016-01-13 17:34:37 UTC
5679543e-81eb-4737-8f33-64e4131fa753,2015-08-11 15:09:56 UTC
cb82959c-e637-46aa-8cae-6475ee56b9f2,2016-02-09 14:15:55 UTC
54cf32fa-b10c-4092-9c0f-02d6ba8eecc7,2015-08-11 15:09:56 UTC
0e392f84-8f09-49f7-82f4-ce6765e23d3e,2015-08-11 15:10:03 UTC
2862a13a-13fd-4cdc-a869-f329c6fc0e29,2016-01-25 08:15:16 UTC
ce0487a3-72a9-4348-acd8-0d5b41a5a724,2015-10-28 11:21:17 UTC
5d9a3ee9-c0a3-46b5-ac0c-96fe44cd2024,2015-08-11 15:09:57 UTC
0bee03ab-732b-490f-8f4a-e800efe77941,2015-12-16 08:52:09 UTC
f93eec36-a940-4254-af44-9f643072b220,2015-08-11 14:45:05 UTC
d182072f-8f9e-4ed6-a46f-ab8747bc0a33,2015-08-11 15:10:03 UTC
7d38c0a4-a875-4e43-b414-007ae22219af,2015-08-11 15:10:04 UTC
1843de87-89e0-4970-8e83-29ddcff6726e,2015-08-11 15:10:04 UTC
c92d2e82-2e8e-42f6-ba4b-403e45190612,2015-08-11 14:45:05 UTC
dcface7f-103a-450b-a4d4-2e04e3e364b3,2015-08-11 15:06:16 UTC
33630bbe-3bfd-454c-9f30-b9bae893f2c2,2015-08-11 15:09:58 UTC
0df4656f-aaa9-4e43-8c4d-586fe7bb5728,2015-08-27 11:11:43 UTC
f94f7492-c6cd-44de-b1a0-f25ce55a6a36,2015-08-27 11:15:07 UTC
b529c365-6002-499f-bbef-f60f8b16e59d,2015-08-11 15:09:58 UTC
205743af-af98-435f-ac72-b56d28e76d8d,2015-08-11 15:09:58 UTC
d6a1803f-e182-4ac2-978d-1fb07887ebb6,2015-08-11 15:10:03 UTC
6d1048f5-9d18-4045-8562-9b85c71b1c9e,2015-08-11 15:10:03 UTC
7a5709bf-ece3-4f88-bb68-8175a56a2bff,2015-08-11 14:45:27 UTC
3455b248-9237-40ac-ae9b-480a6a8ebd88,2015-08-11 15:10:03 UTC
71e36c84-c058-470b-8790-f4c8fd39c615,2015-08-11 15:10:02 UTC
ccf076e2-94fd-4689-8ce5-7fa554d933d9,2016-02-24 17:36:42 UTC
037e8dfb-b6c3-4e9f-bdfb-6b3027211d99,2015-08-11 15:10:03 UTC
3ab6072c-dd23-4b82-8590-db1c59787f5c,2015-08-11 15:10:02 UTC
6d051912-c4ee-472f-a4bc-3d2561b70553,2015-08-11 15:10:05 UTC
b1230ac6-82d6-45b1-a104-32f9647ccf81,2015-10-01 12:25:03 UTC
8645ce31-f301-40ed-91ee-c570a7702e0c,2015-12-04 18:46:58 UTC
ae0a5f70-867c-41a2-9a4f-035beb962d05,2015-08-11 15:10:04 UTC
08d40c45-df6c-4827-8d9f-4b638c896fc8,2015-08-11 15:10:05 UTC
876ccb03-4437-4b09-817b-9b3eeedf97b5,2015-08-11 15:10:05 UTC
2386502b-3e74-427f-a6b8-95d0a8603317,2015-08-11 14:45:07 UTC
30a77aff-17c7-47ce-bcf5-58e06301f808,2015-08-11 15:09:57 UTC
27fa4318-7f31-4173-9c39-77dba4fce0b1,2015-08-11 15:09:56 UTC
07017453-52b0-448a-b486-87d1a85eb7d1,2015-08-11 15:09:57 UTC
c7d3a557-b99c-40ed-b995-594e85250a4a,2015-08-11 15:09:59 UTC
26b81913-d58a-47be-80b7-1e947212779a,2015-08-03 13:25:05 UTC
fecdc8c8-4006-4f8e-95d5-fe40ca49c7a8,2015-06-24 13:56:41 UTC
e7360935-e4c8-4882-a2ad-bc81f5d6eaac,2015-06-24 13:56:40 UTC
f818b54c-01c7-43e9-8165-cec12e4053ff,2015-06-24 13:56:49 UTC
557c1d93-ed80-487a-8940-92c5122bdf13,2015-06-24 13:56:41 UTC
fa644428-67ef-459b-ae60-acd564df9c53,2015-08-11 15:10:03 UTC
201306e2-65d1-409a-92f6-d266f8151b8d,2015-10-09 15:02:15 UTC
1efd7b37-c2c9-41d2-8fb1-1b8f1c5ec6df,2015-08-11 14:45:26 UTC
ffad51d1-fa72-4b5b-8e38-8a354a03b896,2015-08-11 15:10:03 UTC
41f5b331-6fe9-4e14-81b3-374801bb2b35,2015-08-11 14:45:28 UTC
72a65718-2079-436f-9dde-73e7ac0bf9a0,2015-08-11 15:09:57 UTC
4ff219a8-f2e6-4fca-9b73-ebaebc9c7b6a,2015-08-11 14:45:23 UTC
e90eb4b6-8e29-4300-a5c6-368d3db7d5f2,2015-08-11 15:10:00 UTC
dcc1e6d4-86d7-4ee7-8c88-d340322619fd,2015-08-11 14:45:29 UTC
7b1d203e-ba75-4e1c-b389-032cc3f26e4d,2015-08-11 14:45:15 UTC
335866af-d4ec-40d7-a211-b4e1446e57fc,2015-08-11 14:45:09 UTC
d04ce27b-cea4-4fbc-a9a1-aee96d6dd2e0,2015-08-11 14:45:23 UTC
87057249-81f2-4d8c-bb6b-e804abb54de7,2015-08-11 14:45:28 UTC
1e0923f1-6470-46af-9927-2362150dd46f,2015-08-11 14:45:16 UTC
6d75ce8d-140f-4a64-90f1-dba35beebea2,2015-08-11 14:45:03 UTC
c1ddea23-9388-4d60-80cd-a4b3346f3570,2015-08-11 14:45:07 UTC
9493ff0e-c3e0-4658-963d-af4c185b82cf,2015-08-11 14:45:10 UTC
79c20db7-211f-4627-b56b-1a3524c4a707,2015-08-11 14:45:28 UTC
5e16ffb8-694e-4c35-a366-a6cb1cc28a81,2015-08-11 14:45:28 UTC
1a384903-9171-4252-bb83-b079156207d5,2015-08-11 14:45:29 UTC
0d59f5e7-a230-4bac-b02c-624a59a34dab,2015-08-11 14:45:29 UTC
bae0bad8-e414-4e44-b1fd-51a1a04a1003,2015-08-11 14:45:18 UTC
84db7920-6cb1-452e-9f11-c95f9292f458,2015-08-11 14:45:22 UTC
8fdf216d-1ec0-42b1-9b1d-00592f3c0bd7,2015-08-11 14:45:17 UTC
b2555518-ac40-4115-a3ba-a0768dfdd13c,2015-08-11 14:45:17 UTC
cef4bc92-10f5-4aed-8689-e88f84dac667,2016-01-18 08:16:14 UTC
f9bc44f9-0cd7-4cfe-b1dd-f7e217b88a0e,2015-08-11 14:45:29 UTC
d5d00dc9-a9dc-4bea-aac8-27937c10ee4a,2015-08-11 14:45:18 UTC
e2fa74c2-8d5d-48a4-90a9-08d37cef986c,2015-08-11 14:45:15 UTC
491cc688-1f26-4046-ad45-ef04146da230,2015-08-11 14:45:29 UTC
220798e2-ee32-461e-8b22-30a2d03a8d61,2015-08-11 14:45:29 UTC
9fa946cf-cb10-4968-99c9-44bba1bc78f3,2015-08-11 14:45:12 UTC
9b754788-611c-46b1-a65f-2f10fec5e273,2015-08-11 14:45:12 UTC
07da0bbc-a9d0-4dd9-9689-34f61137d961,2015-08-11 14:45:12 UTC
6d2c98f0-42c2-40c6-9f09-b7f18be330ac,2015-08-11 14:45:04 UTC
c32b62ca-ca54-4c9c-9191-1a641f9b246c,2015-08-11 14:45:09 UTC
72f7b519-bd58-422a-8eee-b3f0c63aaeeb,2015-08-11 14:45:09 UTC
f1e548b4-fa5d-428d-a029-6e880f15d645,2015-08-11 14:45:27 UTC
c531c272-5f4d-4a98-87d1-bf0099848f7a,2015-08-11 14:45:24 UTC
5fb56874-b505-400a-b469-e80b1d323baf,2015-08-11 14:45:14 UTC
305b87b9-eda0-489d-9a50-6ccc02475d99,2015-08-11 14:45:10 UTC
7eca7540-a65f-453e-b92f-df21b406d829,2015-08-11 14:45:10 UTC
d73a0c9a-0cf7-482e-b255-219c729a3088,2015-08-11 14:45:11 UTC
8e58912b-51a4-4d60-9345-8b1a6888ce03,2015-08-11 14:45:11 UTC
3ea98e32-359e-40c3-af21-588c21102fa3,2015-08-11 14:45:27 UTC
430dc2ca-ed34-466c-951c-d25b131cecf2,2015-12-02 14:48:43 UTC
1fea6fd6-87b0-4db2-8226-af7dae4e9d2b,2015-08-11 14:45:03 UTC
5f6fdcdb-6381-4c51-9a76-8764ceb30baa,2015-08-11 14:45:03 UTC
c7940cc0-90ad-4631-a3b7-b0843b95080b,2015-08-11 14:45:03 UTC
d5e92073-71b8-4dc7-a631-b2c0b7ebe2bd,2015-08-11 14:45:03 UTC
280b5bad-1ea7-4b9b-a436-fcd926c42448,2015-09-15 12:20:33 UTC
238397a0-31e6-4d2a-b3da-43418121250a,2015-08-11 15:10:02 UTC
93ad0547-209d-4325-a60b-4b093ddb3cf6,2015-08-11 14:45:07 UTC
c74d48df-f7fa-4be1-b02f-bc8a61987dc6,2015-08-11 14:45:08 UTC
5e4f6c1f-bcb3-44d1-918c-2c02eed7c292,2015-08-11 14:45:08 UTC
6ae481e5-74cb-44af-b534-266081c8af82,2015-08-11 14:45:14 UTC
0fb65d5f-9fd0-43a2-aab6-93b06dcf0b8a,2015-08-11 14:45:27 UTC
9ddccd10-1d17-4a5b-9893-8ce6713447c7,2015-08-11 14:45:07 UTC
9dbe728f-8cec-43c1-b3be-a2ef8df38067,2015-08-11 14:45:07 UTC
9b61c3c8-0cda-48e1-aa31-c770f841335f,2015-08-11 14:45:04 UTC
ffcb9b20-3afc-46a6-9223-5202fcacc555,2015-08-11 14:45:15 UTC
64d53704-6c64-4d7b-9925-614e802fe24a,2015-08-11 14:45:28 UTC
9184f37f-2aa3-466a-95a4-ae7d65ca6ac4,2015-08-11 14:45:14 UTC
2d7adcd3-7d98-42d9-ac81-2bf36ae9f1b6,2015-08-11 14:45:29 UTC
f53d65ff-fbbf-456d-bf3c-767323a5b07d,2015-08-11 14:45:29 UTC
1e0ff299-0616-49b6-9179-414983eb181b,2015-08-11 14:45:15 UTC
4153babf-04d3-4e17-9409-b851f9879d4d,2015-08-11 14:45:28 UTC
22e3ce74-bf0c-4647-93c0-eb571355852b,2015-08-11 14:45:28 UTC
62061a6f-4b5f-4a2b-856f-fa6ebfbe55c7,2015-08-11 14:45:09 UTC
3cbac45e-ae14-4ecb-86cf-f6f35f30e13a,2015-08-11 15:10:04 UTC
27f47c9d-90e0-4d06-85c8-974284f9dca3,2015-08-11 15:09:57 UTC
0f21c3ff-2c58-4700-826d-14e7285a41e5,2015-08-11 14:45:30 UTC
2a591e05-e30e-4caa-8645-f0429ab431aa,2015-08-11 14:45:21 UTC
403c4c81-790b-42a8-b8fc-baff336f3e84,2016-02-11 10:43:53 UTC
c4c2409a-d167-46bc-8ab3-753d5799d0a2,2015-08-11 14:45:05 UTC
03f78404-e87c-4c2a-954b-f6ee9403efb8,2015-08-11 14:45:21 UTC
74e1c5f5-f21d-446f-9fce-ab1c25f2ac94,2015-08-11 14:45:14 UTC
3d86c16e-ad25-4596-a412-837594c0c086,2015-08-11 14:45:11 UTC
db52f247-7ed8-45d8-ba1a-bf76e48466a6,2015-08-11 14:45:04 UTC
140ce421-6552-42f4-9976-06a2552d38f4,2015-08-11 15:09:58 UTC
cc889f09-a16f-4b7b-b5d3-1269a06452fd,2015-08-11 14:45:23 UTC
e9b2acf3-f63b-4784-a04d-4c213b0625a3,2015-08-11 14:45:08 UTC
31247e02-7fb1-4143-844c-f54f1410288d,2015-08-11 14:45:22 UTC
5daa5679-9a9e-48f6-a443-b8428ccb8be9,2015-12-20 20:58:45 UTC
d958a860-3e80-4377-9d97-a491c77dbfc5,2015-08-03 13:27:50 UTC
17f33f0c-8e81-4410-908c-1eca41c867b9,2015-08-11 14:45:10 UTC
3ed863ed-9ede-41fc-80ee-166705be9f07,2015-08-11 15:09:57 UTC
f881f972-6094-4c7d-849c-9143461a9307,2015-08-11 15:09:55 UTC
74dc1bc3-4e5c-4e59-a57c-b34ee64b0b69,2015-08-11 15:10:03 UTC
dd762ed5-abc8-4502-b4b4-3b51f9b7b0ca,2015-08-11 15:10:03 UTC
bf25c800-46e1-468b-8d79-beec491cfa89,2015-06-24 13:56:49 UTC
d5d56c01-9098-4fdb-90a5-83825522c9c5,2015-08-11 15:09:56 UTC
c0f8dcc8-3973-478d-a287-83c41afb21f2,2015-08-03 13:27:12 UTC
a95b3c23-69aa-43ce-89be-824fab7d1d60,2015-06-24 13:56:41 UTC
f7137324-edfc-4ee0-b001-fca6da4a82fc,2015-08-11 14:45:14 UTC
78a9ca59-63a4-4a43-88c2-6383d8ba21f6,2016-02-01 11:00:14 UTC
3eb7bec8-2356-4f5b-b872-cf4604eb1ae0,2015-08-11 15:10:00 UTC
f71be953-2c84-4784-a201-ef69919115c8,2015-10-20 14:28:16 UTC
6b7fb2f3-370a-4a68-8dd0-0ddee732aaa3,2015-08-11 15:10:04 UTC
c6da5717-6bef-45ef-aafb-f8c777012084,2015-08-11 14:45:09 UTC
a05dec95-fadc-44d3-9e29-b5498e7015d2,2015-06-24 13:56:46 UTC
8fd3053a-7c9b-444a-aa97-5d4aa4494742,2015-08-11 15:10:03 UTC
681b9115-7636-4066-9190-5f525431f9c2,2016-01-20 13:58:51 UTC
bfa9c775-e6fa-4d88-b73f-1e1048ca2493,2015-08-11 14:45:15 UTC
439351d2-fad7-4e49-94db-878ebe18a51d,2015-08-11 14:45:10 UTC
42b1aa6e-103a-4c9d-90e5-71c05daa9e1f,2016-01-27 16:00:49 UTC
e7da8591-4d51-4741-b981-72b57a2dd6ff,2015-08-11 14:45:15 UTC
299591ce-d9ca-413b-b2d9-a72c4876e1fc,2015-09-28 10:44:42 UTC
3b4ce46a-8628-4fa9-b252-7f74aa64e11b,2015-08-11 14:45:04 UTC
542c220b-8357-4664-8080-b653a80502a4,2015-08-11 14:45:24 UTC
abb7a15b-d706-4c7d-9741-dfbda0dce422,2015-08-11 14:45:14 UTC
6b61343c-9660-4579-b5ae-1630920ecf18,2015-08-11 15:09:57 UTC
9b4a0fe6-f313-42cd-8c30-990ff693c86b,2015-08-11 14:45:24 UTC
5a655c29-bf5e-40f5-b355-b952eca80c8a,2015-08-11 14:45:22 UTC
723512df-99ee-42bf-bd25-db80481b2a4b,2015-09-14 09:07:48 UTC
b25d4e16-9ee8-478b-a2a5-e5372f1e9972,2015-08-11 15:10:04 UTC
9430260c-677d-4da9-b61e-bb3b524cdad9,2015-08-11 15:09:56 UTC
69f58cd6-aaec-4313-a1ec-f6224e5b8b59,2015-08-11 14:45:14 UTC
82ac6e63-4be7-4f30-a207-9d691b4a4405,2015-08-11 14:45:27 UTC
58a8d431-3058-4630-b59f-cdeaf52d6272,2015-08-11 14:45:27 UTC
c96fad6b-be8f-4731-b399-3e9793307b6d,2015-08-11 14:45:10 UTC
bdd86770-46be-4ffd-be09-04a079f85bdd,2015-09-29 14:22:08 UTC
e9c2fe56-d3db-4fd9-a8ef-9c283cf71f59,2016-02-09 14:15:21 UTC
bc5ca140-2539-4ec2-8733-9e0acb02f912,2015-06-24 13:56:40 UTC
72f01ecd-72e8-4b8b-8e74-b6f35ede6390,2015-11-16 18:25:32 UTC
e9554716-7049-4c37-af24-e45b912f317e,2015-08-11 14:45:04 UTC
6879dff9-871c-4a07-8d4f-112bc1c9c6a7,2015-08-11 15:09:58 UTC
bf5acf7a-53c0-4e30-a584-c43a1b5ef6a8,2015-06-24 13:56:53 UTC
efcb262d-b87c-4494-864f-bc0f30fac9cd,2015-08-11 15:10:02 UTC
927f15d1-69a7-4ab7-941d-9744190105be,2015-06-24 13:56:46 UTC
a3e4b233-e2f3-4709-b531-8da7f21a3f6d,2015-06-24 13:56:39 UTC
b08d583b-1262-4ce4-a768-15f3dd9c3fb3,2015-08-11 15:09:59 UTC
77046841-ab18-438b-9666-f2394a7f06cf,2015-06-24 13:56:42 UTC
8510e884-9366-4e12-8eb6-69b7769a798e,2015-08-11 15:10:00 UTC
ccd1e264-3954-4cf2-bed1-60c0eaaf15b2,2016-02-22 16:01:42 UTC
b7e34c3d-fee7-47c9-9375-44cbd4975f3d,2016-02-11 17:40:59 UTC
263bca52-026d-4c52-80c8-3af486908bf5,2015-08-11 14:45:02 UTC
67da376c-b408-4229-8586-b09969f65d3a,2015-10-23 08:31:30 UTC
441d0099-bc0a-46fa-97d3-f96b16d32bd3,2016-02-22 16:38:46 UTC
6af0f337-4da6-415c-a760-55b612d0e3e3,2015-06-24 13:56:40 UTC
e024c5ff-5736-4c43-a956-78015683dbb7,2015-08-11 15:10:01 UTC
9da41baa-2073-489a-9788-70fdbebc2684,2015-08-11 15:09:57 UTC
3d7aa293-6482-4f17-93fc-b32f0840fcbf,2015-08-11 15:09:59 UTC
3922e5d4-0eed-4d24-887e-3f331d9b517c,2015-08-28 10:21:43 UTC
91a00dfb-bef5-4c90-ae08-5feeb4f8ba40,2015-09-17 15:02:21 UTC
15f4341d-1a6e-45c5-9155-be67002e5cf0,2015-11-16 18:17:51 UTC
5ab272ee-88f8-415e-872b-41ae81d70cad,2015-11-30 12:32:39 UTC
280073f8-9553-4437-a83f-b129bc5f6799,2015-06-24 13:56:49 UTC
998d8fca-0c10-4b47-a0c3-4507dae84d77,2015-06-24 13:56:42 UTC
d81c1d6e-c54b-4fc1-a169-0b45520358cc,2015-06-24 13:56:48 UTC
854590c9-820b-4b25-83b8-bb3d542845a2,2015-08-11 14:45:06 UTC
6c6d461f-ed27-481a-bc27-edd20930de18,2015-09-18 14:47:58 UTC
aafd3c2a-0784-401e-91a3-29905c1f733b,2015-12-18 17:43:41 UTC
bb85c76f-b660-4426-a1c3-37313a2cea81,2015-12-20 20:47:30 UTC
8862cfca-23ac-4af5-9f55-84f2450216ab,2016-02-09 14:13:55 UTC
ec52f13f-0469-47bf-9fcb-f3de73621166,2015-12-21 15:41:14 UTC
fd11e3b0-76bc-4197-b652-a030b57915be,2015-12-31 09:40:43 UTC
82e6e9d8-63d9-4ffc-a701-a7c448988277,2016-01-06 16:05:37 UTC
7beb97b6-75c9-4aa7-86be-a733ab3a21aa,2016-01-06 16:22:17 UTC
c3133eb2-4d53-4905-88a2-d2e4547cc41e,2016-01-06 17:48:26 UTC
e1d6b771-a692-4812-a4e7-7562214286ef,2016-01-11 14:59:15 UTC
b9a00d38-6def-41cf-b80d-5f0fdaa88849,2016-01-11 16:10:59 UTC
7c6c78b0-a03a-4a89-a6d8-b9977c234ed0,2016-01-13 17:42:32 UTC
17f9fb2f-58b5-4d61-a7cc-3170f3fff147,2016-01-18 10:35:30 UTC
c9ed677e-64e0-4741-b768-308b56878ca1,2016-01-18 14:07:47 UTC
38a044cc-6ff2-415e-9d25-acdd2cae7ab1,2016-01-20 12:03:47 UTC
bf2a913f-89d2-45bd-8078-0d4c9b664437,2016-01-22 09:48:13 UTC
59c6bb68-305a-43a9-adc1-d2460ed1d19c,2016-01-27 16:18:47 UTC
3b3b9f9a-e2b2-4b03-bb82-b47c171e78ae,2016-01-27 16:13:30 UTC
f9ca633f-6112-41a4-a78d-ce601737ec54,2016-01-27 17:04:29 UTC
2877d437-b2b0-4427-bda9-da375be1ef33,2016-01-29 12:44:26 UTC
928f63c0-bc24-4675-be34-0dfb29385e0a,2016-01-29 12:45:54 UTC
020da934-e98c-4925-8e3d-b4fae3fc85f6,2016-01-29 12:43:29 UTC
e8badd05-e9ba-4d14-b1c6-e43a74a4fdce,2016-02-01 11:00:13 UTC
0f6e8d9e-96a1-4b7d-8a0a-8f1d525648f2,2016-02-01 12:57:50 UTC
9d128765-269a-4e90-982c-833a30a352d3,2016-02-08 13:54:18 UTC
f05139aa-0739-4f70-9ec0-437457b0c4d0,2016-02-01 17:41:50 UTC
2db5f38b-cf66-455a-bd43-ca4d7c8289df,2016-02-04 10:04:02 UTC
a949350d-98ed-4260-beb9-f2fc69d15946,2016-02-04 10:04:43 UTC
c8e6f8e2-4dac-4ce3-bb02-8690b0e284e4,2016-02-04 10:06:47 UTC
6ae04109-be26-45c2-ba09-b7bd3adfcbfb,2016-02-17 09:56:17 UTC
7aa3ec0c-683e-44ba-aa3f-cc9655651b9b,2016-02-18 11:01:41 UTC
b7d6588c-a056-47fc-9528-0b9ff42c3866,2015-09-09 19:21:18 UTC
021dcb50-2cdc-4a9d-b6f8-2e96175d0446,2015-06-24 13:56:39 UTC
8c5661a7-dc03-4d80-8f66-69798c2f4dde,2015-06-24 13:56:44 UTC
0d72ae71-5930-43ae-89ea-7cf4cee5b122,2015-06-24 13:56:45 UTC
fb179bc1-b6fa-4ad5-aafc-c79ba43204e1,2015-06-24 13:56:50 UTC
61dc0b91-3e32-4eaa-9aaf-219410baf81f,2015-10-20 15:40:11 UTC
6fb1566a-e69b-431c-9f08-29a37ac67fcd,2015-06-24 13:56:45 UTC
e2e6c828-208d-4301-85ba-fbc9994e6e49,2015-06-24 13:56:45 UTC
4c9ab91e-0a6d-4f3b-98c5-045cd99c10ba,2015-06-24 13:56:39 UTC
4c82bdf6-be57-467f-975d-36910fba2fa7,2015-06-24 13:56:45 UTC
2e47e500-8d91-4747-b6d8-cf6524d570f1,2015-04-08 10:48:39 UTC
3f9d2e68-281d-40a4-9f57-715d52e025b2,2016-02-22 14:26:50 UTC
28e39d16-c279-46c6-a7cd-b0a807686928,2016-02-22 16:00:34 UTC
18d2a147-3e86-4fbb-9649-fc213fad3d56,2016-02-22 16:03:15 UTC
5b8884e9-3dde-4c91-8d30-0d94825c2561,2016-02-22 16:41:24 UTC
ea705d16-4a8b-41eb-871c-9d4a3c0a4f87,2016-02-22 16:39:30 UTC
d20473c5-3384-4717-afaa-6148e013a556,2016-02-22 16:37:35 UTC
5b8c90ad-acbd-48c5-a39d-af5b841bcd5a,2016-02-22 16:38:01 UTC
4a6f14ad-baa1-4b15-8026-8282913ef693,2016-02-23 12:22:01 UTC
2144a80d-3cb0-472c-a0a9-ae738004acf9,2016-02-24 17:36:16 UTC
1433d403-333f-4d81-b83a-c5358412fd1b,2016-02-26 10:12:01 UTC
04d690ff-1ace-4859-abfb-bb1161c5a68c,2016-02-26 14:32:47 UTC
f4558a4e-f14f-4ec9-85ce-1322e6667d19,2016-02-27 21:10:05 UTC
cc902c81-79b6-4289-aa5a-1805923cbe06,2016-01-27 17:04:30 UTC
d574ae5d-8a16-4d54-8db1-bc6275e16d51,2015-09-28 09:16:12 UTC
fcf23e92-328f-4990-ba44-fbee5f2f7d64,2015-06-24 13:56:39 UTC
75309d1a-bba9-4ad6-b0de-96d978624590,2015-09-09 19:26:41 UTC
ecf0af86-8fd8-4bb8-90a3-1ddedf5c108e,2015-09-09 19:56:27 UTC
4c786922-9b0a-4a49-93d0-f4bc28d09a22,2016-02-25 16:36:30 UTC
8413047e-570a-448b-b8cb-d288a12807dd,2015-08-03 13:25:46 UTC
895d337a-fa68-4c83-ab79-1c08016afe87,2015-06-24 13:56:39 UTC
a24f0662-bbfe-4b77-9ec0-e73240e88b9a,2015-04-08 10:48:40 UTC
4505d908-89f2-4322-956b-29ac243c608b,2015-08-11 14:45:05 UTC
b2363441-b46d-4045-a7ed-828c354558f2,2015-06-24 13:56:42 UTC
33b8985e-9353-4f12-914e-531aad5469a0,2015-06-24 13:56:40 UTC
ae54d8dc-0d05-4b30-8d56-30b5d65b43d6,2015-06-24 13:56:48 UTC
dae0a8c4-d132-40b5-a4d0-eb4148e5129c,2015-06-24 13:56:49 UTC
0bec25d2-61e9-43a3-b282-b000f22783c8,2015-06-24 13:56:40 UTC
0d1822c7-c454-4dba-b77c-326bc911742a,2015-06-24 13:56:38 UTC
ed816ec5-727e-4e1b-bc29-ab067df2e594,2015-08-03 13:26:29 UTC
6a7a5105-b09c-44ab-af8c-be64b20a0068,2015-06-24 13:56:46 UTC
71255733-af6c-4887-9991-9b288d8d431f,2015-04-08 10:48:40 UTC
df6fcdc4-62bc-4e05-90e3-cb2e452453a4,2015-04-08 10:48:44 UTC
3954a8ef-6580-49d9-a6d8-ac1bdcf053ae,2015-07-14 09:57:36 UTC
f5fe5c9e-e5f1-4b76-9b07-a0af649c440c,2015-04-08 10:48:39 UTC
bbb8985a-5451-4e9d-a601-8c55853a096c,2015-06-24 13:56:51 UTC
f141fa95-0d79-4aed-8429-ed223a8f106a,2015-04-08 10:48:40 UTC
55137051-1759-4251-a94c-476239ddfb36,2015-06-24 13:56:41 UTC
6e3014fa-5bd1-48b9-9aab-f7b1241afdb6,2015-08-11 14:45:03 UTC
61778a6b-d0e8-4b75-85a9-8ec2e333581a,2015-06-24 13:56:41 UTC
d2e0704f-87a2-48a6-843c-5eb9f9da05a5,2015-08-11 14:45:16 UTC
3e1f61d1-6752-44b6-8dd7-8324f12e5c30,2015-08-11 14:45:24 UTC
c898b856-3e13-431d-8554-006a18eb6cb6,2015-08-11 14:45:17 UTC
e4491ccf-20c1-4950-a043-579c8cbba644,2015-08-11 14:45:16 UTC
d0b6b25f-3422-42d0-80ac-59590a76f53e,2015-08-11 15:09:58 UTC
71cf7f95-1697-40b4-b9e9-0141431c7f1f,2015-08-11 14:45:29 UTC
c34b08d3-8fa6-4beb-8588-9b48bf61b0bd,2015-08-11 14:45:11 UTC
68f2ac58-4394-442a-b309-6a7f372f345e,2015-08-11 14:45:10 UTC
da26e94a-feff-4794-b0a6-60aba850ed76,2015-08-11 14:45:20 UTC
4dfaf37e-33ea-4f56-9d06-24cebd0f6995,2015-08-11 14:45:15 UTC
cc9d81e4-79f3-4d4d-9878-bc35c69b9398,2015-08-11 14:45:30 UTC
5285dff5-e786-4b88-b113-1d78b19ac8e1,2015-08-11 14:45:29 UTC
941149ef-c78e-4694-bf98-bb15cbf3b311,2015-08-11 14:45:08 UTC
cc9eb8ab-7701-43a7-a66d-bdc5046224c0,2015-08-11 15:09:55 UTC
d15a337c-1118-4a25-a33a-6db696c05a2b,2015-08-11 14:45:30 UTC
be772318-8a4a-4c34-96e1-fa4b6ab9cdf0,2015-08-11 15:09:55 UTC
82d7ce89-2e55-4bfe-b5a6-a76664d2b56d,2015-08-11 15:10:02 UTC
e98d25cf-fc3c-4336-a0bf-26e589dc18b0,2015-08-11 14:45:26 UTC
6e1d83bc-d37a-447c-bdac-31be4b441417,2015-08-11 15:09:58 UTC
d13e5f31-d392-4542-b045-869aa237ba90,2015-08-11 15:10:01 UTC
d906b292-e254-4a50-9b4b-f5273318d3e1,2015-10-28 16:15:51 UTC
54ccd17a-5f84-4d3e-a790-f47b23d5b2b4,2015-08-11 14:45:23 UTC
de905af9-0b79-4f36-bc12-703d79971e8b,2015-08-11 15:09:59 UTC
e64f9d78-cf88-4939-9428-36ca00f2abc3,2015-09-18 09:02:44 UTC
095e782c-a635-4d19-9de2-3b24baf6772e,2015-08-11 15:09:56 UTC
7d8e111b-611e-44db-a8db-540d532df74b,2015-08-11 14:45:09 UTC
8939a69b-2822-4589-b0ea-5a1e921592ef,2015-11-17 17:14:04 UTC
89bdcb5d-9928-4387-81a3-c6e3d3040154,2015-08-11 14:45:12 UTC
7af7dc7d-dcd4-4007-92dd-b7463f2e4e47,2015-08-11 15:10:03 UTC
e282d066-c7f4-4a98-ba6a-c8fbaee19f4b,2015-08-13 14:30:57 UTC
e776d94a-58ab-453d-986f-adf51ca7cd38,2015-08-11 14:45:30 UTC
b4708d2a-4633-4742-b5c1-7c4e97de0241,2015-08-11 15:09:59 UTC
c19fee73-762d-4e4d-83ca-eaa8f9b4ded2,2015-08-11 14:45:08 UTC
92bb4c52-8c01-463d-a5e1-b841783eff28,2015-09-23 10:29:42 UTC
e50aaa69-49a1-49ab-83e6-8b1bd24925a8,2015-09-11 15:17:28 UTC
71d071e0-1c92-456a-ab96-2bf18ffee0e2,2015-08-11 15:10:02 UTC
cf804e8f-3fce-483a-a2b3-808d2c370183,2015-08-11 15:10:02 UTC
7b2ca48e-c797-4dff-9dd1-fa0f5746c38e,2015-09-14 09:06:26 UTC
b913b5df-14c3-4963-b31e-19657116a781,2015-08-11 15:09:57 UTC
cf2ab891-5bd9-4788-8254-f9444423719c,2015-08-11 15:09:56 UTC
6db5a402-5916-4820-89a6-a19c6c9e085e,2015-08-11 15:10:00 UTC
8bbd6edb-4ae5-4435-bb70-b117ca318e5d,2015-08-11 14:45:07 UTC
e1f95744-84d0-4b0e-9440-276362406572,2015-06-24 13:56:44 UTC
bf7c96be-f832-4f26-8d09-b99888a22bd9,2015-08-11 14:45:23 UTC
97a145a5-3331-48e0-bf1f-db2d3653320f,2015-08-11 14:45:07 UTC
e85067fa-b970-46ca-86c1-cdc9385d9bca,2016-01-18 14:07:48 UTC
8a03d337-76a8-4f73-a448-19836ae7d08b,2015-08-11 14:45:04 UTC
e55645fc-e6dc-41a5-9e8d-7f091a942353,2015-08-11 14:45:29 UTC
57c6699d-ceda-4168-9d23-3fed774ca776,2015-08-11 14:45:29 UTC
f6bba68d-dc7e-4606-a3a5-6c7c2c3556d5,2016-02-01 12:57:51 UTC
520107d4-9402-4b0b-8464-c57f120281bf,2015-08-11 14:45:29 UTC
d8ceea35-f206-459c-ad31-4793218111ec,2015-08-11 14:45:28 UTC
9669d3b8-7deb-4579-bdb2-a7732040d445,2015-08-11 14:45:04 UTC
f49d8f49-34cf-4f09-9f2d-9aa7ff3f6aed,2015-08-11 14:45:24 UTC
98064598-1b4d-443b-bdeb-3ef45868913d,2015-08-11 14:45:04 UTC
5770e1e8-eb07-4329-ab43-832c9251c3f1,2015-08-11 15:09:57 UTC
26119306-c817-493c-a22c-6c1514dce907,2015-08-11 14:45:21 UTC
aac7ea82-fcac-4d0e-b1c3-12257c677cf4,2015-08-11 14:45:24 UTC
eacb5134-ce70-4d03-85f1-2e5ad4d1d504,2015-08-11 14:45:07 UTC
8e9496ff-f44f-4468-afb0-7aef6433479b,2015-08-11 14:45:08 UTC
96f7ce70-d4d4-4cb5-b416-ae1606966737,2015-08-11 14:45:04 UTC
1bba527b-5eb2-428c-87f5-0e2b386e3ed6,2015-08-11 14:45:23 UTC
7587f168-b318-480f-88b8-4e22acb0e586,2015-08-11 14:45:10 UTC
f4c90d15-fe78-49a9-bacd-7426f7c1363f,2015-08-11 15:10:02 UTC
a3c4ab69-cec6-4b38-8e9a-ae99b8a5fa3b,2015-12-20 20:58:13 UTC
44a488bf-2bdb-4453-8c1e-7cccd58e1161,2015-08-11 14:45:29 UTC
6bb85aa4-4986-41f6-a68d-6f1a7badf689,2015-08-11 14:45:24 UTC
4335e0db-8fbb-46f4-abb6-6e815279b6a8,2015-08-11 15:10:04 UTC
6bd343a8-ddaf-477c-abde-64dd9b0ca455,2015-08-11 14:45:08 UTC
7f4dd608-cbce-43bd-ba63-839066e3d104,2015-08-11 14:45:30 UTC
c9dedc39-8eff-4e75-ac40-bd578e312763,2015-08-11 14:45:27 UTC
8a8a7306-54cb-4d52-868f-0a2737e03481,2015-08-11 15:10:05 UTC
e43830e0-1638-4dc2-b578-8b14c82faf60,2015-08-11 14:45:30 UTC
933f0144-40a2-4390-9379-3457b09b71b5,2015-12-11 16:16:26 UTC
d1fa8c2c-cc4f-441d-be99-6880f9f08c12,2015-08-11 14:45:05 UTC
e3b21cad-1de8-4122-aa4e-ddba8ed85b13,2015-08-11 14:45:25 UTC
bc2c282c-9228-482a-bc20-78414ac8b43e,2015-08-11 14:45:05 UTC
ddb5fe91-707a-4ac6-8281-2f709d2217c5,2016-02-08 13:54:19 UTC
38b9e3af-9863-4b9b-a753-0b0256c564e8,2015-08-11 14:45:09 UTC
d2ba8e6e-d3c5-4343-af73-c110d6b3802b,2015-08-11 14:45:04 UTC
c258480d-c5c5-4aa5-9251-98d13b837fba,2015-08-11 14:45:11 UTC
d719d479-f34e-4411-8ce7-918ab7932810,2015-08-11 14:45:03 UTC
7192e2f0-0f46-47c7-ad4e-2553d8012018,2015-08-11 14:45:03 UTC
e562e6ee-3c1d-483d-ac68-d287f1d2b20c,2015-08-11 14:45:13 UTC
bee65322-4223-4d6b-bdf7-5c8f29fc3954,2015-08-11 14:45:07 UTC
f46ef358-315b-4d57-ae9a-c628538b09b5,2015-08-11 14:45:09 UTC
ca5e7c9f-659a-4997-b932-3bbe579218ad,2015-08-11 14:45:08 UTC
bb1ec4f4-e82d-4954-9b44-ed4df139baa6,2015-08-11 14:45:14 UTC
86eb717a-fb40-42e7-83fa-d031a03880fb,2015-04-08 10:48:43 UTC
61d038ad-ba54-40a1-b6ca-18b390138b41,2015-08-03 13:25:46 UTC
fa069a4b-be51-45dd-a579-d357864986c1,2015-06-24 13:56:41 UTC
3a3f833e-45a1-4bbe-9ccb-25affe4f9dab,2015-06-24 13:56:40 UTC
dd842862-e148-4fe3-b363-e57d6a2689aa,2015-06-24 13:56:42 UTC
5b8812ae-5fbb-4cae-afa5-bcd2df99dbbe,2015-06-24 13:56:50 UTC
a1c39054-4fd5-44e9-8d1d-0c7acd57a6a4,2015-07-07 13:11:34 UTC
eced4c7f-33ea-443d-8ddb-e79566360b69,2015-08-11 15:09:57 UTC
366eca04-620e-4eae-b4bb-d126645fbb0b,2015-10-19 20:09:46 UTC
063f3fae-4ee4-4506-a555-6b54dbe5ce37,2015-11-17 15:55:31 UTC
5a597bb2-7279-4fbc-b896-a162299116ee,2015-06-24 13:56:45 UTC
1a60abc3-8809-476a-afb3-8e03789eb040,2015-12-20 21:02:46 UTC
198949bf-1c38-4aa0-aa67-226af1dfd0e9,2015-08-11 14:45:17 UTC
f6790640-217d-4955-bf40-f4bbde3899e2,2015-12-18 17:43:42 UTC
77cc1ea0-efa5-4126-bd97-e31c496fc896,2015-12-20 21:05:28 UTC
