5c29bda3-d5b9-4979-ba8c-a0222962c807,2015-01-27 10:42:39 UTC
bac38799-97eb-41d3-8cd3-0d81b1640cfe,2015-01-27 10:52:36 UTC
afb1eb25-5af6-4aeb-ae62-9e6d54ff0b20,2015-01-27 10:43:26 UTC
dc3a1e99-cfc2-4065-9508-a55f711a2f5f,
8136bf67-d8c7-462a-bbbd-0d8c7e2c4661,2015-01-27 10:43:18 UTC
913a242b-900b-405b-8c12-a00a133ffa32,2015-01-27 10:46:31 UTC
eb2e2546-59ac-4c9d-a4c7-20c36b20d8c0,2015-01-27 10:50:49 UTC
74dc66d5-b37e-4ae1-bb68-f3ee51e79551,2015-01-27 10:45:20 UTC
3c6bf689-95a9-47f3-b55d-6eda535f3606,2015-01-27 10:46:12 UTC
369760a0-4a4d-4331-8918-3d30f204bf94,2015-01-27 10:52:20 UTC
9ea44cf2-7fe0-4fbf-9392-9b3aa30f0375,2015-01-27 10:48:39 UTC
4cda125b-87ef-4b38-99ac-dd5ab279d599,2015-01-27 10:46:33 UTC
660a8f9f-7199-48a5-a6cd-5f696e781868,2015-06-29 10:19:45 UTC
3652fbf9-3343-4c77-ade4-fa062d7b64ac,2015-01-27 10:44:50 UTC
3a33f005-77ff-448a-915c-fa68b2c1aa1c,2015-05-22 11:44:45 UTC
d4ce0ccf-a50e-4fcd-913a-e962c5f7866d,2015-03-16 13:20:51 UTC
6de8ab87-9035-478c-8e36-9524f83c8193,2014-11-04 16:29:15 UTC
cb115727-325f-4a3f-8a03-339055e288c3,2015-01-27 10:51:12 UTC
9a0268b4-df5b-46b8-8d6b-61dbfbddc24d,2015-01-27 10:53:14 UTC
18dc02d0-0cd3-4ecd-ad48-40283dcf9094,2015-03-25 11:00:54 UTC
3095ef3c-0f23-49bd-8cb1-a7bc66ea3568,2015-01-27 10:45:17 UTC
f72badfd-88b2-4c72-8865-026c58aab973,2014-10-24 16:25:45 UTC
5d8b72bf-d2da-4ca7-b61c-f54e08e77f82,2015-05-28 09:30:41 UTC
f43b5150-cf63-41b6-88ca-77fb3a057d67,2015-01-27 10:52:31 UTC
3c8bda49-7976-4b21-b944-05a6f903ffe4,2015-01-27 10:52:37 UTC
b62dffa2-4415-41e5-8601-90f6969c6a47,2015-01-27 10:50:59 UTC
0bc41167-082a-48d0-9c61-53817284043a,2015-04-01 08:40:41 UTC
1463000e-0005-4f85-b653-3668eb277723,2015-01-27 10:51:35 UTC
5bfde846-c61d-4ab6-865d-63ce65a0a348,2015-01-27 10:48:40 UTC
71f5f449-cd75-4cee-b3a6-b12671022228,2015-01-27 10:51:08 UTC
ffa21d5c-0256-4046-ae00-5580985b1a2c,2015-01-27 10:50:17 UTC
7500a0b5-5cca-4fa3-8f43-239453b1a2d8,2015-01-27 10:48:37 UTC
c396db73-cd76-4959-a1a7-c796d2f7ffc8,2015-01-27 10:51:04 UTC
551f6d8a-111a-4796-8e85-e29e6466c0d1,2015-01-27 10:47:01 UTC
5ecdd12f-8d38-434c-a1e9-0c58a881a2ca,2015-01-27 10:42:54 UTC
b042f957-e8a5-4161-b880-75a03e7d1db5,2015-01-27 10:48:44 UTC
bfc3ff54-4e0a-441a-a563-dbfd97df7627,2015-01-27 10:49:08 UTC
015262f8-5673-4b88-8233-e76d7342f2b4,2015-01-27 10:48:27 UTC
018361f6-6592-4ebb-aebf-e96a74edea43,2015-01-27 10:46:10 UTC
01d330bf-eec3-448c-95b7-374e5f336a55,2015-01-27 10:47:03 UTC
021d5503-c3b8-4f50-84a2-523c020244ac,2015-01-27 10:50:46 UTC
02a44f3d-bd6e-483b-993d-27eb1194947c,2015-01-27 10:53:10 UTC
038eb5c3-448b-4642-afab-9ecb9980e8de,2015-01-27 10:48:01 UTC
03a195da-a7f3-4e1e-8f4e-734785b54ef8,2015-01-27 10:49:13 UTC
052d31e5-8fe0-45ac-996c-009b354e5523,2015-01-27 10:48:13 UTC
07041fbf-1f92-48f3-9487-9f4986b39942,2015-01-27 10:47:58 UTC
0892d98a-3b9a-49ec-a667-59d72894b803,2015-01-27 10:45:40 UTC
08a28c16-13bb-46aa-a34e-7ab80b651ca5,2015-01-27 10:46:54 UTC
0a94fdd6-197f-487c-8062-a6c4929e98aa,2015-01-27 10:53:34 UTC
0b6734b8-4570-4981-94cd-163b40bbfcbc,2015-01-13 09:42:48 UTC
0b769651-8638-4c71-9f49-0ef99f39dd97,2015-01-27 10:47:13 UTC
0c5006a5-7c69-44ae-9798-3caade327350,2015-06-18 09:32:59 UTC
0da61bf6-1f1e-4be0-9d16-59bed9430646,2015-01-27 10:49:39 UTC
0dc189b7-3af8-4ec0-81cd-f9ef34632f6b,2015-01-27 10:52:11 UTC
0de4e45a-af0a-4276-add4-c1ed05ef8b21,2015-01-27 10:51:34 UTC
0f28d691-954f-4947-b0f6-4e2d391a9cb1,2015-01-27 10:43:55 UTC
0ff71993-00fd-4bec-a512-4a6ad4b4be74,2015-01-27 10:52:40 UTC
10a26ffd-6b9c-43e1-8ae7-4184c7b5ab79,2015-03-27 17:09:15 UTC
112b00b1-03c1-4b32-96a4-2adb0d6396ed,2014-12-01 17:00:15 UTC
11d71103-25f2-402c-bc52-692a6a3b4d18,2015-01-27 10:49:15 UTC
1264b547-734c-489d-b8be-fc1bb659dd7e,2015-03-11 14:37:54 UTC
126bd401-8640-4819-a39d-349b69aa3d4f,2015-01-27 10:48:15 UTC
13df08a5-4e8a-4f23-aa3a-a07b9dce405e,2015-01-27 10:49:14 UTC
17c88f28-db09-4471-a391-9e54b37fd627,2015-01-27 10:43:32 UTC
191bc604-7ea2-4980-af05-e4b785735d93,2015-01-27 10:50:14 UTC
19ebdc57-7a36-4ce1-bd15-815ef751838f,2015-03-13 14:47:45 UTC
19f3f8be-fdfd-49a5-af82-89d2880d7675,2015-03-11 14:37:27 UTC
1abed0bd-0c6a-422a-bca6-cad8f0292318,2015-01-27 10:50:11 UTC
1b52e59d-a124-4fae-b8d0-b8c434ce9fdf,2015-01-27 10:51:18 UTC
1c43f1af-df92-4586-87b7-1b5b46f9fb00,2015-06-18 09:34:05 UTC
1c49b08e-a45c-4dbd-b665-160e36eafc29,2015-01-27 10:49:18 UTC
1ca5b58a-82f6-4b7d-b530-e1e34788a45c,2015-01-27 10:52:13 UTC
1ccbe172-cfee-484a-9118-f7c77ee87f5d,2015-01-27 10:52:05 UTC
1cffd946-9fa5-43a6-af4d-017847faf5ba,2015-01-27 10:43:52 UTC
1f1f0cf3-3222-40b5-b9a9-3fdf10aa1681,2015-01-27 10:48:04 UTC
1fc19396-62cc-483a-88e7-f1035c471093,2014-12-12 10:36:54 UTC
237f15a9-20da-4c51-9a4f-528b6b28e83d,2015-02-18 11:24:24 UTC
23e13323-874f-4210-aad3-ca6ade9206f8,2015-01-27 10:42:27 UTC
24edcc49-46a7-4a2f-a2b3-24cbc592a3bc,2014-12-04 12:49:32 UTC
24f7bcc7-5a0d-4c95-b9fc-fce349ca9062,2015-01-27 10:48:20 UTC
24fda8bf-55c0-43cf-a764-2fce8f55d7c2,2015-03-11 14:37:10 UTC
270e294d-7eff-4732-b334-c984018bd2e7,2015-01-27 10:45:39 UTC
28547abf-35c8-48aa-b2bd-2e0db59ea149,2015-01-27 10:42:40 UTC
286264a2-5b1e-4eed-a898-6ef0d3bf4261,2015-01-27 10:42:42 UTC
28e446cb-a28d-41fd-bf14-97f002aef47a,2015-01-27 10:46:07 UTC
2b5461f0-9222-45ad-bc1a-f138dfaeb30b,2015-01-27 10:48:29 UTC
2b5acde3-4fab-412d-8517-077d65af0359,2014-10-16 12:54:52 UTC
2bd10121-40b8-4356-935e-95224749f40b,2015-01-27 10:49:12 UTC
2c93841c-cc9a-4dde-b025-1711e10d4cb7,2015-01-27 10:45:13 UTC
2e2e3f7e-67ca-42b9-9dd2-f16f0eefe350,2015-01-27 10:42:33 UTC
361d4abc-b8f3-466c-9c87-8e76488e8aca,2015-01-27 10:51:52 UTC
3680d72f-12b3-4000-a38a-90f5252cdc43,2015-01-27 10:50:55 UTC
3ebdfbe0-d8f4-4e5b-9a9d-b835e956befe,2015-01-27 10:47:19 UTC
41c3d3bc-138e-4230-bdbe-09a4cab5d8a8,2015-01-27 10:43:27 UTC
41c62231-3eb8-485c-9a87-535f19b713f5,2015-01-27 10:49:48 UTC
43cf8f74-8ac1-49de-be32-437efaff64ce,2015-01-27 10:45:18 UTC
445ae0f7-6e13-4d19-bd21-669e58d699a5,2015-01-27 10:53:30 UTC
48c4c3e2-e4f7-4a6f-87a0-e1e683fbbf15,2015-01-27 10:47:24 UTC
4abc10d9-d254-4553-b6d0-3db2d6a6b29d,2015-01-27 10:52:46 UTC
4b0fb752-34c5-4bf4-b3c0-1025e80b2b35,2015-01-27 10:49:34 UTC
4ce540e9-1d60-494b-a079-483d5e14d762,2015-01-27 10:46:00 UTC
4d04a4a9-6778-4582-afc0-92d128f6a14b,2015-11-16 10:54:50 UTC
4fd00cb7-33bd-4018-999e-08f1cb4254a2,2015-01-27 10:46:18 UTC
51054694-b947-40bc-83cf-88a35ff0bc2e,2015-01-27 10:44:47 UTC
54c881a3-1652-47e9-a858-2a4931a9d99d,2015-11-27 17:00:32 UTC
df21f8e2-0415-42d3-9977-1cb03ec323fa,2015-04-01 08:39:57 UTC
dda110da-c6e7-49d1-b7e3-5501ce948e86,2015-01-27 10:43:30 UTC
83c28cd3-05e5-4c28-ae6e-9639d83fb81f,2015-01-27 10:49:09 UTC
8f0061af-fdf6-4aaf-8880-20413136984d,2014-11-14 15:31:17 UTC
147f3e79-4e90-4e57-af41-d5faed2a86c1,2015-01-27 10:50:04 UTC
32404ed4-3e79-4aaa-8418-360c66ace032,2015-07-16 08:42:48 UTC
5de82eaf-4062-4ca0-9e4d-7fcc62b7b3d7,2015-01-27 10:48:53 UTC
8f14f489-860c-4ef3-b94d-e5169adb2618,2015-01-27 10:45:05 UTC
78ffc32b-946b-4c23-b7b5-75890fed78a6,
a971c1c3-6a3d-438d-be4a-ed05b9f964a7,
ccd39a43-36d6-4c83-a1d2-22da8d0c43c2,
4e0bef7c-fdeb-4a63-8104-6f291a45870c,
209af5d3-e929-4a90-b923-2369af13f9de,2015-01-27 10:45:34 UTC
7b8a7676-4869-4478-aaf8-47a1d306f2fb,2015-01-27 10:46:27 UTC
be6cb59a-b4ef-4a01-ada5-ef1ada26251a,2015-01-27 10:51:55 UTC
170e2ae8-649f-4329-887a-aed5c4b1dc57,2015-01-27 10:49:16 UTC
95793e4e-0efb-41e1-a303-dc1749fbbd83,2015-01-27 10:44:16 UTC
7607676b-77e2-4e1e-ab6f-cc6e3f995ee9,2015-01-27 10:43:50 UTC
97726264-ebe3-4f4d-b74f-31318ce86d9e,2015-01-27 10:51:56 UTC
b9954726-5d3c-4478-affa-b616d21eca29,2015-01-27 10:43:14 UTC
c42a3896-ce41-47e1-abe8-e6aa3e69c86a,2015-03-18 17:15:23 UTC
7635d305-7ffa-4894-95b8-078c05692c24,2015-01-27 10:49:27 UTC
aebfe6d2-425a-49bb-a997-3da244ab37f7,2015-01-27 10:43:59 UTC
d284b7ec-1e77-4213-b4dc-859d19e3d52f,2015-01-27 10:43:23 UTC
49ad94fd-b765-47f4-a454-c54083319b2e,2015-09-28 10:29:14 UTC
372e9081-11a8-47cf-a3c9-f749b25eb73f,2015-01-27 10:48:54 UTC
dc245875-6f1a-4217-93b6-5a79be2753b6,2015-01-27 10:53:11 UTC
e07dbfdd-86a8-4094-8b6a-0ddc4c722dfe,2015-01-27 10:51:49 UTC
6c619e32-2393-46b0-8978-0c725dcd9a60,2015-06-01 09:33:43 UTC
8748501e-66cf-4a96-aa56-aade336e2abb,2015-01-27 10:48:36 UTC
c02bf69f-1d18-462c-8ec0-868526adefa6,2015-01-27 10:52:07 UTC
1ce0bf6f-9803-4660-bdb6-fc59ff998544,2015-01-27 10:44:22 UTC
32e3adb2-1774-4c96-bdc1-8a93bd2c85d8,2015-03-26 10:38:06 UTC
bffab3cc-0736-49c3-9fff-d60133998ed1,2015-01-27 10:49:31 UTC
05f0ebb5-dd43-4350-b4cc-8003b96cb5c4,2015-01-27 10:42:31 UTC
290c1711-2259-440b-a0ec-5a9226eb5c60,2015-01-27 10:51:41 UTC
d0a9a0d5-d528-404e-8bec-2da05ffe2603,2015-01-27 10:49:58 UTC
442f4f54-6d1f-4640-b88b-1ce4d748b3cc,2015-05-28 09:23:49 UTC
b2d14aa8-a2c9-4930-9d31-8b6344d3c0a4,2015-01-27 10:45:58 UTC
2e891e4f-2da9-498f-8c1d-3b79ebdc5161,2015-01-27 10:51:57 UTC
7d7f971c-db61-43dc-bd72-8e1d169d1ca0,2014-11-04 16:26:34 UTC
6a947f61-ce19-4e41-882c-a6306289daae,2015-01-27 10:43:43 UTC
34476c12-fa4a-4225-988d-ea01adc2b489,2015-01-27 10:42:53 UTC
475d2796-5bf5-4ec3-b558-109207e6d89e,2014-10-31 15:20:32 UTC
5a145316-17e1-4b15-9a8d-d157d47f4eef,2015-03-27 17:09:40 UTC
0ebb8434-784d-46f8-9b44-df04652a4a93,2015-01-09 15:05:47 UTC
d8ce4720-4922-419b-8fba-de024dc1a4ed,2015-01-27 10:47:29 UTC
4f53e169-a35b-43f1-a4d7-f18893df659b,2015-01-27 10:43:00 UTC
2b880b5a-69bc-4701-8ae2-b5bf8cf324c5,2015-01-27 10:46:13 UTC
63aa35f8-d716-449b-9bbf-df53a0451fcd,2015-01-27 10:44:58 UTC
69e22d61-3399-49c0-84e8-b268bad5e511,2015-01-27 10:50:08 UTC
b2f1760e-71d1-4899-87db-65fbe32b954e,2015-09-28 10:26:14 UTC
3269acad-61df-4bb4-ac24-c035c52f33af,2015-01-27 10:44:19 UTC
1e6a1b5c-3086-463e-8296-7072f1298548,2015-01-27 10:46:44 UTC
105d356d-5519-4b9c-ba36-77f37474a959,2015-12-02 15:42:33 UTC
c6d5499e-74a5-4887-af9c-7d5966c6bdda,2015-01-27 10:46:02 UTC
fef3de4d-34a6-42da-926a-2616b6a67f95,2015-02-26 17:34:27 UTC
cf3e0d22-9d8e-4a56-9103-698e2bad88c4,2015-01-27 10:45:42 UTC
2701fc9c-aaea-4726-b7b8-e82fbadefadb,2015-01-27 10:45:19 UTC
19ce2f46-2e9a-49f7-839a-02af77ff03f2,2015-11-19 15:17:14 UTC
807398f0-9cb8-4ee9-9147-c487effd9634,2015-05-07 12:31:29 UTC
ac921613-4bc4-4df2-80fa-edf36f95d841,2015-01-27 10:50:52 UTC
32acdf47-bc68-4136-8776-73cd94e4e185,2015-02-26 17:34:12 UTC
e8b8f979-be57-4dea-8aed-f82ecfadd068,2014-10-23 09:03:01 UTC
1a6c86d7-b304-41e3-ba92-9e1beb1c8f85,2015-01-27 10:52:58 UTC
5573bc5c-bf66-4d07-b844-cbda5416674f,2015-01-27 10:50:47 UTC
287d0d10-4876-4ce6-a7cf-54792c2d5b05,2015-01-27 10:45:08 UTC
d63cb3da-163e-4dc8-ab9b-39e6b2b233a0,2015-01-27 10:45:03 UTC
8cb5ab80-95b7-493c-a128-95b08e9ccd24,2015-01-27 10:44:57 UTC
ce7f6312-ee31-4674-b616-d71ac2ed310a,2015-10-19 09:30:55 UTC
8f5959ef-b913-4f39-9d6d-08a524a67ebf,2015-01-27 10:46:58 UTC
191f776c-47fe-4437-beee-b0399a0cb81e,2015-01-27 10:47:00 UTC
a1d6a2b1-f2bc-49b3-a336-cca6e6d42c59,2015-06-18 09:33:23 UTC
8aeb7cc6-75a2-457d-851f-34078c2fe40b,2015-01-27 10:52:28 UTC
0f83e400-9d1a-4411-a48d-6777bc3525a0,2015-01-27 10:45:12 UTC
305d466b-ff80-4e33-aa93-2de3830fd2a0,2014-11-21 11:57:17 UTC
351eecca-1571-440a-b65a-7b6bbe82c9fb,2014-11-21 11:57:37 UTC
305f46f3-f588-4e15-ad86-cf9bc7d8d292,2014-12-05 10:20:51 UTC
84f51fda-ee1f-46fd-b68a-09b3eee07011,2015-01-27 10:52:53 UTC
3ea43505-e34c-4241-959f-e779352ddb59,2015-01-27 10:50:42 UTC
110e43bc-d4b4-4843-b90f-a6e28a40777d,2015-01-27 10:48:44 UTC
140d5868-5c9d-4601-9f37-a50241e8de55,2015-05-28 09:30:20 UTC
c8abf0a4-fb80-48d8-94a6-434196cba44c,2015-01-27 10:46:32 UTC
652980d1-6afc-4b40-b8e8-accb80ada18f,2015-01-27 10:45:48 UTC
903f45f6-59e8-4807-93fe-4abd55cd5b91,2015-01-27 10:48:51 UTC
5deb9cca-0b3f-4002-a9fa-531c4363eb7e,2015-01-27 10:48:33 UTC
d797c6f2-2b7c-4abd-83c9-3d6278abc224,2014-12-19 12:00:21 UTC
1c9f1d46-e4c0-4b1b-9938-23829c4dfe91,2015-01-27 10:50:32 UTC
2a9d2d2b-f41e-4eb7-b5d6-f198487409d9,2015-01-27 10:47:33 UTC
086c100e-52f5-492d-9533-d26256ea4d5f,2015-06-29 16:31:23 UTC
9d256caf-91dd-4914-bc15-a5efd9b6e3c3,2015-01-27 10:47:46 UTC
e82f74b0-8e8a-4eb1-8d68-bd41c53a879b,2015-01-27 10:48:26 UTC
db9db4b1-d9f4-4f3e-9d8a-cd5d6fb983dc,2015-01-27 10:45:37 UTC
6d509c55-62c2-415d-9406-b4bdd7a627ab,2015-01-27 10:45:43 UTC
fc1bf155-85d8-4a7e-8e21-5b308fc94ae4,2015-01-27 10:45:47 UTC
d4911ba7-9f43-410e-bd80-ce6f90531695,2015-01-09 12:24:10 UTC
57cfab05-d668-4bce-8fca-373e7d88a002,2015-01-27 10:46:08 UTC
5df0f8db-12af-40b0-b91c-a753b17ffad0,2015-01-27 10:47:10 UTC
b4f0dfbe-49f6-4cf5-bda7-c51183061919,2015-01-27 10:49:10 UTC
a0b1a0d7-6ffa-44f6-bba0-1346e2c90d6e,2015-01-27 10:48:52 UTC
7b86ab86-5d96-494e-bc0b-05c85f0fc701,2015-01-27 10:52:59 UTC
eaff1d66-394d-4c9c-b22e-cc6679591dca,2015-01-05 13:48:09 UTC
cb496337-e155-41fd-ac42-1a1098cadec0,2015-01-27 10:44:34 UTC
2f9363a2-9bc3-4233-8eb2-ce61857b8677,2015-01-27 10:53:24 UTC
5236c2fb-22ef-439c-ae3b-a1430703b769,2015-01-27 10:44:24 UTC
1d5e5211-5e3e-4e4e-9aab-e55de80198de,2015-01-27 10:44:17 UTC
6c058284-5a98-4739-8cdc-ea9cd7f59c9c,
4442d476-aa81-4fd4-aed9-4f8a04f18caf,
745834dd-30ee-4bd2-8911-71c502e38803,2015-01-27 10:42:43 UTC
30ddbdb3-37ef-45fc-b9fb-9b111dcc3cbb,2015-01-27 10:42:37 UTC
cb3104f4-7f7d-4b41-8335-21f65de38713,
8c2f4376-2df0-477b-a9ef-8e0cde6284a5,
9804a180-88c8-4524-8a8b-cb79c13e9c28,2015-01-27 10:44:11 UTC
03d31263-5db8-40ba-8804-a5c5daf47728,2014-12-12 08:36:01 UTC
aba59de1-298d-4520-a9f9-a97ab060a499,2015-01-27 10:51:37 UTC
682dc566-e6ff-47f9-9ec6-de52783f7735,2015-01-27 10:43:08 UTC
3ca538ed-757e-41a7-9b5d-ffe65eb62af1,2015-03-18 17:17:35 UTC
a22f6a5a-c108-44d3-9908-fe9b57301db7,2015-01-27 10:52:55 UTC
86b6c67b-b535-4573-b0f6-ae49ae939013,2015-01-27 10:48:56 UTC
7d586706-b662-44b9-b688-5d9aaab63398,2015-01-27 10:45:51 UTC
941ee52f-0a44-4320-9326-17fe337f1f06,2015-01-27 10:50:57 UTC
14e23488-ea8c-4320-8a5a-220a0b991f77,2015-01-27 10:49:37 UTC
6db51ac5-ddc9-4a81-be04-52ce578088d6,2015-07-14 13:34:06 UTC
0b40211b-dda5-431a-bdd0-7f7d8f03b770,
ab7a951d-f64a-4d64-9b84-6d575b3ed91c,2015-01-27 10:47:22 UTC
fd4dff07-ce17-41dc-bfca-ccd23c4b064a,2015-01-27 10:47:27 UTC
3c6fd83d-2dc2-4dfd-a501-4dc043dbad60,2015-01-27 10:46:59 UTC
fd6828b1-57a2-4749-b7d0-92aa17142a62,2015-01-27 10:51:58 UTC
beb38189-3e50-442e-a485-95578236969a,2015-01-27 10:44:25 UTC
45f9f4aa-1b16-430b-9082-484fed73d8d4,2015-09-25 10:00:04 UTC
a2f68c6a-99ce-413e-ad0a-c3a33512ea57,2015-01-27 10:51:53 UTC
80d6aec3-619b-4959-a1fa-7a30faea8e40,2015-01-27 10:45:10 UTC
68a28558-6dab-4f3d-bdfb-228fc1417aa7,2015-01-27 10:46:05 UTC
c7e03b99-ff7b-4f53-ade7-27804867e868,2015-01-27 10:44:21 UTC
d9b81fb7-e507-48f6-b26a-a7c3ce4db48e,2015-11-29 14:38:06 UTC
bb37406d-56c9-4114-80ea-807396f63a53,2015-01-27 10:47:36 UTC
bb459770-2f2c-4e04-8f19-f7a7e83454e6,2015-01-27 10:52:43 UTC
d7766cf8-a20e-471c-a9db-3e62897e60aa,2015-01-27 10:53:39 UTC
6552f44d-d778-4551-9698-931fe180c071,2015-08-21 10:32:09 UTC
885f3429-5377-49a6-be3d-303b24429d5b,2015-06-25 08:00:19 UTC
f92f6595-1e72-45d0-a523-31f6bc6a18ec,2015-01-27 10:53:37 UTC
803df569-4f96-4f7a-95e1-91cfcdf09d36,2015-01-27 10:42:47 UTC
ff2305c8-293c-466e-8f10-e191c79f4254,2015-01-27 10:50:16 UTC
127a4001-72c4-45ca-8d6b-91a3dea7b1f0,2015-01-27 10:46:49 UTC
d0ef5edf-3cba-4426-9591-66910154b1b8,2015-03-13 15:45:35 UTC
f1c890da-5dbb-4d8c-b14a-0082601a1733,2015-01-27 10:49:03 UTC
29d8f7c6-163a-47ce-b06d-a6caa8663aa8,2015-01-27 10:42:31 UTC
8bf39dd4-ee83-4fcb-a827-f26e34b424cd,2015-01-27 10:43:21 UTC
782dc163-1ecf-4bde-8cdc-b116d57d0bac,2015-04-01 08:40:09 UTC
8f81243d-08b6-4721-8963-4e413d3d2262,2015-01-27 10:46:43 UTC
46f5839e-6951-405e-8bb7-ee423868c59f,2015-01-27 10:44:41 UTC
805cea79-f028-49cf-ad9d-c9a78df7612e,2015-01-27 10:44:38 UTC
318d7749-628c-4ddf-9dc7-4db9397e3141,2015-01-27 10:44:37 UTC
2b249dcf-4cc9-492f-b0b5-2a650b2cc9a5,2015-01-27 10:43:37 UTC
77c91017-cb74-40e0-a640-2f16ff63db1c,2015-01-27 10:45:31 UTC
2c29098a-b69d-40ca-bdf8-5b5c3f4b81eb,2015-01-27 10:42:38 UTC
19bbc16f-dac2-45b9-bb2a-4b50aabacb9a,2015-09-04 09:52:27 UTC
8dfeb77d-9757-463d-a775-f9df9aad9c32,2015-01-27 10:53:17 UTC
5d462013-96fc-480e-a15d-8c3796dd9499,2015-01-27 10:45:55 UTC
4472a499-5a0c-42ff-8d18-3be8ea59d166,2015-02-20 17:25:18 UTC
6e73f2b8-35d9-468c-a7b1-87da7c9ac09a,2015-10-06 14:20:12 UTC
9a6942ff-5b0f-4aca-85ba-b87e20d4ae32,2015-01-27 10:46:20 UTC
b6b6ded0-9c8d-4c89-ac7c-f49015d00970,2015-01-27 10:51:14 UTC
107fe8f0-5801-4e7b-87b4-8afdd7e61efa,2015-01-27 10:49:57 UTC
e3a440b3-000d-42c0-b693-d22c60da6c2e,
d902fe6e-4667-49c5-b867-f4ac1a1b704a,
def0c043-e2d5-4ce9-98e6-019a3bfbf732,
6901cf27-f606-4e70-b174-c85d56a8ff38,2015-01-27 10:49:24 UTC
eba3f799-d191-4694-af79-8ca908a3edbe,2015-01-27 10:52:49 UTC
c4d0cc2d-c0bc-406f-8a66-a576febf71f0,2015-01-27 10:48:12 UTC
b24fe1e3-46b5-4ca1-bda8-4059b7d44a2b,2015-01-27 10:43:12 UTC
ec4c54ce-38e7-409c-9d29-a43e07df018f,2015-01-27 10:44:43 UTC
647d0bc8-7a40-4d42-a436-420ba2c74af5,2015-05-28 09:27:57 UTC
25fb9e55-1637-4db5-9410-ab9810523381,2015-01-27 10:52:04 UTC
ab4f207f-5054-4bd5-9b2b-808917e8d314,2015-01-27 10:48:48 UTC
6a69439c-e286-410a-ac11-16573e696a9a,2015-01-27 10:44:53 UTC
78718928-2884-4092-ac41-4c3c35d6ee83,2015-01-27 10:52:27 UTC
553d0b56-4570-41a0-8064-ed0ec28b2a59,2015-01-27 10:46:45 UTC
4e313ef0-99de-4d13-925a-895614792929,2015-01-27 10:52:48 UTC
39a012b3-638b-462c-b51d-408c93da2d11,2015-02-17 15:27:50 UTC
ea9f3498-c6ff-47b2-8442-4db8b188eda3,2015-01-27 10:48:16 UTC
78b4ad87-e84a-4f13-9a60-bc521a38eb60,2015-01-27 10:48:42 UTC
9b47018e-7211-45ea-9a7f-9a6152cfeedd,2015-01-27 10:49:06 UTC
3a559fe1-59a6-4305-b776-8985f64c0189,2015-01-27 10:48:02 UTC
f6deef64-22f5-4674-8934-d945e234367d,2015-01-27 10:47:51 UTC
5d244a53-6c55-4177-a90d-13951db710fd,2015-01-27 10:51:45 UTC
e2a5ea79-418b-42b3-9ed0-b93f9f307eb3,2015-01-27 10:49:17 UTC
3b6e9d97-36e2-4558-a75d-46cca76e1c1e,2015-01-27 10:53:38 UTC
ac5e0f96-ab97-4044-b1d4-e2f020c5f788,2015-01-27 10:51:07 UTC
5b6b5958-3a52-47af-9543-d3640ad97be3,2015-01-27 10:47:50 UTC
dd7041b1-a530-4d15-9234-9f7ac18d86da,2015-09-04 09:52:56 UTC
5703c538-33ce-417a-ab21-2d7e1e69c946,2015-01-27 10:50:51 UTC
7ed9d5ea-8244-41fd-9abd-7a286ac8f107,2015-01-27 10:53:04 UTC
bbc41712-1149-40cd-8b5d-bbdd2aecd5f9,2015-01-27 10:47:21 UTC
b2884559-0284-4c10-87c8-3e49271fd829,2015-01-27 10:46:39 UTC
a1794b96-7a6f-40bc-8494-d1ab043a6137,2015-01-27 10:50:53 UTC
dc14c650-5ece-4421-b0bf-ecd65c5c94d1,2015-01-27 10:50:56 UTC
8be1e1cd-45e2-478f-be63-47ec7c3260d2,2015-01-27 10:50:58 UTC
ebca69ef-35fd-4201-bf1c-4fd7d6ac8232,2015-01-27 10:47:08 UTC
e8ea89e4-237a-4752-952a-7e77a276208e,2015-08-28 11:25:31 UTC
d1ca24cf-355e-425a-9110-6cccad8eb199,2015-10-08 12:09:44 UTC
63c59cf4-2d30-41b5-86cf-f40c6f704225,2015-10-01 13:01:57 UTC
ebfccb24-957c-4486-9397-8cc5123484e8,2015-01-27 10:44:15 UTC
652644b3-37f0-43c6-9cb0-025d147adace,2015-05-28 10:58:08 UTC
f195f846-5faa-4a05-bbea-192275e1ffcb,2015-08-04 09:46:11 UTC
ce19bcbf-2755-4888-b021-258642ee3bd0,2015-05-28 10:30:16 UTC
cbb5f62a-cd01-402d-8d7d-c586ccb6b826,2015-01-27 10:53:07 UTC
d2900be8-7f5c-4b35-8488-8cdfde4f3b02,2015-06-18 09:33:58 UTC
1e286716-38d2-4293-b79d-d45d46bfdfd6,2015-01-27 10:50:28 UTC
d560faf1-6ad2-4eaf-b5a9-82c213ca3b84,2015-01-27 10:53:16 UTC
c4ef0c9b-a41e-448d-a679-6ef4b70d7a57,2015-01-27 10:50:41 UTC
40871438-b0bc-4f28-a23b-19c8412d9c7c,2014-10-24 16:41:35 UTC
4343ffea-4033-4be6-845d-af9ab76e2d96,2015-01-27 10:51:15 UTC
cbeb477e-2c12-466e-82c1-068309ab316f,2014-10-24 16:40:21 UTC
31cdeb27-fd19-472c-8ffc-dc6890839a49,2015-01-27 10:51:26 UTC
f6f9a03d-7785-412a-bb31-c92546f058ea,2015-01-27 10:49:01 UTC
f9622269-25c9-4b55-833f-65ba858f1e63,2015-01-27 10:49:05 UTC
d6202da2-efe9-453a-8878-bccdb62ae630,2015-01-26 15:55:34 UTC
650fba9a-92ee-4e2f-9cb6-4812da9cb785,2015-02-20 10:05:40 UTC
9091466a-156b-480a-98a1-4c7292122661,2015-01-27 10:50:06 UTC
a83b2355-cf85-4ea2-9ce9-36a9c5203ae0,2015-02-13 11:42:11 UTC
b4e872d8-745c-4e88-b3ce-752140294284,2015-01-27 10:52:25 UTC
5f4a1e0c-af2e-4db2-9ebf-eab5d2b28a93,2015-01-27 10:50:10 UTC
7b8e5a0b-a7b2-47f5-85d9-5f142a057938,2015-01-27 10:45:22 UTC
0c35b0e0-147a-4eb7-9e0c-ba6337e46283,2015-01-27 10:45:25 UTC
cc85ec4e-097e-4170-8996-5dfd9400da04,2015-01-27 10:50:37 UTC
d4637cc1-b72b-4437-beaa-e10b229066e6,2014-10-20 11:22:43 UTC
6a16c469-59ce-40e5-b5ce-f70e34c8cd80,2015-03-11 14:35:46 UTC
6e259071-8500-4b9c-bbb7-b817f8243515,2015-03-11 14:38:03 UTC
9dc39292-2933-4fac-bf26-144253df7b77,2015-03-11 14:37:18 UTC
cd2f9dd6-7dd9-49da-a4b4-0ca726b44d76,2015-03-11 14:36:59 UTC
fc525ae8-f4e3-47ea-97d9-93b087c30f8c,2015-03-11 14:36:49 UTC
a031a797-7d40-491d-aad1-796661fa8c76,2015-01-27 10:50:36 UTC
8f7cb24a-5aea-421b-82a1-49329673b45a,2015-01-27 10:50:31 UTC
9e710f2a-05d4-40fa-887f-9307da07f4e9,2015-01-27 10:45:28 UTC
7be2358a-e26d-4850-82a8-8b430eb38031,2014-10-31 09:43:44 UTC
ad7c8c18-5d3d-4098-8462-b1c9406f152b,2015-01-27 10:45:41 UTC
95f16717-2b26-491b-9e1a-dd3309894a22,2015-01-27 10:45:45 UTC
42167048-9232-46ea-848a-1b775f99e80f,2015-01-27 10:45:49 UTC
a253739e-51f5-4a6c-98bd-19aa0e068b7e,2015-01-27 10:45:52 UTC
7c8cb0a4-f1d1-49b5-9521-d362f61c2654,2015-01-27 10:53:03 UTC
11a27943-ac4b-48b8-bdda-790fc4cc03fd,2015-01-27 10:52:39 UTC
66335c9d-239d-493a-bf20-fa4c4b9d3770,2014-10-24 16:40:54 UTC
ab8cd9da-5198-4356-adc7-25d47f9b9061,2015-01-27 10:50:44 UTC
19a2e0d2-f4ed-4d34-8347-04af5ce16dde,2015-04-10 12:39:19 UTC
848b8d77-734a-405a-9852-deafa01954ac,2015-01-27 10:46:26 UTC
f67085c6-33fb-40c7-a5f6-649e4717ece9,2015-01-27 10:46:28 UTC
54088d9f-cfa1-4f8b-8098-6296e4ab515a,2015-01-27 10:51:01 UTC
803a2711-fe94-4b8b-b8f8-60c63f21a315,2015-01-27 10:51:02 UTC
6be1272a-b4cb-4e68-8cc3-07b65520e169,2015-04-01 08:40:22 UTC
6bc653b6-6a28-49c0-a8d8-2e31489e3f71,2015-04-01 08:10:47 UTC
5806e190-3e72-4be5-9569-dc3bf8fb5430,2015-01-27 10:51:33 UTC
b352da91-87e8-43db-9d91-1dc1d8550bc7,2015-01-27 10:47:26 UTC
8f722686-bb3b-4313-82c0-781d2d9ed891,2015-01-27 10:51:36 UTC
26ae43af-dc92-45f4-bbc8-e975ca9b3565,2015-01-27 10:53:33 UTC
5e2424d3-3b98-4218-a955-ce901376f3d1,2015-01-27 10:48:47 UTC
21136bd4-f9bd-4666-ac3f-1a05a4a503ca,2015-01-27 10:48:55 UTC
53a2bc26-6ebe-47af-8069-8b1f678b0ab2,2015-01-27 10:48:57 UTC
927d53bb-8ef0-4ed3-997d-03f4b0448e7a,2014-11-20 16:53:29 UTC
7c1fb224-5329-4421-86d8-f77be260d8b0,2015-01-27 10:51:10 UTC
4359711e-de66-43ce-836f-08a63224c332,2015-01-27 10:51:22 UTC
61f362d6-43ef-445d-b721-fe98b67a4ec7,2015-01-27 10:51:24 UTC
20f0c1c4-b699-47cc-9aa1-65f6dbc3ed09,2015-01-27 10:53:27 UTC
7f57ed71-e8bd-4340-b41e-b344e4f37bff,2015-01-27 10:53:36 UTC
bcb70e99-b35d-4a20-9121-4e04132d5c5e,2015-01-27 10:45:54 UTC
9dbff1bc-c4ef-46dd-b4fe-22078812ed65,2014-10-31 16:25:46 UTC
b083b6de-18ba-43b6-8457-0799b84dda2a,2014-10-16 16:17:03 UTC
e21ec7bf-fa61-443d-9f5b-232130e856c7,2015-01-27 10:50:15 UTC
5aaa04b1-c628-42a9-97e2-0c487b995404,2015-01-27 10:50:22 UTC
aecea455-42e7-41d7-a545-8194bddb1036,2015-01-27 10:50:18 UTC
9f8eb6d8-9bd0-44fc-a50f-77e57ca81aa8,2015-01-27 10:50:20 UTC
12e7aa9b-1e15-4ba1-a47e-135c5624b43f,2015-01-27 10:50:21 UTC
66311124-482e-419c-abeb-2d45670ecd5c,2015-01-27 10:48:35 UTC
ee773a09-c385-4598-8563-37bf4bd16ad6,2015-01-27 10:44:31 UTC
5fcd540c-3c19-4a7e-84a6-a071b3693cf4,2015-01-27 10:44:27 UTC
8d80a555-3e0f-4911-bb8a-b54391dc458d,2015-02-13 11:41:49 UTC
ef16ff31-6b8f-4612-8790-8520f964877b,2015-01-27 10:48:38 UTC
dc1ad41e-a6b0-4d01-a2fa-2ba6be7fe16d,2015-01-27 10:47:45 UTC
4b1e34e5-cad8-423f-83d4-cd8de5788718,2015-01-27 10:48:19 UTC
10c14e10-4ef5-40bf-b1bc-2cb810f064d5,2015-09-25 10:03:14 UTC
e4ef73d7-5fef-4149-843e-27ea0d28cc02,2015-01-27 10:43:10 UTC
3ae2ef39-ab54-4cc0-a4e3-7fe5f4fa692a,2015-07-06 18:44:43 UTC
b440dff0-e2ce-4a63-8284-2fef5a3589c4,2015-03-11 09:26:33 UTC
17ad6dfd-0aa4-4d43-b3c7-679ff3ec121a,2015-10-22 16:14:13 UTC
b9eda695-8ed3-4338-bd69-0a8e687287ab,2015-01-27 10:49:45 UTC
bd88d3fc-d4ad-4719-b193-94e42ccc8338,2015-01-27 10:45:27 UTC
0b0a7b2a-ba47-4bec-98f3-619e53d8360a,2015-10-05 11:27:45 UTC
12b735f0-f1b9-480b-b68f-c0184a17fc3a,2015-01-27 10:52:42 UTC
53a8954c-dded-4662-a2b7-3a6ffe081683,2015-01-27 10:52:47 UTC
791044be-b5a5-4863-be2b-92dada452900,2015-01-27 10:52:57 UTC
60ce6790-ca5d-4139-b5f1-ac749d335a09,2015-06-18 09:33:13 UTC
c7b1f7e4-63ec-49b9-8553-984dd8dc968f,2015-01-27 10:53:00 UTC
fab9bac8-1659-42f0-a933-883332bd96b7,2015-06-23 09:29:37 UTC
7c83e4bf-7265-45d3-acdd-61b87edbb6be,2015-06-18 09:33:45 UTC
721b28b6-74c6-452e-bd56-a9c68659b8c0,2015-01-27 10:48:00 UTC
54e54ba5-67cd-40f8-b3f9-450e4d147c65,2015-06-18 09:33:36 UTC
2fb1bc0d-ff6c-4162-9bf3-553088f5ea8d,2015-01-27 10:51:51 UTC
be52dc0a-9915-4657-ae14-d819a6d6f893,2015-01-27 10:50:01 UTC
414846d5-34a6-487a-b05e-bac36cd8a62c,2015-01-27 10:42:58 UTC
7e3604c4-8a7d-4ead-ad99-b74b9ad079e0,2015-01-27 10:42:59 UTC
abbc6f79-2dfa-4415-a3f9-1b32e213f16b,2015-07-08 18:58:46 UTC
da998fa0-57b7-4b54-98d3-4e243c80faad,2015-03-04 12:56:33 UTC
a8c72806-418f-4f97-99dc-c1d65c1fed04,2015-01-27 10:42:46 UTC
d5d836cc-09aa-4e23-b884-44297e33d78d,2015-01-27 10:51:40 UTC
a51eea01-1ec0-4f54-bc93-17b6cb6827fb,2015-05-19 12:02:04 UTC
5f2058eb-f74d-4667-9257-53fd7d0aa05a,2015-01-27 10:43:31 UTC
728e9a4c-7efc-4e18-8833-032a5f4603fe,2015-01-27 10:44:32 UTC
0b88994e-12ee-4cf1-9c07-a70c3790eb29,2014-12-04 10:12:43 UTC
2cf1b312-b22c-4468-8c3b-8e35dc1e9230,2015-01-15 09:50:27 UTC
b0fd24d6-cafe-44c9-bb7c-8e6153e3fb35,2015-03-25 10:59:48 UTC
84a43d75-04de-42a9-aafc-e19cb3d08480,2015-01-27 10:51:42 UTC
f066e508-9e03-48f3-810a-4e231305330f,2015-01-27 10:51:43 UTC
192f38c8-90d8-4eeb-b72e-18f6211de097,2015-01-27 10:43:04 UTC
0f1e6806-f505-4ebc-a000-0bb6b3f579b9,2015-01-27 10:49:40 UTC
0c7b97c0-f551-4a77-b8a5-5fd44bce05ea,2015-01-27 10:44:28 UTC
9b7b8b0c-0135-4be7-a355-4b7d69c63545,2015-07-14 13:31:44 UTC
72fe0d7a-5d90-4ac4-bd57-93d3aaced047,2015-01-27 10:49:51 UTC
ff740250-4320-49ed-bbee-b2717cc6a4fc,2015-01-27 10:49:52 UTC
17305ee2-e05e-4509-b898-075f60b9bac0,2015-01-27 10:49:53 UTC
269de918-e904-4046-8b72-8262a6b332c4,2015-01-27 10:49:54 UTC
503be7c7-06d4-4882-baf1-a2aa5746cd5a,2015-01-27 10:49:55 UTC
2fe8b4f7-39f6-4251-a54d-7a42bd18fcb1,2015-07-21 11:06:17 UTC
dd825bdd-de51-4440-b82e-bc96786c065e,2015-03-25 10:59:13 UTC
a2a8c7ca-7265-4f22-b581-4969c022e3f5,2015-01-27 10:45:02 UTC
da397e36-8634-4f2b-a1de-894cdb82bd9b,2015-01-27 10:45:04 UTC
48bf3a4c-a49c-4553-96a9-d8e0e644b814,2015-02-24 14:02:15 UTC
9687daa2-bbe0-44b6-9f4c-abedb5ef0d1a,2015-01-27 10:43:42 UTC
5d7030a7-be84-49a8-a671-a76e58e84672,2015-01-27 10:42:23 UTC
4ae22730-7386-48d1-ae47-75a63e000500,2015-01-27 10:51:59 UTC
4921a2cb-43ac-4a11-9d75-d037e39787cf,2015-01-27 10:52:01 UTC
0854b84a-bff1-4b35-ad41-844ff55614b4,2015-01-27 10:49:25 UTC
5ced87ca-6024-4e07-b10e-8ed471909bb6,2015-01-27 10:43:40 UTC
309d9fc2-f7cd-43b4-b718-cdaea0f729df,2015-01-27 10:47:34 UTC
17737c28-8012-4657-8caf-49628c39d14f,2015-01-27 10:49:50 UTC
2903899c-3c23-4ef8-887e-60239ee5e984,2015-01-27 10:44:35 UTC
4602ef9e-710b-411c-b78e-11df9eadcb47,2015-01-27 10:44:42 UTC
39147d4b-930a-42ac-a6d7-877ca4a11d3b,2015-09-28 11:43:29 UTC
c56d07a8-02dc-4328-ac4a-a79b33ac3ff7,2015-01-27 10:43:54 UTC
862e4734-ace1-463a-b539-e2993ca751d3,2015-01-27 10:46:15 UTC
61126495-732b-4e2d-9066-d1c5ecc3da68,2015-10-15 08:54:44 UTC
5e5722da-e787-4b7e-81d8-0cc6b656f1cb,2014-10-16 12:55:03 UTC
4d18d1d8-2c18-45b8-b88a-e60360b5939b,2015-01-27 10:45:15 UTC
5f54c999-acfc-493c-bedd-cc015a9253d3,2015-04-01 08:41:37 UTC
a69fc788-62c9-4728-a9a4-aa4bcae6b1b6,2015-01-27 10:46:06 UTC
ddaad27f-d806-4ebe-a26b-e718d33ab539,2015-01-27 10:46:52 UTC
0b95508e-613a-4329-81db-a734d4c389d9,2014-11-19 10:08:35 UTC
8d9133b7-430c-4aa8-9381-f64629766b74,2015-01-27 10:46:22 UTC
98f78067-6e8b-4fc1-bcd2-d00cbdbfa6bb,2015-01-27 10:46:24 UTC
038f613c-908f-4851-b47b-11d28dcc662a,2015-01-27 10:46:34 UTC
6194bdcf-0718-41a1-a46f-d741206cc1ac,2015-01-27 10:47:12 UTC
1cee34a8-4cff-4db0-9e51-abda87e243a2,2015-01-27 10:47:14 UTC
5af724bc-1d6b-4ae1-ac52-f282871e235d,2015-01-27 10:47:23 UTC
8c3dbe59-213c-4fe1-946f-c2554566f922,2015-01-27 10:47:40 UTC
4c92e1be-0468-46e3-80c7-f8c82cfcb466,2015-01-27 10:47:55 UTC
4fe74cbb-80b4-4a06-9e43-4a24ce9aace8,2015-01-27 10:48:31 UTC
7d501e6a-b126-445a-a2c1-1c78c73100c3,2015-01-27 10:50:24 UTC
4d1d2a88-7457-4892-adb6-87879a7376c4,2015-01-27 10:49:00 UTC
5fe2454a-bf24-4f17-900a-d312f1d0781e,2015-01-27 10:51:05 UTC
68e0a00f-c06c-413a-8144-e2dce8e3e50b,2015-01-27 10:51:27 UTC
dd8f259e-8713-4b14-817c-340ec369e7b5,2015-01-27 10:53:19 UTC
eadcb206-ee7f-4597-9878-a5456d395566,2015-01-27 10:43:29 UTC
7746130e-0ac1-4755-aeec-567e3d5d0916,2015-01-27 10:48:11 UTC
9212f7f2-92f1-433c-95d4-1cf8d9483a58,2015-01-27 10:49:20 UTC
d4ab67b5-0582-4096-a715-06aa2a731cca,2015-06-29 16:31:59 UTC
19321c9d-a19f-4557-8c48-4bbb314fafa3,2015-01-27 10:45:16 UTC
f951ee77-6d26-4afc-82d9-a7d9ac77512f,2015-03-11 14:36:05 UTC
fe3574a9-b991-4b75-af60-eb61377fd3a8,2015-03-11 14:38:13 UTC
6ead9074-6791-42fc-877e-69255ba5a422,2015-01-27 10:50:34 UTC
15dae50c-0caa-42ff-8147-6f9ec4999627,2015-05-18 12:48:05 UTC
26750af2-0b2b-4463-a543-8954bfaf9393,2015-05-28 09:24:06 UTC
9e7dc6d1-33a7-4d9b-a320-0b225ba5562f,2015-01-27 10:45:30 UTC
c4389075-685f-487b-95f6-34c5bf3d5399,2015-01-27 10:45:35 UTC
9db82974-bbc1-43cb-b0e5-656a400be020,2015-01-27 10:52:33 UTC
3d43ed33-cefb-439e-abef-b97425922973,2015-02-18 15:44:25 UTC
95113cbb-de1c-4617-9bbe-280b6aff6bd9,2015-01-27 10:52:35 UTC
6617d7e7-f09a-4478-bb2a-6e4b4785d680,2015-01-27 10:46:17 UTC
6db49c5f-b31a-4f5d-b54a-e4f81aeee69e,2015-01-27 10:50:39 UTC
0bea011b-bef6-4010-89cf-c9bbc7ba0330,2015-01-27 10:46:21 UTC
28ccf1db-7f43-4410-8073-2b5c82bde260,2015-01-27 10:46:25 UTC
49787d36-6466-4fb3-8a53-3a5b34afc5c9,2015-01-27 10:52:38 UTC
66090b9f-4d58-4c68-a1e3-233e324197b8,2015-03-09 10:16:30 UTC
845fac0a-faa4-4450-b6c2-6c870034028e,2015-06-10 15:11:35 UTC
a35c1180-68cb-4902-a245-693827d3c173,2015-01-27 10:46:48 UTC
4daa141f-3895-4687-b97e-4cb81673ad5d,2015-01-27 10:47:06 UTC
0d7ddbf7-b96a-4565-9ffb-bd154aeaa07a,2015-01-27 10:51:03 UTC
53d9ceef-21df-44f7-9ba4-0caa376ee475,2015-05-28 08:59:42 UTC
3359be18-60eb-49c2-8d9f-2354c662d797,2015-01-27 10:47:31 UTC
6a52679f-2b19-4135-b107-f923e9b53515,2015-01-27 10:47:53 UTC
e5dd8d73-ad2f-449a-a96d-13de9fc3982a,2014-12-10 14:53:03 UTC
4242aa18-badb-4e2b-b207-73550a4a9744,2015-01-27 10:48:08 UTC
773252bc-3486-4550-a7ad-46ef9f8457f2,2015-01-27 10:53:05 UTC
3a4fade1-d0ee-492a-ba4b-e74d3be02b75,2015-04-17 12:53:56 UTC
36c3f9ff-7a06-44eb-87e9-96ec5b8d20bd,2015-01-27 10:53:12 UTC
12ce0f8c-b1cf-450d-b10c-e70d4d7131ec,2015-01-27 10:48:49 UTC
64def619-c086-49cc-8820-a3c853626eb7,2015-03-25 17:28:43 UTC
152699cf-faaa-42fc-b60e-1bbbcb483197,2015-01-27 10:51:06 UTC
2ff744ac-ef00-45d4-983c-10afc0e410ec,2015-01-27 10:51:10 UTC
c2f674e9-e2a8-4e38-89d1-df4c23b3d203,2015-01-27 10:51:12 UTC
66f6066d-cb83-41a1-a561-593e31f8028a,2015-01-27 10:51:13 UTC
8388cff7-8346-4858-936f-0f68faf89892,2015-01-27 10:51:16 UTC
adbd5401-f2d6-4552-a8d9-01551e61d85d,2015-01-27 10:51:17 UTC
f613a457-fb2c-48eb-b339-d946c72aa498,2015-01-27 10:51:20 UTC
7e2c9816-4a57-4380-b701-fc2cb4ff747c,2015-01-27 10:51:21 UTC
00a5b1f7-edba-4ea4-9188-ba294259a6e7,2015-01-27 10:51:23 UTC
31deb73d-fd48-48d4-b0ca-40bc24b1b196,2015-01-27 10:51:25 UTC
9ed9112c-b6a8-469a-bb44-fc3d8164621f,2015-01-27 10:51:31 UTC
427a4497-0521-4960-aa75-b2bc9c4d6c46,2015-01-27 10:51:32 UTC
16daa298-9d15-4695-a30b-f97bdc72f9ba,2015-01-27 10:53:13 UTC
c5f365f1-f9af-4df0-bbc7-b56d4b4c0fba,2015-01-27 10:53:18 UTC
6b31e9a3-3d97-4933-8126-5978d5c92760,2015-01-27 10:44:30 UTC
6a56140c-8878-40f3-b88e-97b234b0da68,2015-01-27 10:49:47 UTC
c1bae879-f4ea-4674-868e-f71e4da3bfc7,2015-01-27 10:48:58 UTC
e816b28f-c3c7-4c53-8bb6-ededbc37da5f,2015-01-27 10:49:49 UTC
d929fe07-1400-447b-b1d1-b9551142ab30,2015-01-27 10:49:04 UTC
87a6b698-6ef6-48c0-8700-87b936db498e,2015-01-27 10:47:18 UTC
6699b94b-c7b4-4851-b4b4-446995704798,2015-01-27 10:48:17 UTC
53291a16-a84f-48e5-9ec6-8d2abdd43b71,2015-01-27 10:47:37 UTC
46c347d8-94d8-4a9e-890f-04be42e7b932,2015-01-27 10:45:38 UTC
131ec2e3-0a6b-4181-92c8-0a6944aa79cb,2015-01-27 10:45:07 UTC
fb12801b-d672-408a-92ca-dfd72b387a0f,2015-04-02 10:13:45 UTC
2a776b1f-4f62-47b3-979e-348c681a1c00,2015-01-28 09:51:49 UTC
2ee9951e-c7fa-4576-a9e2-2578980172a8,2015-02-12 16:21:12 UTC
9dc4779b-74ca-4ebd-a602-0280f9b86f68,2015-01-27 10:53:31 UTC
80c40a37-8c5d-4596-b2f3-2fee37fd1cfa,2015-01-27 10:53:32 UTC
f65a74e2-9ce7-4867-aae8-2ec443061450,2015-01-27 10:53:35 UTC
c08f99f8-6fc1-4c7f-874b-69d8da722a8b,2015-01-27 10:52:00 UTC
bb648475-9567-4625-aac3-c54562b5834f,2015-01-27 10:44:13 UTC
bed9b32f-4fc1-4ad6-aa35-cda6d8595845,2015-01-27 10:50:29 UTC
cf12e3af-31b0-4785-a7c7-1530729379ec,2014-10-10 10:47:50 UTC
acedacf5-bef4-47d1-9ccd-d86fd18d2d02,2015-01-27 10:46:30 UTC
9ec1438e-3ce9-45d7-84a6-a30946f8d242,2015-04-01 07:48:21 UTC
bee605c2-fcd1-4db7-8a1f-e9ec1ac58028,2015-01-27 10:52:15 UTC
3a4a5372-f766-4a60-8871-2a9aeb6f43d7,2015-01-27 10:51:38 UTC
b1366735-c42d-4bb6-8ea6-4125314589d0,2015-01-27 10:46:38 UTC
8e8894ae-9d13-416c-a7d2-f67434fa0e3b,2015-01-27 10:49:11 UTC
588152da-7059-49b9-a008-f95f88d45546,2015-01-27 10:49:07 UTC
d1ec2285-9590-468f-9662-f44dcd3fd48c,2015-01-27 10:49:41 UTC
5a520b40-d5c5-46a0-8924-63564dc7f030,2015-01-27 10:50:00 UTC
8827161d-b794-4dcf-8ff2-a6f97447c356,2015-01-27 10:43:41 UTC
7a23c041-b924-445c-b1bb-c99e1c28ee82,2015-01-27 10:47:59 UTC
21964a92-b883-48d6-9bbc-f0722ff4a80c,2015-01-27 10:52:09 UTC
411935c9-84b8-46c1-ac32-45de528439f1,2015-01-27 10:50:13 UTC
afc8c504-7d6a-4581-a177-55389843db42,2015-01-30 17:04:07 UTC
a41bd262-d99c-46df-8d5f-693addf0f9a1,2015-11-18 10:04:40 UTC
c0846288-e4d1-47c4-a969-1395b5e55063,2015-01-27 10:42:55 UTC
f76c7668-7820-4877-ab37-1c2031a229fd,2015-01-27 10:46:56 UTC
7f216290-aa52-4260-8a7f-235a58c602df,2015-01-27 10:48:21 UTC
0fd7b07d-0e01-49f3-a8fe-3617541cffee,
f8ec90a9-4beb-4220-90bc-e700efb50c39,
0b280379-5ce6-416b-a2b3-d77f89236bdb,
0d5e33bf-4330-4199-ba88-fdafec6cb4c9,
d3119655-54be-4880-bbcb-2ee60db08162,
a6ccc73d-1151-4d10-a245-fdd17e4addfe,
83ac2780-345f-4406-9b8a-d2391b5d48fc,
ea1314b3-9db7-4dc2-9b59-bb177b21e9a9,
a8690657-335c-4d6c-8e21-4989e8690217,
4ae85716-9053-4766-899a-0706f861ea3c,
698ac039-656e-4b7c-b8da-101e0eb413f7,
8574afb2-2a41-4f81-b26a-706f759b4b5a,
a5238dbb-0fe9-44ba-a6c4-ddd4d3bd86c7,
1c4877ae-c3e3-4b78-83f2-76d8502a407e,2015-01-27 10:47:54 UTC
f7ca6140-6906-47a5-9f37-7f9c59ecf665,2015-01-27 10:50:03 UTC
4e285f84-dd6c-47a0-9846-b8e774e56021,2015-01-27 10:42:44 UTC
90e12234-6fba-429d-84fc-b2a62637b66b,2015-01-27 10:45:44 UTC
0f3611a4-2aba-4e35-9980-55140a8bf887,2015-01-27 10:49:02 UTC
7a0dff5e-bd33-45e5-b43b-68f117361f5b,2015-01-27 10:42:41 UTC
d6efedd0-2286-42d5-ae74-43c12d6a4142,2015-01-27 10:52:18 UTC
e60b01e3-b600-4c34-a0e8-ae9be72d415a,2015-09-25 10:00:32 UTC
8a413307-6ba1-4264-a131-3f650e6383aa,2015-01-27 10:47:15 UTC
c9b91644-4b80-4fbd-8e17-12287dcba20a,2015-01-27 10:42:45 UTC
a3315912-3bd3-468c-9e0c-35c1fecafd5b,2015-01-27 10:44:46 UTC
a585640b-63c8-43f0-95ac-b06ccc5e6b3c,2015-01-27 10:48:22 UTC
9c9adf25-6ebd-463f-8fab-278dc73acc2f,2015-01-27 10:46:36 UTC
5b7d718e-a4eb-4fb3-8d77-690bb40e70d8,2015-01-27 10:43:47 UTC
74f207ca-1099-45f5-9474-9f76ffe6e42c,2015-01-27 10:49:19 UTC
f1da5a11-06ff-4ed5-8799-d8eaaa0fd1f7,2015-01-27 10:44:51 UTC
fe4e05b3-84fe-4017-bfe6-726297570eb4,2015-01-27 10:53:20 UTC
4cea485a-dfb3-48ea-9139-d3180cd7da77,2014-10-17 14:11:22 UTC
624a760e-6854-41c6-8f16-0c0248d1043d,2015-06-16 10:04:48 UTC
94a4633d-28a9-4804-ab61-722c13e5fa17,2015-01-27 10:44:18 UTC
e6e60289-0b92-4dd2-a59c-e43ceba53a15,2015-01-27 10:44:55 UTC
d45a4e58-69a9-4dab-8939-ee8c2b7c6aee,2015-07-07 08:20:28 UTC
bbca3e1a-7336-497d-a3ec-fb1431a6fc10,2015-01-27 10:49:28 UTC
41c98a4d-93b9-4b29-94ca-617c2b83f0da,2015-01-27 10:48:18 UTC
83160b7d-acab-4c7e-bbdc-486b552722db,2015-01-27 10:52:03 UTC
dbef905e-6b73-439e-a3d1-9586fd44fca6,2015-01-27 10:42:28 UTC
c91af97e-f24d-4e63-b2c6-060ce6caa9ed,2015-01-27 10:48:14 UTC
6a54e325-942a-4967-b748-7a42840318d5,2015-01-27 10:51:47 UTC
75c87eec-75f0-4122-bf00-cd76951cc394,2015-01-27 10:48:45 UTC
9f2390cf-7417-4772-9906-858a895c7210,2015-01-27 10:53:15 UTC
9ddefdcb-8050-4aa8-bf83-1a376129586e,2015-01-27 10:42:36 UTC
b11dc741-abc3-4b51-a1ee-fd027bac1862,2015-01-27 10:46:16 UTC
2ffbd346-a76f-436f-8d70-52227cd49d52,2015-01-27 10:52:29 UTC
13d71224-30ff-4562-8b41-af5b6b73c63d,2015-06-18 09:32:27 UTC
2e91d3cf-bc2f-4767-a3d0-bb27991586f8,2015-01-27 10:50:48 UTC
873b39d3-e3e8-4ab8-9fc1-132924c481bf,2015-08-19 15:49:33 UTC
511c1e4a-b123-41c4-ad9c-c94239363ce5,2015-01-27 10:49:46 UTC
f1a05e19-9fdc-4422-9ee7-686fbd506113,2015-01-27 10:43:06 UTC
c86f760c-1504-43dc-aad8-0988406c0613,2015-01-27 10:43:48 UTC
defd0077-a83c-46ff-8e64-fb033699e8f0,2015-01-27 10:45:29 UTC
33d4cb55-a934-4025-a892-700114016f7b,2015-01-27 10:47:02 UTC
7f860f1c-fb8a-40e1-9ef5-8c34ddaa20b1,2015-01-27 10:43:07 UTC
969ac1c2-04fc-4481-be40-de65fd355811,2015-01-27 10:49:21 UTC
f61a7355-f03b-4055-8677-568d743638c2,2015-01-27 10:48:57 UTC
2d5db294-688b-48d6-baf5-a1c744a74839,2015-01-27 10:44:54 UTC
82624af2-ed5b-427f-bab9-5b89f34f6f3d,2015-01-27 10:48:25 UTC
47411f68-5bbe-4cf5-87f6-5f9239e9c3c1,2015-01-27 10:43:15 UTC
dcec8c8f-f0ea-469e-94a2-527f3ea3cfa7,2015-01-27 10:43:16 UTC
84565043-9c54-4e97-a546-18e9b92d4336,2015-01-27 10:49:22 UTC
9f75b09a-0bb7-4184-9775-a2b29ef593fb,2015-01-27 10:49:23 UTC
4ae701f8-b93c-4bd2-9295-7f993cdd3919,2015-01-27 10:43:20 UTC
30dabd52-d998-4896-b7dd-e22a7b63e751,2015-01-27 10:43:05 UTC
8a3b7b04-3211-42c2-ad31-757a7d5ca555,2015-01-27 10:47:47 UTC
40eed0bb-619e-4859-8efd-075115785820,2015-01-27 10:43:56 UTC
fdcebd5d-84cd-4881-894b-d1b8ae580cd7,2015-01-27 10:42:48 UTC
85901a0b-cabf-48f9-ab88-e95c2e1f2a79,2015-03-09 12:49:25 UTC
b33b2a02-076c-4152-b90c-e906c843c594,2014-10-17 14:11:42 UTC
327ac01a-e1df-4f97-8876-7996b9f005c3,2015-01-27 10:45:06 UTC
6cfa702f-b9d5-4ae2-ba96-d6e6f8838846,2015-01-27 10:47:04 UTC
fba9b1e6-47a2-4e07-8fbc-7c506346d56c,2015-01-27 10:51:54 UTC
93b06467-e342-4a7f-9a8e-949662aa4f8b,2015-01-27 10:43:54 UTC
43fa1ec2-7379-495b-9783-4fd3e8406834,2015-01-27 10:44:01 UTC
7add3da2-4516-4ce1-8359-f4cface00074,2015-07-14 13:31:37 UTC
21199c42-2a3b-4ee9-b949-1aae425345ad,2015-01-27 10:43:33 UTC
54b5ef0e-0de3-403c-aaba-c0b53ad26ba1,2015-01-27 10:49:32 UTC
88c78760-cf0a-44ad-a46f-fa19c15fdd68,2015-01-27 10:49:33 UTC
ca5da09b-5561-4368-9a6c-ebe130bbcacf,2015-01-27 10:44:12 UTC
57d08845-ba22-4134-834e-cca0751bfeca,2015-01-27 10:42:32 UTC
b5ef5377-72a7-48ce-8afc-a2ddcdb9fc3d,2015-01-27 10:42:34 UTC
36ff8b84-f09a-4145-bc28-d51992c926a9,2015-01-27 10:45:50 UTC
f284b9d4-bc31-4692-b159-aa1d3d91ecf7,2015-01-27 10:44:20 UTC
1956241f-5d94-4be4-953e-34f10393ab53,2015-05-07 12:35:57 UTC
91c25738-b9a7-47db-a1c4-9474ee6f2529,2015-01-27 10:48:50 UTC
8f01ae9b-fe3f-45ef-a95f-5657af0fb2a8,2015-01-27 10:42:49 UTC
74a6aab4-2bf7-4f94-b8b1-14358ae744e9,2015-01-27 10:44:07 UTC
0e88a665-eb0a-404e-855e-8873810d0f6c,2015-01-27 10:48:03 UTC
52abfcc7-db5d-47da-af0e-df9bf10fd16c,2015-01-27 10:42:56 UTC
669c9252-cb84-4294-a903-4e03e09aaca1,2015-01-27 10:43:22 UTC
a5aa329e-2756-45ce-9560-d21e9219cea5,2015-01-27 10:44:00 UTC
faa37cc4-690e-4d34-8366-d6ddc1c4b923,2015-01-27 10:51:50 UTC
fca38f28-a7c5-4188-b4fe-0b01d5d577d1,2015-01-27 10:43:25 UTC
314e4253-e98c-4782-a95f-65fca2827bba,2015-01-27 10:42:30 UTC
26041ecf-301f-4932-bed2-b03e6e40b667,2015-01-27 10:42:24 UTC
7b09e3b5-81f2-44f0-adbb-38f776cab44d,2015-01-27 10:52:16 UTC
84e747f0-bd2c-4786-96a2-1ad48f7af6da,2015-03-27 17:08:47 UTC
5ff8e89e-8880-4114-917c-a51af30c7c1a,2015-01-19 13:11:30 UTC
5bc1cb3c-f44b-4711-a2cd-2ed261e71f31,2015-01-27 10:49:26 UTC
881dd15b-a246-465f-bc9a-c344494780c1,2015-01-27 10:47:20 UTC
61739fa3-9803-4286-8203-13bb4006027c,2015-07-16 08:48:24 UTC
49a5305b-6d79-4db2-acc3-b8460c45f9e4,2015-01-27 10:47:42 UTC
f511035e-2302-4468-81f6-28146584853b,2015-05-28 09:27:37 UTC
f9655a9f-821c-49ca-9ad1-6d9deb282d8b,2015-01-27 10:43:46 UTC
d5060fee-3df1-44f0-be83-e00d16bc91c0,2015-01-27 10:43:13 UTC
75b46ed2-7125-46af-9918-72459ede020b,2015-01-27 10:42:52 UTC
a3a71dd2-2fae-4102-a231-722552ad87a1,2015-01-27 10:46:19 UTC
6dbf4e92-c57a-4757-af41-cef5f534642f,2014-12-11 07:59:42 UTC
9da78f3f-5ad0-438f-af33-953eb76dc53e,2015-01-27 10:42:51 UTC
6ea22984-7390-480f-aaa2-a345a9c464a7,2015-01-27 10:51:46 UTC
14a8f6b7-542f-490f-a0bb-8349300644b9,2014-10-14 09:38:56 UTC
766911ba-c9c7-41ef-9312-e7d06f250cb6,2015-01-27 10:51:48 UTC
9022dfd2-b9f4-48fa-99c3-af51b205ddf1,2015-01-27 10:43:02 UTC
09446cca-0fe2-4349-a1b5-3129f3640537,2015-01-27 10:43:51 UTC
901a69e8-229d-4d56-87d7-9bd49122aa0a,2015-01-27 10:44:29 UTC
c2c475a3-8b4a-41cd-87a2-1aebe4d57729,2015-01-27 10:43:09 UTC
c5e89a29-45df-42e6-b4f9-a50ad266f155,2015-01-27 10:43:24 UTC
3cf54cec-f0b0-4849-85cf-83cf15faf64e,2015-01-27 10:48:28 UTC
f4be6444-f95e-4d8f-9832-e399592f5347,2015-01-27 10:43:44 UTC
ae96a3ca-47a9-4261-bc04-63f37c209a58,2015-01-27 10:42:26 UTC
a73e51c5-6327-48e7-a678-e7353ac08907,2015-05-28 10:44:04 UTC
8237168d-5533-4083-a2de-41562d1614cf,2015-01-27 10:43:34 UTC
d9cbdf60-609d-4642-82b7-f1808ab15fdc,2015-01-27 10:44:44 UTC
934c26d9-461a-4462-b6c8-d3637f78131e,2014-11-05 15:10:04 UTC
0f98b7c4-7f4b-4d4d-b2ad-2ecc92672ba5,2015-01-27 10:47:11 UTC
a6a14191-f609-4bce-9260-ade288a3c76d,2015-01-27 10:42:50 UTC
2e9d344b-823f-446c-9cb0-fe7093715674,2015-01-27 10:44:08 UTC
e1f75626-8c66-48c1-8e38-40c4d8f95366,2015-10-14 09:24:53 UTC
d919755c-fd2f-4cc5-bbc2-0f75f1e742d3,2015-01-27 10:49:59 UTC
d61d1cd3-a34a-43d5-a5c5-0bdb600e5e8c,2015-01-27 10:50:02 UTC
9347642d-a258-4508-aa4a-63775b70d7c0,2015-01-27 10:51:39 UTC
94a20581-5e77-41b1-8246-0230692e4a4b,2015-01-27 10:49:29 UTC
bad5e957-5363-447f-915b-a3c61e7b79a6,2015-01-27 10:44:10 UTC
841f59c5-b740-4fd1-9d9f-e178293a783d,2015-01-27 10:49:35 UTC
10fead03-bf5f-4c7c-8a91-d3a50bc8af3e,2015-01-27 10:49:36 UTC
437f8951-c432-45e7-b6da-29cf044cbe7e,2015-01-27 10:49:38 UTC
2d8e5558-55af-4772-94f6-39f1b257d467,2015-01-27 10:44:14 UTC
c1dc4e1e-9504-437c-a77b-ac9f0a638ead,2015-01-27 10:44:23 UTC
ee0ef1c8-9170-4865-9fa1-e913e0243ab4,2015-01-27 10:49:44 UTC
e8453440-06ab-4243-92fa-af5bbcd61815,2015-01-27 10:52:14 UTC
86028ed0-ad25-4774-a090-be52811f8831,2015-01-27 10:44:56 UTC
6f08fa37-f6fa-4e7e-8403-984772341afb,2015-01-27 10:45:00 UTC
1e91a82e-d8b7-428a-a529-2c7e64415f06,2015-03-25 10:59:04 UTC
802eebf9-0dad-4d1c-96b9-3b31b670151a,2015-01-27 10:49:42 UTC
235ea1eb-2a47-434c-9373-17b44b0da924,2015-01-27 10:47:52 UTC
528adab3-fd75-46d7-87c3-d03cc001b81f,2015-01-27 10:43:38 UTC
703b2f41-0544-48a2-8f08-ae277c13abb8,2015-01-27 10:43:11 UTC
8ffae3a7-d6e5-49fb-abd5-6cdd72cc0f23,2015-01-27 10:44:40 UTC
5e38dbf5-3b50-4ede-832a-78308283d3ad,2015-03-27 17:08:05 UTC
6cbd1d69-c0e7-43f6-b552-7be1ae549e63,2015-01-27 10:46:53 UTC
844ecac0-6ae1-4023-a609-184c2f028ce4,2015-01-27 10:52:17 UTC
e1afe870-41a7-4498-a859-6f180b0b4df8,2014-12-09 15:43:59 UTC
90f2815a-ec0b-4dd3-8791-f19ec8d4e05e,2015-01-27 10:50:07 UTC
cc7f10a2-d15c-4da1-b5d5-9c2a55ce0724,2015-01-27 10:46:51 UTC
be72d56c-d289-4c23-8b67-adaa339e0086,2015-12-10 14:33:01 UTC
71c0b898-45b8-4a29-b8c6-8cefbd9654b6,2014-11-19 10:08:50 UTC
3775ded8-27f3-4396-85b4-084d2851899f,2015-01-27 10:46:40 UTC
a1a3d039-85a1-4ea7-a53a-769b8c74348f,2015-01-27 10:52:56 UTC
86dacb72-1941-4a69-b5a5-5ef4ed3b5556,2015-01-27 10:47:41 UTC
648d9dd9-3d63-452b-8494-41a55f0862bf,2015-01-27 10:45:46 UTC
5c89886b-45ed-429d-8778-5b5f3849a20c,2015-10-05 11:13:33 UTC
74478c8a-a0ec-416c-917d-3cb56df4186d,2015-01-27 10:45:11 UTC
170c7962-af8e-4a1a-bb2b-f2bdbdc9777d,2014-10-31 09:29:54 UTC
575481a4-259e-4034-a1f6-188bbf923dae,2015-10-23 09:31:53 UTC
9720683a-dde0-425c-b6e9-e586d69b680c,2015-01-27 10:51:00 UTC
e4784c86-e87d-4693-b9bd-d5d4936f812d,2015-01-27 10:48:05 UTC
7b28e9ac-269c-4d90-ae51-b8dafde20a9c,2014-10-23 14:03:48 UTC
241c0817-7758-4887-b978-18fbbce7d115,2015-01-27 10:50:43 UTC
71704bd6-f7ef-4475-b759-5637d6bae1e2,2015-01-27 10:46:55 UTC
cad5d546-1c7b-41f0-9dba-7bc396535b82,2014-11-30 21:01:41 UTC
bf436c00-84c4-40fc-b4f4-75ca39370d13,2015-02-23 15:43:28 UTC
d4f4d8c3-0470-44eb-a953-cce896f917b8,2015-04-28 16:07:23 UTC
e0619f2b-bab3-4030-92e3-bd1dc1101838,2015-01-27 10:47:17 UTC
edf8c8f6-783b-4d5c-9898-ffeb6d1be686,2015-01-27 10:45:01 UTC
a50ea7dd-fbf5-44f1-bfc8-6dbf707fae91,2015-01-27 10:44:59 UTC
f3366c28-974a-4454-895c-a16c2202f4c8,2015-01-27 10:50:38 UTC
03fd70b3-b24f-4133-b35d-2e18c7bf93e4,2015-12-03 14:38:13 UTC
2069a719-6705-435b-a63c-84d0ddbff8df,2015-03-11 14:37:36 UTC
69afc624-ac18-436c-af36-92cd93dd5993,2015-03-11 14:37:45 UTC
3adcb054-f7fa-4648-a563-2ac6d4f0ff9d,2014-12-01 17:00:28 UTC
ebc72370-0306-4564-872c-8a36f1e94295,2015-01-27 10:43:58 UTC
a5a366fd-0a53-4250-9c20-6eca9b657fa4,2015-03-11 14:36:25 UTC
576040c1-9fc7-4aca-950c-e0fb65544fe7,2015-01-27 10:48:09 UTC
19ae5197-3ca8-42d2-905f-35b443d99862,2015-03-11 14:36:16 UTC
c23b4f4a-8681-4e7d-a006-8a2e1042dfc4,2015-01-27 10:47:44 UTC
d2b404ed-4958-4bc0-b708-0f04ca60b8d9,2015-01-27 10:43:01 UTC
ace3aad0-e401-4b53-865f-8cef868a52a2,2015-01-27 10:46:41 UTC
370f9d9e-95a1-4aa0-bdb4-295640f36d8d,2015-03-11 14:36:33 UTC
8b2c1352-eea5-4f52-ba63-3733d0436138,2015-01-27 10:48:32 UTC
474a102d-f8d1-4715-b0d1-ec216c9bdbc6,2015-06-18 09:33:52 UTC
e4a6141b-f6fb-497c-8e23-a8110e92be33,2015-09-01 13:32:38 UTC
4d7098ef-7f98-4efb-8bb3-3cfca2cbf0af,2015-01-16 08:25:43 UTC
bd80a486-7ecd-4d2c-a172-0237064ba58d,2015-01-27 10:48:41 UTC
82305fbb-1123-447f-8396-6b899be17e2d,2015-01-27 10:52:32 UTC
ad32ed72-133b-4dd5-b65b-20a2090dd05f,2015-01-27 10:52:53 UTC
fb805ca4-7126-4d09-bce4-925b0fd62a63,2015-01-27 10:52:10 UTC
523a0896-0e20-4305-ab5e-ff90b7c6f833,2015-04-02 15:42:27 UTC
83314f70-f662-4482-ba83-9f86d2c2594d,2015-01-27 10:52:44 UTC
9029269d-2daf-467f-90d9-14c30019e2a5,2015-01-27 10:52:45 UTC
10285929-0ee0-404a-b113-1ae78ab5a855,2015-01-27 10:53:21 UTC
963eff8a-3afc-4c82-aa71-0937751d341b,2015-01-27 10:45:21 UTC
a68424e3-284f-4333-89df-6040a59ea88f,2015-01-27 10:47:43 UTC
8d9b4d4a-5c65-46ae-a7f8-1ef68c433639,2015-01-27 10:46:14 UTC
a2298e00-5290-4c3a-9cf4-2af30c50063b,2015-01-27 10:50:12 UTC
f129d93d-f1e7-40e0-9305-60d869dd5eb4,2015-01-27 10:45:24 UTC
8e7b1715-eea7-461b-9c6f-2274111b4693,2015-01-27 10:47:28 UTC
7fe289de-2522-430f-b0b8-a6ee92873bbb,2015-01-27 10:50:35 UTC
da0732cc-2fd6-4f6c-bafe-d8fb5f3c1e2c,2015-01-27 10:50:19 UTC
8dfe1f2d-1d40-4d70-a2b4-d3d34cf9709f,2015-01-27 10:50:23 UTC
cb22f1f4-09a1-4f94-aba5-861efda9fc89,2015-01-27 10:48:23 UTC
1ee22006-462f-426c-975f-3adc187335a0,2015-01-27 10:50:26 UTC
b3aa6f40-b41c-42f1-8f71-740fef0d82ad,2015-01-27 10:50:27 UTC
828e34b2-ca33-4ba8-9195-5d74bed402ca,2015-01-27 10:47:05 UTC
a682e99c-d9c8-4065-8d55-d68a0257bdf7,2015-01-27 10:47:57 UTC
c3963b4d-5612-454c-901d-c3f26e44e72c,2015-03-11 14:35:19 UTC
ee7f9ab9-e4ea-4bd3-9a1f-71760b6ba66d,2015-01-27 10:52:34 UTC
97b061e4-4ae0-4d14-bf36-33bc6d656e81,2015-03-11 14:36:41 UTC
8fd70cfa-ebb3-432b-b61e-8a96f211f7fa,2015-01-27 10:48:06 UTC
900a16af-1fb5-411a-b03d-c7c1f6049e39,2015-01-27 10:53:02 UTC
7f2b1b9a-d766-4037-a810-5114f5d924a6,2015-01-27 10:46:42 UTC
a113b360-1cdb-40c2-8cf7-33ff33748951,2015-05-28 09:26:29 UTC
87b6faaf-3a1f-46bc-bf5e-e27f1b9ab70a,2015-01-27 10:52:23 UTC
72446ec7-7a27-4f64-a9a7-3be6db812b90,2015-01-27 10:52:26 UTC
f168dde8-8ad2-4bf2-890a-095e079b8ded,2015-01-27 10:52:24 UTC
8e4b7fe9-c63b-43a1-89a1-801ace2daf3a,2015-01-27 10:53:23 UTC
483ba79d-da98-4000-9baa-cb52c4010952,2015-03-11 14:35:07 UTC
33cf0c06-0b70-443d-a3b4-dac1099b8cad,2015-01-27 10:46:37 UTC
484d4dc1-3912-4328-b48d-ef7515cc5051,2015-01-27 10:45:26 UTC
e0f9c82e-c527-41c1-a287-6c2f06c65f51,2015-01-27 10:47:56 UTC
0b99f5b4-580c-4e0d-abcb-62c51c2f4c29,2015-01-27 10:45:32 UTC
336321f6-ce63-43e5-a9c6-02244d94bcd4,2015-01-27 10:45:56 UTC
81be8d16-f597-4fb7-b379-d1280f19c73d,2015-01-27 10:45:57 UTC
9a4d0251-9083-4cc3-b228-96888e85254b,2015-01-27 10:46:01 UTC
8b396038-736c-4944-bc2b-9aeb9447e2b8,2015-01-27 10:46:04 UTC
ad55497e-cfc2-4a7e-8a64-6fc97e60ae3d,2015-01-27 10:50:50 UTC
fc55aa99-9bea-4273-a037-aff52d58eddf,2015-01-27 10:46:47 UTC
933561cc-a05e-4f24-b6b9-3e1c65d067bd,2015-06-01 09:32:48 UTC
5a2f4055-b464-442f-8302-24fe24bcf38e,2015-01-27 10:47:38 UTC
f182618d-46f7-4ff9-89f9-c834c1dcc316,2015-01-27 10:47:39 UTC
693e124a-58e1-4e64-a3e2-b0ddb7556c1a,2015-01-27 10:52:51 UTC
cea3d7e2-b1dc-4d7c-a7a6-f38b34051475,2015-01-27 10:52:52 UTC
bdf1c27d-6c9e-4e7b-b7cc-b5e5532d7831,2015-05-28 09:27:19 UTC
846fc593-2513-4bf4-95d4-256128918d28,2015-01-27 10:53:06 UTC
d70cbb1d-7279-468b-afd4-1d74b8f045d2,2015-05-28 09:01:08 UTC
96c27288-7093-4558-ac96-e2cf75c825dd,2015-01-27 10:53:08 UTC
d8e12924-f26b-4074-84b0-d930a35801c7,2015-01-27 10:53:09 UTC
0ffb6217-97b3-4aca-80f6-899e6865a073,2015-01-27 10:53:22 UTC
916520bc-9107-42a4-bcb2-acbc4485b185,2015-09-25 13:47:02 UTC
66fc19b5-c45f-4ea4-90cd-32c0f2fcc063,2015-01-27 10:52:41 UTC
e0d84184-1390-4f0c-9e75-6978e550c168,2015-01-27 10:52:19 UTC
f425f6a6-9e0c-4a2a-bf46-7c946ea9ff36,2015-01-27 10:52:21 UTC
04ce79a9-bd63-4c2f-94fd-e4a60f97f221,2015-01-27 10:45:59 UTC
5fecb035-2ea9-4903-8359-ffce50d085f3,2014-11-14 10:04:09 UTC
50be7b52-4071-48da-b0c4-b8790e132720,2015-01-27 10:46:50 UTC
65ae6f08-6a0d-48b7-a80e-44c564e23fa9,2015-01-27 10:48:10 UTC
fca9a3a0-7bcf-48a8-902e-57e3af13a351,2014-10-10 12:14:40 UTC
9f026ff3-e843-4474-9a3a-ae5d09146893,2015-01-27 10:45:36 UTC
43dbcbbf-54c8-4808-8e5b-10b13e4ea0b5,2015-01-27 10:43:39 UTC
37708fe4-b8b3-49af-8821-8b0dd8dea868,2015-10-06 10:33:08 UTC
af2203d4-9d55-4948-b10b-836a4f0d905f,2015-01-27 10:42:35 UTC
df516272-f9a9-408c-a04a-cd4aa30cff9c,2015-01-27 10:43:19 UTC
ec373f6b-4c1b-4c09-9eb3-3fcb56c9881c,2015-01-27 10:52:12 UTC
364be7b0-e2cf-4292-ab07-b13c2186c5ac,2015-01-27 10:44:52 UTC
730a976e-bac8-4c83-8d54-2361d4569008,2015-12-11 14:20:41 UTC
6ee7829e-5f74-4882-86f4-86ea88c17818,2015-08-26 16:30:11 UTC
764facc5-61a5-43ee-b5d4-7617df383c33,2015-01-27 10:51:28 UTC
4bca7a21-1249-4292-aa41-9718d535f01e,2015-01-27 10:51:30 UTC
5610a221-840d-4145-8ab2-62292793027d,2015-01-27 10:47:49 UTC
ab28ad35-319c-4810-9cac-97284016c3f2,2015-01-27 10:53:01 UTC
91c66159-27d0-400b-a577-69377b08f410,2015-01-27 10:53:25 UTC
1536814b-b619-4ac1-999e-b6fa6fe16526,2015-01-27 10:53:26 UTC
13b43600-7fcc-4cfa-9ebf-32abe31192b8,2015-01-27 10:53:29 UTC
19d211d2-6e84-408c-b792-ba525f7cfa62,2015-01-27 10:44:48 UTC
b4c6ee8a-b902-48b1-8d4b-86ebcb423715,2015-01-27 10:44:45 UTC
6dc1ad78-3d4f-4225-ae3b-23440d8f0023,2015-01-27 10:44:39 UTC
f22ea0d1-df3d-41f0-b0b8-ad5f124b78cd,2015-01-27 10:43:17 UTC
919411e1-811c-4c49-969e-784fd523732e,2015-01-27 10:44:08 UTC
b59fd003-dc4d-456f-959f-a066a5666268,2015-01-27 10:43:45 UTC
6be58815-0244-498f-9738-46818dfeebf2,2015-01-27 10:43:49 UTC
9479c5e3-095f-4c04-a86e-f71379dd3350,2015-01-27 10:43:36 UTC
0c82e2d5-9f19-4bb5-b279-17ff8d509cd8,2015-01-27 10:43:35 UTC
b302c380-be1d-4530-a69c-540d44708b83,2015-01-27 10:42:25 UTC
ea93b834-5b73-4d1e-a0a3-d1296cdfa0e7,
38237a83-97d8-4a70-86db-b1d8477bb2f1,
bb5eb6f0-ec51-4504-bc86-ca858155e969,
c0ca3787-dc10-4656-ba0a-582389e8c59f,
