,2014-10-10 10:47:50 UTC
,2014-10-10 12:14:40 UTC
,2014-10-14 09:38:56 UTC
,2014-10-16 12:54:52 UTC
,2014-10-16 12:55:03 UTC
,2014-10-16 16:17:03 UTC
,2014-10-17 14:11:22 UTC
,2014-10-17 14:11:42 UTC
,2014-10-20 11:22:43 UTC
,2014-10-23 09:03:01 UTC
,2014-10-23 14:03:49 UTC
,2014-10-24 16:25:45 UTC
,2014-10-24 16:40:21 UTC
,2014-10-24 16:40:54 UTC
,2014-10-24 16:41:35 UTC
,2014-10-31 09:29:54 UTC
,2014-10-31 09:43:44 UTC
,2014-10-31 15:20:32 UTC
,2014-10-31 16:25:46 UTC
,2014-11-04 16:26:34 UTC
,2014-11-04 16:29:15 UTC
,2014-11-05 15:10:04 UTC
,2014-11-14 10:04:09 UTC
,2014-11-14 15:31:17 UTC
,2014-11-19 10:08:35 UTC
,2014-11-19 10:08:50 UTC
,2014-11-20 16:53:29 UTC
,2014-11-21 11:57:17 UTC
,2014-11-21 11:57:37 UTC
,2014-11-30 21:01:41 UTC
,2014-12-01 17:00:15 UTC
,2014-12-01 17:00:28 UTC
,2014-12-04 10:12:43 UTC
,2014-12-04 12:49:32 UTC
,2014-12-05 10:20:51 UTC
,2014-12-09 15:43:59 UTC
,2014-12-10 14:53:03 UTC
,2014-12-11 07:59:42 UTC
ea93b834-5b73-4d1e-a0a3-d1296cdfa0e7,2014-12-12 08:35:33 UTC
,2014-12-12 08:36:01 UTC
,2014-12-12 10:36:54 UTC
,2014-12-19 12:00:21 UTC
,2015-01-05 10:10:21 UTC
,2015-01-05 13:48:09 UTC
,2015-01-09 12:24:10 UTC
,2015-01-09 15:05:47 UTC
,2015-01-13 09:42:48 UTC
,2015-01-15 09:50:27 UTC
,2015-01-16 08:25:43 UTC
,2015-01-19 13:11:30 UTC
,2015-01-26 15:55:34 UTC
,2015-01-27 10:42:23 UTC
,2015-01-27 10:42:24 UTC
,2015-01-27 10:42:25 UTC
,2015-01-27 10:42:26 UTC
,2015-01-27 10:42:27 UTC
,2015-01-27 10:42:28 UTC
,2015-01-27 10:42:30 UTC
,2015-01-27 10:42:31 UTC
,2015-01-27 10:42:32 UTC
,2015-01-27 10:42:32 UTC
,2015-01-27 10:42:33 UTC
,2015-01-27 10:42:34 UTC
,2015-01-27 10:42:35 UTC
,2015-01-27 10:42:36 UTC
,2015-01-27 10:42:37 UTC
,2015-01-27 10:42:38 UTC
,2015-01-27 10:42:39 UTC
,2015-01-27 10:42:40 UTC
,2015-01-27 10:42:41 UTC
,2015-01-27 10:42:42 UTC
,2015-01-27 10:42:43 UTC
,2015-01-27 10:43:21 UTC
,2015-01-27 10:42:44 UTC
,2015-01-27 10:42:45 UTC
,2015-01-27 10:42:46 UTC
,2015-01-27 10:42:47 UTC
,2015-01-27 10:42:48 UTC
,2015-01-27 10:42:49 UTC
,2015-01-27 10:42:50 UTC
,2015-01-27 10:42:51 UTC
,2015-01-27 10:42:52 UTC
,2015-01-27 10:42:53 UTC
,2015-01-27 10:42:54 UTC
,2015-01-27 10:42:55 UTC
,2015-01-27 10:42:56 UTC
,2015-01-27 10:42:58 UTC
,2015-01-27 10:42:59 UTC
,2015-01-27 10:43:00 UTC
,2015-01-27 10:43:01 UTC
,2015-01-27 10:43:02 UTC
,2015-01-27 10:43:04 UTC
,2015-01-27 10:43:05 UTC
,2015-01-27 10:43:06 UTC
,2015-01-27 10:43:07 UTC
,2015-01-27 10:43:08 UTC
,2015-01-27 10:43:09 UTC
,2015-01-27 10:43:10 UTC
,2015-01-27 10:43:11 UTC
,2015-01-27 10:43:12 UTC
,2015-01-27 10:43:13 UTC
,2015-01-27 10:43:14 UTC
,2015-01-27 10:43:15 UTC
,2015-01-27 10:43:16 UTC
,2015-01-27 10:43:17 UTC
,2015-01-27 10:43:18 UTC
,2015-01-27 10:43:19 UTC
,2015-01-27 10:43:20 UTC
,2015-01-27 10:43:22 UTC
,2015-01-27 10:43:23 UTC
,2015-01-27 10:43:24 UTC
,2015-01-27 10:43:25 UTC
,2015-01-27 10:43:26 UTC
,2015-01-27 10:43:27 UTC
,2015-01-27 10:43:29 UTC
,2015-01-27 10:43:30 UTC
,2015-01-27 10:43:31 UTC
,2015-01-27 10:43:32 UTC
,2015-01-27 10:43:33 UTC
,2015-01-27 10:43:34 UTC
,2015-01-27 10:43:35 UTC
,2015-01-27 10:43:36 UTC
,2015-01-27 10:43:37 UTC
,2015-01-27 10:43:38 UTC
,2015-01-27 10:43:39 UTC
,2015-01-27 10:43:40 UTC
,2015-01-27 10:43:41 UTC
,2015-01-27 10:43:42 UTC
,2015-01-27 10:43:43 UTC
,2015-01-27 10:43:44 UTC
,2015-01-27 10:43:45 UTC
,2015-01-27 10:43:46 UTC
,2015-01-27 10:43:47 UTC
,2015-01-27 10:43:48 UTC
,2015-01-27 10:43:49 UTC
,2015-01-27 10:43:50 UTC
,2015-01-27 10:43:51 UTC
,2015-01-27 10:43:53 UTC
,2015-01-27 10:43:54 UTC
,2015-01-27 10:43:54 UTC
,2015-01-27 10:43:55 UTC
,2015-01-27 10:43:57 UTC
,2015-01-27 10:43:58 UTC
,2015-01-27 10:43:59 UTC
,2015-01-27 10:44:00 UTC
,2015-01-27 10:44:01 UTC
,2015-01-27 10:44:06 UTC
,2015-01-27 10:44:07 UTC
,2015-01-27 10:44:09 UTC
,2015-01-27 10:44:10 UTC
,2015-01-27 10:44:11 UTC
,2015-01-27 10:44:12 UTC
,2015-01-27 10:44:13 UTC
,2015-01-27 10:44:14 UTC
,2015-01-27 10:44:15 UTC
,2015-01-27 10:44:16 UTC
,2015-01-27 10:44:17 UTC
,2015-01-27 10:44:18 UTC
,2015-01-27 10:44:19 UTC
,2015-01-27 10:44:20 UTC
,2015-01-27 10:44:21 UTC
,2015-01-27 10:44:22 UTC
,2015-01-27 10:44:23 UTC
,2015-01-27 10:44:24 UTC
,2015-01-27 10:44:25 UTC
,2015-01-27 10:44:27 UTC
,2015-01-27 10:44:28 UTC
,2015-01-27 10:44:29 UTC
,2015-01-27 10:44:30 UTC
,2015-01-27 10:44:31 UTC
,2015-01-27 10:44:33 UTC
,2015-01-27 10:44:34 UTC
,2015-01-27 10:44:36 UTC
,2015-01-27 10:44:37 UTC
,2015-01-27 10:44:38 UTC
,2015-01-27 10:44:39 UTC
,2015-01-27 10:44:40 UTC
,2015-01-27 10:44:41 UTC
,2015-01-27 10:44:42 UTC
,2015-01-27 10:44:44 UTC
,2015-01-27 10:44:45 UTC
,2015-01-27 10:44:45 UTC
,2015-01-27 10:44:46 UTC
,2015-01-27 10:44:47 UTC
,2015-01-27 10:44:49 UTC
,2015-01-27 10:44:50 UTC
,2015-01-27 10:44:51 UTC
,2015-01-27 10:44:52 UTC
,2015-01-27 10:44:53 UTC
,2015-01-27 10:44:54 UTC
,2015-01-27 10:44:55 UTC
,2015-01-27 10:44:56 UTC
,2015-01-27 10:44:57 UTC
,2015-01-27 10:44:58 UTC
,2015-01-27 10:44:59 UTC
,2015-01-27 10:45:00 UTC
,2015-01-27 10:45:01 UTC
,2015-01-27 10:45:02 UTC
,2015-01-27 10:45:03 UTC
,2015-01-27 10:45:04 UTC
,2015-01-27 10:45:05 UTC
,2015-01-27 10:45:06 UTC
,2015-01-27 10:45:07 UTC
,2015-01-27 10:45:08 UTC
,2015-01-27 10:45:10 UTC
,2015-01-27 10:45:11 UTC
,2015-01-27 10:45:12 UTC
,2015-01-27 10:45:13 UTC
,2015-01-27 10:45:15 UTC
,2015-01-27 10:45:16 UTC
,2015-01-27 10:45:17 UTC
,2015-01-27 10:45:18 UTC
,2015-01-27 10:45:19 UTC
,2015-01-27 10:45:20 UTC
,2015-01-27 10:45:21 UTC
,2015-01-27 10:45:23 UTC
,2015-01-27 10:45:24 UTC
,2015-01-27 10:45:25 UTC
,2015-01-27 10:45:26 UTC
,2015-01-27 10:45:27 UTC
,2015-01-27 10:45:28 UTC
,2015-01-27 10:45:29 UTC
,2015-01-27 10:45:31 UTC
,2015-01-27 10:45:32 UTC
,2015-01-27 10:45:33 UTC
,2015-01-27 10:45:34 UTC
,2015-01-27 10:45:35 UTC
,2015-01-27 10:45:36 UTC
,2015-01-27 10:45:37 UTC
,2015-01-27 10:45:38 UTC
,2015-01-27 10:45:39 UTC
,2015-01-27 10:45:40 UTC
,2015-01-27 10:45:41 UTC
,2015-01-27 10:45:42 UTC
,2015-01-27 10:45:43 UTC
,2015-01-27 10:45:44 UTC
,2015-01-27 10:45:45 UTC
,2015-01-27 10:45:46 UTC
,2015-01-27 10:45:47 UTC
,2015-01-27 10:45:48 UTC
,2015-01-27 10:45:49 UTC
,2015-01-27 10:45:50 UTC
,2015-01-27 10:45:52 UTC
,2015-01-27 10:45:53 UTC
,2015-01-27 10:45:54 UTC
,2015-01-27 10:45:55 UTC
,2015-01-27 10:45:56 UTC
,2015-01-27 10:45:57 UTC
,2015-01-27 10:45:58 UTC
,2015-01-27 10:45:59 UTC
,2015-01-27 10:46:00 UTC
,2015-01-27 10:46:01 UTC
,2015-01-27 10:46:02 UTC
,2015-01-27 10:46:04 UTC
,2015-01-27 10:46:05 UTC
,2015-01-27 10:46:06 UTC
,2015-01-27 10:46:07 UTC
,2015-01-27 10:46:09 UTC
,2015-01-27 10:46:11 UTC
,2015-01-27 10:46:12 UTC
,2015-01-27 10:46:13 UTC
,2015-01-27 10:46:14 UTC
,2015-01-27 10:46:15 UTC
,2015-01-27 10:46:16 UTC
,2015-01-27 10:46:17 UTC
,2015-01-27 10:46:18 UTC
,2015-01-27 10:46:19 UTC
,2015-01-27 10:46:20 UTC
,2015-01-27 10:46:21 UTC
,2015-01-27 10:46:23 UTC
,2015-01-27 10:46:24 UTC
,2015-01-27 10:46:25 UTC
,2015-01-27 10:46:26 UTC
,2015-01-27 10:46:27 UTC
,2015-01-27 10:46:29 UTC
,2015-01-27 10:46:30 UTC
,2015-01-27 10:46:31 UTC
,2015-01-27 10:46:32 UTC
,2015-01-27 10:46:33 UTC
,2015-01-27 10:46:35 UTC
,2015-01-27 10:46:36 UTC
,2015-01-27 10:46:37 UTC
,2015-01-27 10:46:38 UTC
,2015-01-27 10:46:39 UTC
,2015-01-27 10:46:40 UTC
,2015-01-27 10:46:41 UTC
,2015-01-27 10:46:42 UTC
,2015-01-27 10:46:43 UTC
,2015-01-27 10:46:44 UTC
,2015-01-27 10:46:45 UTC
,2015-01-27 10:46:47 UTC
,2015-01-27 10:46:48 UTC
,2015-01-27 10:46:49 UTC
,2015-01-27 10:46:50 UTC
,2015-01-27 10:46:51 UTC
,2015-01-27 10:46:52 UTC
,2015-01-27 10:46:53 UTC
,2015-01-27 10:46:54 UTC
,2015-01-27 10:46:55 UTC
,2015-01-27 10:46:57 UTC
,2015-01-27 10:46:58 UTC
,2015-01-27 10:46:59 UTC
,2015-01-27 10:47:00 UTC
,2015-01-27 10:47:01 UTC
,2015-01-27 10:47:02 UTC
,2015-01-27 10:47:03 UTC
,2015-01-27 10:47:04 UTC
,2015-01-27 10:47:05 UTC
,2015-01-27 10:47:07 UTC
,2015-01-27 10:47:09 UTC
,2015-01-27 10:47:10 UTC
,2015-01-27 10:47:11 UTC
,2015-01-27 10:47:12 UTC
,2015-01-27 10:47:13 UTC
,2015-01-27 10:47:14 UTC
,2015-01-27 10:47:16 UTC
,2015-01-27 10:47:17 UTC
,2015-01-27 10:47:18 UTC
,2015-01-27 10:47:19 UTC
,2015-01-27 10:47:20 UTC
,2015-01-27 10:47:21 UTC
,2015-01-27 10:47:22 UTC
,2015-01-27 10:47:23 UTC
,2015-01-27 10:47:25 UTC
,2015-01-27 10:47:26 UTC
,2015-01-27 10:47:27 UTC
,2015-01-27 10:47:28 UTC
,2015-01-27 10:47:30 UTC
,2015-01-27 10:47:32 UTC
,2015-01-27 10:47:33 UTC
,2015-01-27 10:47:35 UTC
,2015-01-27 10:47:36 UTC
,2015-01-27 10:47:37 UTC
,2015-01-27 10:47:38 UTC
,2015-01-27 10:47:39 UTC
,2015-01-27 10:47:40 UTC
,2015-01-27 10:47:41 UTC
,2015-01-27 10:47:42 UTC
,2015-01-27 10:47:43 UTC
,2015-01-27 10:47:44 UTC
,2015-01-27 10:47:45 UTC
,2015-01-27 10:47:46 UTC
,2015-01-27 10:47:48 UTC
,2015-01-27 10:47:49 UTC
,2015-01-27 10:47:50 UTC
,2015-01-27 10:47:51 UTC
,2015-01-27 10:47:52 UTC
,2015-01-27 10:47:53 UTC
,2015-01-27 10:47:54 UTC
,2015-01-27 10:47:55 UTC
,2015-01-27 10:47:56 UTC
,2015-01-27 10:47:57 UTC
,2015-01-27 10:47:58 UTC
,2015-01-27 10:47:59 UTC
,2015-01-27 10:48:00 UTC
,2015-01-27 10:48:01 UTC
,2015-01-27 10:48:02 UTC
,2015-01-27 10:48:03 UTC
,2015-01-27 10:48:04 UTC
88aa1cc4-d0db-4248-ba3b-d84eb35ce19d,2015-01-27 10:48:05 UTC
,2015-01-27 10:48:07 UTC
,2015-01-27 10:48:08 UTC
,2015-01-27 10:48:09 UTC
,2015-01-27 10:48:10 UTC
,2015-01-27 10:48:11 UTC
,2015-01-27 10:48:12 UTC
,2015-01-27 10:48:13 UTC
,2015-01-27 10:48:14 UTC
,2015-01-27 10:48:15 UTC
,2015-01-27 10:48:16 UTC
,2015-01-27 10:48:17 UTC
,2015-01-27 10:48:18 UTC
,2015-01-27 10:48:19 UTC
,2015-01-27 10:48:21 UTC
,2015-01-27 10:48:22 UTC
,2015-01-27 10:48:22 UTC
,2015-01-27 10:48:24 UTC
,2015-01-27 10:48:25 UTC
,2015-01-27 10:48:26 UTC
,2015-01-27 10:48:27 UTC
,2015-01-27 10:48:28 UTC
,2015-01-27 10:48:30 UTC
,2015-01-27 10:48:31 UTC
,2015-01-27 10:48:32 UTC
,2015-01-27 10:48:34 UTC
,2015-01-27 10:48:35 UTC
,2015-01-27 10:48:36 UTC
,2015-01-27 10:48:37 UTC
,2015-01-27 10:48:38 UTC
,2015-01-27 10:48:39 UTC
,2015-01-27 10:48:40 UTC
,2015-01-27 10:48:42 UTC
,2015-01-27 10:48:43 UTC
,2015-01-27 10:48:44 UTC
,2015-01-27 10:48:45 UTC
,2015-01-27 10:48:45 UTC
,2015-01-27 10:48:47 UTC
,2015-01-27 10:48:48 UTC
,2015-01-27 10:48:49 UTC
,2015-01-27 10:48:50 UTC
,2015-01-27 10:48:51 UTC
,2015-01-27 10:48:52 UTC
,2015-01-27 10:48:53 UTC
,2015-01-27 10:48:54 UTC
,2015-01-27 10:48:55 UTC
,2015-01-27 10:48:56 UTC
,2015-01-27 10:48:57 UTC
,2015-01-27 10:48:57 UTC
,2015-01-27 10:48:59 UTC
,2015-01-27 10:49:00 UTC
,2015-01-27 10:49:01 UTC
,2015-01-27 10:49:02 UTC
,2015-01-27 10:49:03 UTC
,2015-01-27 10:49:04 UTC
,2015-01-27 10:49:05 UTC
,2015-01-27 10:49:06 UTC
,2015-01-27 10:49:07 UTC
,2015-01-27 10:49:08 UTC
,2015-01-27 10:49:09 UTC
,2015-01-27 10:49:10 UTC
,2015-01-27 10:49:11 UTC
,2015-01-27 10:49:12 UTC
,2015-01-27 10:49:13 UTC
,2015-01-27 10:49:14 UTC
,2015-01-27 10:49:15 UTC
,2015-01-27 10:49:16 UTC
,2015-01-27 10:49:17 UTC
,2015-01-27 10:49:18 UTC
,2015-01-27 10:49:19 UTC
,2015-01-27 10:49:20 UTC
,2015-01-27 10:49:21 UTC
,2015-01-27 10:49:22 UTC
,2015-01-27 10:49:23 UTC
,2015-01-27 10:49:24 UTC
,2015-01-27 10:49:25 UTC
,2015-01-27 10:49:26 UTC
,2015-01-27 10:49:27 UTC
,2015-01-27 10:49:29 UTC
,2015-01-27 10:49:30 UTC
,2015-01-27 10:49:31 UTC
,2015-01-27 10:49:32 UTC
,2015-01-27 10:49:33 UTC
,2015-01-27 10:49:34 UTC
,2015-01-27 10:49:35 UTC
,2015-01-27 10:49:36 UTC
,2015-01-27 10:49:37 UTC
,2015-01-27 10:49:38 UTC
,2015-01-27 10:49:39 UTC
,2015-01-27 10:49:40 UTC
,2015-01-27 10:49:41 UTC
,2015-01-27 10:49:42 UTC
,2015-01-27 10:49:43 UTC
,2015-01-27 10:49:44 UTC
,2015-01-27 10:49:45 UTC
,2015-01-27 10:49:46 UTC
,2015-01-27 10:49:47 UTC
,2015-01-27 10:49:48 UTC
,2015-01-27 10:49:49 UTC
,2015-01-27 10:49:50 UTC
,2015-01-27 10:49:51 UTC
,2015-01-27 10:49:52 UTC
,2015-01-27 10:49:53 UTC
,2015-01-27 10:49:54 UTC
,2015-01-27 10:49:55 UTC
,2015-01-27 10:49:56 UTC
,2015-01-27 10:49:57 UTC
,2015-01-27 10:49:58 UTC
,2015-01-27 10:49:59 UTC
,2015-01-27 10:50:00 UTC
,2015-01-27 10:50:01 UTC
,2015-01-27 10:50:02 UTC
,2015-01-27 10:50:03 UTC
,2015-01-27 10:50:04 UTC
,2015-01-27 10:50:06 UTC
,2015-01-27 10:50:07 UTC
,2015-01-27 10:50:09 UTC
,2015-01-27 10:50:10 UTC
,2015-01-27 10:50:11 UTC
,2015-01-27 10:50:12 UTC
,2015-01-27 10:50:13 UTC
,2015-01-27 10:50:14 UTC
,2015-01-27 10:50:15 UTC
,2015-01-27 10:50:16 UTC
,2015-01-27 10:50:17 UTC
,2015-01-27 10:50:18 UTC
,2015-01-27 10:50:19 UTC
,2015-01-27 10:50:20 UTC
,2015-01-27 10:50:21 UTC
,2015-01-27 10:50:22 UTC
,2015-01-27 10:50:24 UTC
,2015-01-27 10:50:25 UTC
,2015-01-27 10:50:26 UTC
,2015-01-27 10:50:27 UTC
,2015-01-27 10:50:28 UTC
,2015-01-27 10:50:30 UTC
,2015-01-27 10:50:31 UTC
,2015-01-27 10:50:33 UTC
,2015-01-27 10:50:34 UTC
,2015-01-27 10:50:35 UTC
,2015-01-27 10:50:36 UTC
,2015-01-27 10:50:37 UTC
,2015-01-27 10:50:38 UTC
,2015-01-27 10:50:40 UTC
,2015-01-27 10:50:41 UTC
,2015-01-27 10:50:42 UTC
,2015-01-27 10:50:43 UTC
,2015-01-27 10:50:44 UTC
,2015-01-27 10:50:46 UTC
,2015-01-27 10:50:47 UTC
,2015-01-27 10:50:48 UTC
,2015-01-27 10:50:49 UTC
,2015-01-27 10:50:50 UTC
,2015-01-27 10:50:51 UTC
,2015-01-27 10:50:52 UTC
,2015-01-27 10:50:54 UTC
,2015-01-27 10:50:55 UTC
,2015-01-27 10:50:56 UTC
,2015-01-27 10:50:57 UTC
,2015-01-27 10:50:58 UTC
,2015-01-27 10:50:59 UTC
,2015-01-27 10:51:00 UTC
,2015-01-27 10:51:01 UTC
,2015-01-27 10:51:02 UTC
,2015-01-27 10:51:03 UTC
,2015-01-27 10:51:04 UTC
,2015-01-27 10:51:05 UTC
,2015-01-27 10:51:06 UTC
,2015-01-27 10:51:07 UTC
,2015-01-27 10:51:09 UTC
,2015-01-27 10:51:10 UTC
,2015-01-27 10:51:11 UTC
,2015-01-27 10:51:12 UTC
,2015-01-27 10:51:13 UTC
,2015-01-27 10:51:14 UTC
,2015-01-27 10:51:15 UTC
,2015-01-27 10:51:16 UTC
,2015-01-27 10:51:17 UTC
,2015-01-27 10:51:18 UTC
,2015-01-27 10:51:19 UTC
,2015-01-27 10:51:20 UTC
,2015-01-27 10:51:21 UTC
,2015-01-27 10:51:22 UTC
,2015-01-27 10:51:23 UTC
,2015-01-27 10:51:24 UTC
,2015-01-27 10:51:25 UTC
,2015-01-27 10:51:26 UTC
,2015-01-27 10:51:27 UTC
,2015-01-27 10:51:28 UTC
,2015-01-27 10:51:30 UTC
,2015-01-27 10:51:31 UTC
,2015-01-27 10:51:32 UTC
,2015-01-27 10:51:33 UTC
,2015-01-27 10:51:34 UTC
,2015-01-27 10:51:35 UTC
,2015-01-27 10:51:36 UTC
,2015-01-27 10:51:37 UTC
,2015-01-27 10:51:38 UTC
,2015-01-27 10:51:39 UTC
,2015-01-27 10:51:40 UTC
,2015-01-27 10:51:41 UTC
,2015-01-27 10:51:42 UTC
,2015-01-27 10:51:44 UTC
,2015-01-27 10:51:45 UTC
,2015-01-27 10:51:46 UTC
,2015-01-27 10:51:47 UTC
,2015-01-27 10:51:48 UTC
,2015-01-27 10:51:49 UTC
,2015-01-27 10:51:50 UTC
,2015-01-27 10:51:51 UTC
,2015-01-27 10:51:52 UTC
,2015-01-27 10:51:53 UTC
,2015-01-27 10:51:54 UTC
,2015-01-27 10:51:55 UTC
,2015-01-27 10:51:56 UTC
,2015-01-27 10:51:57 UTC
,2015-01-27 10:51:58 UTC
,2015-01-27 10:52:00 UTC
,2015-01-27 10:52:01 UTC
,2015-01-27 10:52:02 UTC
,2015-01-27 10:52:03 UTC
,2015-01-27 10:52:04 UTC
,2015-01-27 10:52:05 UTC
,2015-01-27 10:52:06 UTC
,2015-01-27 10:52:08 UTC
,2015-01-27 10:52:09 UTC
,2015-01-27 10:52:10 UTC
,2015-01-27 10:52:11 UTC
,2015-01-27 10:52:12 UTC
,2015-01-27 10:52:13 UTC
,2015-01-27 10:52:14 UTC
,2015-01-27 10:52:15 UTC
,2015-01-27 10:52:16 UTC
,2015-01-27 10:52:17 UTC
,2015-01-27 10:52:18 UTC
,2015-01-27 10:52:19 UTC
,2015-01-27 10:52:20 UTC
,2015-01-27 10:52:22 UTC
,2015-01-27 10:52:23 UTC
,2015-01-27 10:52:24 UTC
,2015-01-27 10:52:25 UTC
,2015-01-27 10:52:26 UTC
,2015-01-27 10:52:27 UTC
,2015-01-27 10:52:28 UTC
,2015-01-27 10:52:29 UTC
,2015-01-27 10:52:31 UTC
,2015-01-27 10:52:32 UTC
,2015-01-27 10:52:33 UTC
,2015-01-27 10:52:34 UTC
,2015-01-27 10:52:35 UTC
,2015-01-27 10:52:36 UTC
,2015-01-27 10:52:37 UTC
,2015-01-27 10:52:38 UTC
,2015-01-27 10:52:39 UTC
,2015-01-27 10:52:40 UTC
,2015-01-27 10:52:41 UTC
,2015-01-27 10:52:42 UTC
,2015-01-27 10:52:43 UTC
,2015-01-27 10:52:44 UTC
,2015-01-27 10:52:45 UTC
,2015-01-27 10:52:46 UTC
,2015-01-27 10:52:47 UTC
,2015-01-27 10:52:49 UTC
,2015-01-27 10:52:50 UTC
,2015-01-27 10:52:51 UTC
,2015-01-27 10:52:52 UTC
,2015-01-27 10:52:53 UTC
,2015-01-27 10:52:53 UTC
,2015-01-27 10:52:55 UTC
,2015-01-27 10:52:56 UTC
,2015-01-27 10:52:57 UTC
,2015-01-27 10:52:58 UTC
,2015-01-27 10:52:59 UTC
,2015-01-27 10:53:00 UTC
,2015-01-27 10:53:01 UTC
,2015-01-27 10:53:02 UTC
,2015-01-27 10:53:03 UTC
,2015-01-27 10:53:04 UTC
,2015-01-27 10:53:05 UTC
,2015-01-27 10:53:06 UTC
,2015-01-27 10:53:07 UTC
,2015-01-27 10:53:08 UTC
,2015-01-27 10:53:09 UTC
,2015-01-27 10:53:10 UTC
,2015-01-27 10:53:11 UTC
,2015-01-27 10:53:12 UTC
,2015-01-27 10:53:13 UTC
,2015-01-27 10:53:14 UTC
,2015-01-27 10:53:15 UTC
,2015-01-27 10:53:16 UTC
,2015-01-27 10:53:17 UTC
,2015-01-27 10:53:18 UTC
,2015-01-27 10:53:19 UTC
,2015-01-27 10:53:20 UTC
,2015-01-27 10:53:21 UTC
,2015-01-27 10:53:22 UTC
,2015-01-27 10:53:23 UTC
,2015-01-27 10:53:24 UTC
,2015-01-27 10:53:25 UTC
,2015-01-27 10:53:26 UTC
,2015-01-27 10:53:28 UTC
,2015-01-27 10:53:29 UTC
,2015-01-27 10:53:30 UTC
,2015-01-27 10:53:31 UTC
,2015-01-27 10:53:32 UTC
,2015-01-27 10:53:33 UTC
,2015-01-27 10:53:34 UTC
,2015-01-27 10:53:35 UTC
,2015-01-27 10:53:36 UTC
,2015-01-27 10:53:37 UTC
,2015-01-27 10:53:38 UTC
,2015-01-27 10:53:39 UTC
,2015-01-28 09:51:49 UTC
,2015-01-30 17:04:07 UTC
,2015-02-12 16:21:12 UTC
,2015-02-13 11:41:49 UTC
,2015-02-13 11:42:11 UTC
,2015-02-17 15:27:51 UTC
,2015-02-18 11:24:24 UTC
,2015-02-18 15:44:25 UTC
,2015-02-20 10:05:40 UTC
,2015-02-20 17:25:18 UTC
,2015-02-23 15:43:28 UTC
,2015-02-24 14:02:15 UTC
,2015-02-26 17:34:12 UTC
,2015-02-26 17:34:27 UTC
,2015-03-04 12:56:33 UTC
,2015-03-09 10:16:30 UTC
,2015-03-09 12:49:25 UTC
,2015-03-11 09:26:33 UTC
,2015-03-11 14:35:07 UTC
,2015-03-11 14:35:19 UTC
,2015-03-11 14:35:46 UTC
,2015-03-11 14:36:06 UTC
,2015-03-11 14:36:16 UTC
,2015-03-11 14:36:25 UTC
,2015-03-11 14:36:33 UTC
,2015-03-11 14:36:41 UTC
,2015-03-11 14:36:50 UTC
,2015-03-11 14:36:59 UTC
,2015-03-11 14:37:10 UTC
,2015-03-11 14:37:18 UTC
,2015-03-11 14:37:27 UTC
,2015-03-11 14:37:36 UTC
,2015-03-11 14:37:46 UTC
,2015-03-11 14:37:54 UTC
,2015-03-11 14:38:03 UTC
,2015-03-11 14:38:13 UTC
,2015-03-13 14:47:45 UTC
,2015-03-13 15:45:35 UTC
,2015-03-16 13:20:51 UTC
,2015-03-18 17:15:23 UTC
,2015-03-18 17:17:35 UTC
,2015-03-25 10:59:04 UTC
,2015-03-25 10:59:13 UTC
,2015-03-25 10:59:48 UTC
,2015-03-25 11:00:54 UTC
,2015-03-25 17:28:43 UTC
,2015-03-26 10:38:06 UTC
,2015-03-27 17:08:05 UTC
,2015-03-27 17:08:47 UTC
,2015-03-27 17:09:15 UTC
,2015-03-27 17:09:40 UTC
,2015-04-01 07:48:21 UTC
,2015-04-01 08:10:47 UTC
,2015-04-01 08:39:57 UTC
,2015-04-01 08:40:09 UTC
,2015-04-01 08:40:22 UTC
,2015-04-01 08:40:41 UTC
,2015-04-01 08:41:37 UTC
,2015-04-02 10:13:45 UTC
,2015-04-02 15:42:27 UTC
,2015-04-10 12:39:19 UTC
,2015-04-17 12:53:56 UTC
,2015-04-28 16:07:23 UTC
,2015-05-07 12:31:30 UTC
,2015-05-07 12:35:57 UTC
,2015-05-18 12:48:05 UTC
,2015-05-19 12:02:05 UTC
,2015-05-22 11:44:45 UTC
,2015-05-28 08:59:42 UTC
,2015-05-28 09:01:08 UTC
,2015-05-28 09:23:49 UTC
,2015-05-28 09:24:06 UTC
,2015-05-28 09:26:29 UTC
,2015-05-28 09:27:19 UTC
,2015-05-28 09:27:37 UTC
,2015-05-28 09:27:57 UTC
,2015-05-28 09:30:21 UTC
,2015-05-28 09:30:41 UTC
,2015-05-28 10:30:16 UTC
,2015-05-28 10:44:04 UTC
,2015-05-28 10:58:08 UTC
,2015-06-01 09:32:48 UTC
,2015-06-01 09:33:44 UTC
,2015-06-10 15:11:36 UTC
,2015-06-16 10:04:48 UTC
1bcc4452-8693-412a-84a2-316479fc9afb,2015-06-18 09:31:27 UTC
,2015-06-18 09:32:27 UTC
,2015-06-18 09:33:00 UTC
,2015-06-18 09:33:14 UTC
,2015-06-18 09:33:23 UTC
,2015-06-18 09:33:37 UTC
,2015-06-18 09:33:45 UTC
,2015-06-18 09:33:52 UTC
,2015-06-18 09:33:58 UTC
,2015-06-18 09:34:05 UTC
,2015-06-23 09:29:37 UTC
,2015-06-25 08:00:19 UTC
,2015-06-29 10:19:45 UTC
,2015-06-29 16:31:23 UTC
,2015-06-29 16:31:59 UTC
,2015-07-06 18:44:44 UTC
,2015-07-07 08:20:28 UTC
,2015-07-08 18:58:47 UTC
,2015-07-14 13:31:37 UTC
,2015-07-14 13:31:44 UTC
,2015-07-14 13:34:06 UTC
,2015-07-16 08:48:24 UTC
,2015-08-04 09:46:11 UTC
03fd70b3-b24f-4133-b35d-2e18c7bf93e4,2015-08-04 16:05:37 UTC
,2015-08-19 15:49:32 UTC
,2015-08-21 10:32:12 UTC
,2015-08-26 16:30:13 UTC
,2015-08-28 11:25:32 UTC
,2015-09-01 13:32:38 UTC
,2015-09-04 09:52:30 UTC
,2015-09-04 09:52:58 UTC
,2015-09-25 10:00:06 UTC
,2015-09-25 10:00:33 UTC
,2015-09-25 10:03:15 UTC
,2015-09-25 13:47:03 UTC
,2015-09-28 10:26:15 UTC
,2015-09-28 11:43:30 UTC
,2015-10-01 13:01:58 UTC
,2015-10-05 11:13:34 UTC
,2015-10-05 11:27:46 UTC
,2015-10-06 10:33:09 UTC
,2015-10-06 14:20:14 UTC
,2015-10-08 12:09:45 UTC
,2015-10-15 08:54:46 UTC
f9ee233b-145f-4074-88ee-22aa99e42a59,2015-10-19 09:30:56 UTC
0b40211b-dda5-431a-bdd0-7f7d8f03b770,2015-10-20 09:56:49 UTC
,2015-10-22 16:14:14 UTC
,2015-10-23 09:31:54 UTC
,2015-11-16 10:54:51 UTC
a41bd262-d99c-46df-8d5f-693addf0f9a1,2015-11-18 10:04:42 UTC
19ce2f46-2e9a-49f7-839a-02af77ff03f2,2015-11-19 15:17:15 UTC
54c881a3-1652-47e9-a858-2a4931a9d99d,2015-11-27 17:00:34 UTC
d9b81fb7-e507-48f6-b26a-a7c3ce4db48e,2015-11-29 14:38:07 UTC
105d356d-5519-4b9c-ba36-77f37474a959,2015-12-02 15:42:35 UTC
be72d56c-d289-4c23-8b67-adaa339e0086,2015-12-10 14:33:02 UTC
0d5e33bf-4330-4199-ba88-fdafec6cb4c9,2015-12-10 15:56:51 UTC
730a976e-bac8-4c83-8d54-2361d4569008,2015-12-11 14:20:42 UTC
38237a83-97d8-4a70-86db-b1d8477bb2f1,2015-12-17 09:42:54 UTC
bb5eb6f0-ec51-4504-bc86-ca858155e969,2015-12-17 13:53:19 UTC
cb3104f4-7f7d-4b41-8335-21f65de38713,2015-12-18 16:04:49 UTC
8c2f4376-2df0-477b-a9ef-8e0cde6284a5,2015-12-21 14:07:28 UTC
c0ca3787-dc10-4656-ba0a-582389e8c59f,2015-12-31 14:28:09 UTC
78ffc32b-946b-4c23-b7b5-75890fed78a6,2016-01-07 16:32:18 UTC
0fd7b07d-0e01-49f3-a8fe-3617541cffee,2016-01-08 16:48:33 UTC
a6ccc73d-1151-4d10-a245-fdd17e4addfe,2016-01-13 16:45:03 UTC
83ac2780-345f-4406-9b8a-d2391b5d48fc,2016-01-14 17:04:05 UTC
a971c1c3-6a3d-438d-be4a-ed05b9f964a7,2016-01-14 17:58:30 UTC
f8ec90a9-4beb-4220-90bc-e700efb50c39,2016-01-19 15:12:40 UTC
ea1314b3-9db7-4dc2-9b59-bb177b21e9a9,2016-01-21 17:24:24 UTC
0b280379-5ce6-416b-a2b3-d77f89236bdb,2016-01-27 14:15:28 UTC
6c058284-5a98-4739-8cdc-ea9cd7f59c9c,2016-02-04 13:44:28 UTC
4442d476-aa81-4fd4-aed9-4f8a04f18caf,2016-02-04 14:52:09 UTC
ccd39a43-36d6-4c83-a1d2-22da8d0c43c2,2016-02-08 16:47:10 UTC
d902fe6e-4667-49c5-b867-f4ac1a1b704a,2016-02-09 09:39:15 UTC
def0c043-e2d5-4ce9-98e6-019a3bfbf732,2016-02-09 14:55:55 UTC
a8690657-335c-4d6c-8e21-4989e8690217,2016-02-10 11:11:52 UTC
4ae85716-9053-4766-899a-0706f861ea3c,2016-02-11 10:58:14 UTC
698ac039-656e-4b7c-b8da-101e0eb413f7,2016-02-12 10:27:29 UTC
4e0bef7c-fdeb-4a63-8104-6f291a45870c,2016-02-15 13:55:10 UTC
8574afb2-2a41-4f81-b26a-706f759b4b5a,2016-02-17 15:21:46 UTC
e3a440b3-000d-42c0-b693-d22c60da6c2e,2016-02-19 16:21:31 UTC
a5238dbb-0fe9-44ba-a6c4-ddd4d3bd86c7,2016-02-22 17:07:41 UTC
d3119655-54be-4880-bbcb-2ee60db08162,2016-02-24 10:13:59 UTC
dc3a1e99-cfc2-4065-9508-a55f711a2f5f,2016-02-26 13:34:50 UTC
45888b4a-3af0-463c-a316-2cb92c2c6508,2016-03-03 15:49:19 UTC
1ae28d52-d6e7-419f-a12b-2dfdcc1a74e1,2016-03-09 12:33:30 UTC
c217c075-375d-4962-9f62-e351cf5f5c7b,2016-03-10 11:21:26 UTC
2e046e77-ca7d-4a4c-ad03-cb9532121006,2016-03-10 11:25:47 UTC
496c1f16-78d0-4e6a-87b6-7f76e8db8aa0,2016-03-29 14:35:52 UTC
6777f472-216c-4730-b3f9-eb50be4178d5,2016-04-04 14:53:01 UTC
e386bd64-e838-4727-ad71-c4c2eb62a33a,2016-04-04 14:53:24 UTC
ce677dff-620b-4f70-be81-b18c3be8524b,2016-04-05 14:56:02 UTC
edde1c1a-d841-4b05-a306-d967f6129ed7,2016-04-07 11:30:49 UTC
b2e749b0-fa0d-4d11-aa75-c7a03ba528a6,2016-04-12 09:10:10 UTC
0ea86a59-f450-4fbd-afcb-b4be02c89230,2016-04-13 10:22:54 UTC
c2b8cc47-d0e4-4618-b5dc-0f32b897528b,2016-04-14 09:24:10 UTC
ed294cd4-fb1d-46f2-9d5d-66a444da85ec,2016-04-22 15:23:15 UTC
c8896a90-fde4-44fb-9445-5743154ce58f,2016-04-27 11:22:14 UTC
a23ed181-02e3-4e36-8e95-65116495f045,2016-04-29 15:12:47 UTC
b03bac5e-4f66-4e7d-b70b-de6509681448,2016-05-03 15:30:36 UTC
eadb65df-bfdf-47c0-a4ec-26e1a8dd93a4,2016-05-05 16:09:57 UTC
6075203d-c2db-4f4b-8625-373340e16041,2016-05-05 16:11:35 UTC
2865e45a-f96d-4283-9bf6-180b842a02b9,2016-05-12 08:54:36 UTC
86cb8533-1d6b-4570-b8f7-6487bede3a61,2016-05-17 15:59:22 UTC
cd2381f9-0fa3-4bdd-b11c-124734aef377,2016-05-23 09:21:24 UTC
e4d1709f-3855-44f4-88a1-7edf054246e0,2016-05-24 12:49:37 UTC
748fdb48-2dce-4345-80bd-e5fb7cbb6b40,2016-06-02 08:02:54 UTC
fd025a10-b453-4cc3-b1e8-799f03d221cb,2016-06-02 08:05:24 UTC
d10197e3-3b5b-49cf-a031-9ee2c1bbc226,2016-06-02 12:58:55 UTC
54e19127-88ca-45ed-a4a1-a6c86529e3cd,2016-06-02 12:59:06 UTC
ae9d1c4a-42d7-442a-b2f4-876512531ad5,2016-06-02 12:59:17 UTC
315f08b0-4497-42d5-829c-80ba418495ac,2016-06-02 12:59:26 UTC
b1a15062-a3fe-4510-a08f-c2c33492638c,2016-06-02 12:59:35 UTC
301e96aa-dd83-4c0f-a31f-3ddcaced61ad,2016-06-06 12:45:27 UTC
d2e73e96-faef-4d8a-bb39-d0489f1522fd,2016-06-06 13:36:44 UTC
f8a10311-0c11-4a97-a689-9935474a6501,2016-06-15 12:41:39 UTC
9ee50f45-fccf-4308-8ee5-f35255ccbbd1,2016-06-15 14:17:01 UTC
941f7468-ff3e-4ca1-8787-ef33ebddccf0,2016-06-20 13:50:03 UTC
b4e2d321-2c08-4de5-892b-9bb360643a74,2016-06-29 14:47:12 UTC
7a0d4db3-a5be-44dd-97c6-29e60313ca48,2016-07-04 12:54:11 UTC
663326d7-84d6-47a0-b132-f46de3cb6e24,2016-07-05 08:49:10 UTC
87a6d9fc-49c5-42fb-8b58-0c7127d0afcc,2016-07-05 08:51:49 UTC
8a998c67-0bc6-4538-b7fa-a8dcd62ef775,2016-07-07 09:53:16 UTC
0599904c-4304-4fcb-9b4a-9c82c2edb49b,2016-07-08 09:17:01 UTC
7be90942-6eb5-4c2d-8738-eb1783f3da44,2016-07-11 15:01:22 UTC
0385ed1c-c5b8-4c08-9461-7a3e239e14d9,2016-07-16 10:26:35 UTC
d5f54bdd-5c7c-4a1b-a940-83dbbf12e91a,2016-07-16 10:27:17 UTC
2895d981-d997-4bec-bd4c-833184ae3386,2016-07-21 13:24:15 UTC
f6b14760-0f8f-43bf-af96-b5890f720100,2016-07-25 09:53:47 UTC
f33bec15-dca4-4b13-977a-1a9f518fa23e,2016-07-25 09:59:33 UTC
35b6c090-aa8b-4c48-a744-80c35d1e1685,2016-07-28 10:56:55 UTC
fd1c7437-8db3-4445-a604-5c92fd9ca835,2016-07-28 10:57:06 UTC
7199b2dc-77b9-4b3c-ba55-9d368ba8eac3,2016-07-28 10:57:15 UTC
9b267d60-4bd4-4e26-b892-a6e28a31cb3f,2016-08-01 16:07:23 UTC
1b529104-bf31-46e0-adad-50cd7bf0c297,2016-08-02 11:18:47 UTC
6fb48817-8997-418b-afd7-7c8397872847,2016-08-10 16:22:27 UTC
decefad3-d204-464f-b3fd-f5c7d23bc5cd,2016-08-11 14:40:50 UTC
24537fef-8939-4b65-b5fc-1ab8363861a5,2016-08-12 13:38:06 UTC
a2795172-ae6e-42ed-af34-6133dfeffd1f,2016-08-15 15:57:12 UTC
3da97869-f15f-4324-b5e5-7ed778c213fb,2016-09-02 15:22:33 UTC
6e5febdb-6224-48c5-b3fb-283ac30b8431,2016-09-02 15:22:41 UTC
8edaa9d9-1ac6-46fd-b392-a162aa5568a6,2016-09-02 15:22:48 UTC
1af376bb-4511-46c9-ad05-72b62a7ea549,2016-09-02 15:22:56 UTC
97b708d8-0f62-4a19-8be0-6f8bd9488a9a,2016-09-02 15:23:04 UTC
960e082c-0997-46e9-8bf8-f05e2d720e84,2016-09-02 15:23:11 UTC
bca0b8ea-55e0-42b9-afdf-7879c228f6f2,2016-09-02 15:23:18 UTC
f74b04d0-24e9-4ed1-8bdb-382dc2f415f7,2016-09-02 15:23:26 UTC
ac465356-56c6-4c55-818b-de6e5b7e3eb4,2016-09-02 15:23:34 UTC
fb7d4e6a-2a77-4f03-bcf0-4e25a2be18e7,2016-09-02 15:23:44 UTC
23897b6c-15b1-40bf-ab28-cb9706d8ea33,2016-09-02 15:23:52 UTC
6f78ea2d-c3ba-4c38-b8ae-3132ad082d11,2016-09-02 15:24:00 UTC
2a074d0e-ed07-4c6d-aaa4-1d802afe8c8d,2016-09-02 15:24:07 UTC
5932a4ac-64d3-4f01-af17-8ea771880998,2016-09-02 15:24:16 UTC
7b99071e-4a5d-4b94-ab87-806ceb93ccbe,2016-09-02 15:24:23 UTC
63f3bb85-afa4-46d1-94f0-48e0e3ea7228,2016-09-02 15:24:30 UTC
3e8cebdc-36c3-48d2-aada-edc4a205406b,2016-09-02 15:24:38 UTC
27f39526-48c7-4c47-b44a-6390484dd52a,2016-09-02 15:24:45 UTC
99527576-9ce1-402d-b9e8-5d3f28f29254,2016-09-02 15:24:53 UTC
114b80d3-59c6-4617-87e7-760193a4c844,2016-09-02 15:25:01 UTC
5d980efe-8ef7-4fcd-bb45-0be0266ab594,2016-09-02 15:25:09 UTC
41f8a3ad-b4b7-4bf3-946f-9bf397f3c675,2016-09-02 15:25:17 UTC
66d6fb34-65b4-4bca-83ca-eaa675a8be31,2016-09-02 15:25:25 UTC
f1ede648-1506-4df6-9380-c635a789aa80,2016-09-02 15:25:33 UTC
c660454f-70eb-4405-9be1-6df4556e5efb,2016-09-02 15:25:40 UTC
0b06db44-bfcf-435c-afd3-7b863d0d389e,2016-09-02 15:25:48 UTC
2d7d7ae0-c590-4ff1-a313-eda1f54bc981,2016-09-02 15:25:55 UTC
5186db0f-0d33-490b-8f9b-d5aaa768c0ab,2016-09-02 15:27:01 UTC
32861da8-b0ee-4a90-94a7-b08a641f870f,2016-09-02 15:27:09 UTC
1f316962-98ec-467d-9a5b-cdab45223550,2016-09-02 15:27:17 UTC
6c9b39f4-5a02-4e7a-9402-ec78e7a6eaea,2016-09-02 15:27:24 UTC
581f1d79-68f9-41f0-bdf4-de9702851fb4,2016-09-02 15:27:33 UTC
c46c4f98-069d-4255-9032-ccc8bfca9924,2016-09-05 13:19:35 UTC
b1663d5b-c707-4bcd-be6c-2b84fb1b82bc,2016-09-16 15:23:01 UTC
5c02a91d-1ac4-4dbe-aeb7-1053d4f08b86,2016-09-23 10:43:41 UTC
13698844-8560-4b4e-b5b9-55511af1c611,2016-09-30 15:15:01 UTC
2ef45d26-95ce-4025-bd5b-9c3c2ee0f33b,2016-09-30 15:21:41 UTC
ce01ce22-84f3-4761-8d67-f5afb6b83744,2016-10-05 09:50:36 UTC
2cb7271c-4ca0-4cf1-b385-122010a47c44,2016-10-06 10:23:58 UTC
dffebcd6-edbf-4d76-a81e-38bf9d89efe4,2016-10-07 09:19:10 UTC
a7963639-98ad-4e4e-a353-29583764f380,2016-10-14 11:12:34 UTC
1b91d90e-e9f3-4b26-ad9a-3e4dd850969b,2016-10-26 12:55:02 UTC
402d2b89-ee0b-48d9-8233-1eb5ed4817c6,2016-10-26 12:55:10 UTC
cf01c509-ce2f-4ddf-a3d0-7027426419f7,2016-10-26 12:55:17 UTC
91e86905-05a0-45f6-a182-24a5b32d7df7,2016-10-26 12:55:27 UTC
9fcd1d99-bb3e-4e63-b04f-4e6876dfd37c,2016-10-31 16:52:35 UTC
789a73f3-7570-4baa-9ed2-ef27ba1ecb95,2016-11-01 11:17:58 UTC
2cb01a80-10f9-4b89-afba-ea6dcce0fe78,2016-11-01 11:18:10 UTC
d9f3ab79-33da-4655-9789-e65c4cbe2d40,2016-11-01 11:18:26 UTC
73127104-e5e7-4c4c-b144-6cd206976fe9,2016-11-01 11:18:48 UTC
b9842029-bf00-4b5d-b003-aa6054498710,2016-11-01 11:19:09 UTC
2e875168-49e2-4664-8a50-17f5336085cd,2016-11-01 16:41:27 UTC
9c7fef05-9db1-4f58-a51c-812ef4ef8016,2016-11-02 18:34:00 UTC
fb4048d3-ffc3-4a83-bb69-57aa2f503bb1,2016-11-07 11:08:41 UTC
b73846b7-d540-4f9e-acbd-5bc62273009f,2016-11-07 11:09:04 UTC
5fcafa18-7f10-47ac-ab18-3cadf35a8ec6,2016-11-10 12:32:19 UTC
99c12112-228a-4b02-8340-9210f225640b,2016-11-11 11:11:53 UTC
31557e36-de87-4130-b219-699d06d2b041,2016-11-14 11:41:42 UTC
fae2f186-5b1e-485e-8fd9-d73aebd587d7,2016-11-17 11:00:07 UTC
5bce1637-4284-43b6-9032-8d028fc6badf,2016-11-17 11:01:49 UTC
60e52ef3-7666-4848-a52f-3367176bc4dc,2016-11-18 11:41:53 UTC
6d9a00b7-ac14-49f7-bdec-3bbdbedd01b4,2016-11-21 12:55:46 UTC
f6a428fe-c121-416c-ae45-739cec51ab72,2016-11-23 16:56:25 UTC
c367ae7d-f269-48e0-bfb3-5c326795a4b1,2016-11-24 15:45:51 UTC
9f1383b8-d677-4dd4-af83-8791557fc27d,2016-11-25 11:56:43 UTC
18f0a81a-b639-491f-95d3-0ed96d1b940d,2016-11-29 16:37:32 UTC
2f71c049-f90a-4e3c-a6fb-a5bf809b10c6,2016-11-29 16:37:42 UTC
70f30915-4a61-4031-9d06-3e844e376094,2016-12-09 12:28:21 UTC
35f1aab7-30b7-484a-af9b-3257ad87123c,2016-12-12 15:48:52 UTC
8e64b345-4d32-4538-8ba1-1a0a950167c5,2016-12-14 11:49:31 UTC
5dc7c41d-a04d-4e50-866a-74c1350ddf98,2016-12-16 15:37:14 UTC
46e32363-57e0-46be-bb07-7b28b0bf58cb,2016-12-21 16:54:55 UTC
141809a5-1751-4dcc-be4c-dc51f9b92d61,2016-12-21 16:57:00 UTC
879ca341-3d8e-46d6-8af7-41ef2a16e1ca,2016-12-22 14:02:24 UTC
01b10b1c-4844-4f7f-9c83-c194447bde9e,2017-01-05 11:17:22 UTC
d23cf8df-ac36-46ca-a107-16d9cf12d6d1,2017-01-10 14:29:58 UTC
5d93b8ae-7196-46b0-ba1b-0ee9eba2a291,2017-01-13 16:01:01 UTC
fd5155f1-6fb8-4e2e-9f58-eba58508986b,2017-01-18 08:40:26 UTC
352a6102-a021-4a81-9ef5-13de04191e53,2017-01-19 10:08:47 UTC
a4cf75f8-f286-435a-9a52-d3c5a7b113c6,2017-01-23 11:07:03 UTC
ace1db57-f067-4a5b-b69d-b68944af7e46,2017-01-24 13:44:56 UTC
818c93cc-3f3e-46ac-8522-51c245b3ec03,2017-01-26 09:58:47 UTC
faf1b648-ea0c-436c-a6c8-e0144dc4d041,2017-02-09 14:14:08 UTC
309f5e31-ccb4-4d93-9699-3132cd4f6cfd,2017-02-10 10:13:20 UTC
80bb8f79-bb20-4c2e-bf28-237d4ccc1e04,2017-02-10 16:49:23 UTC
e1fb92c3-de7a-44e8-872c-21fcef72f4e5,2017-02-13 10:42:01 UTC
5352525f-95ab-4bc9-969f-d8a4d555e0b1,2017-02-14 15:27:26 UTC
0d3cc094-00b0-45f8-b1e2-81fd91a0494b,2017-02-20 17:05:39 UTC
6b84ba06-cbb1-494f-8918-6d33035f5905,2017-02-24 14:32:26 UTC
23ce2ed5-6d9c-42db-b693-0ed1a6453f07,2017-02-27 16:52:24 UTC
52a84c29-f27b-44cf-9487-80e56d35b37b,2017-02-27 17:07:28 UTC
78a75fd2-0661-40b0-9216-40fa5e02c248,2017-02-28 10:27:52 UTC
328df1bb-833f-45d1-9f1a-5820c3923be0,2017-03-01 15:29:39 UTC
2a493aa0-9cb9-491a-935d-a0fc78345317,2017-03-02 16:40:06 UTC
03a5934f-4723-4903-8579-2845822ca1f6,2017-03-03 16:30:05 UTC
9d855c5a-655c-482a-929e-1c9346442888,2017-03-07 11:16:58 UTC
ae4ef6e3-8aa2-4e1a-bf60-1a3c63c28dd9,2017-03-10 16:34:58 UTC
56d4206b-f575-420b-9fd3-3c40664b97c4,2017-03-14 10:15:18 UTC
e0816e3e-7183-49cc-912e-daf4a23f711d,2017-03-14 16:09:42 UTC
6aebf5c7-6756-4077-997b-52d17595463a,2017-03-20 16:10:03 UTC
d6abb664-a199-4b5b-8d28-aa9bbd84bb74,2017-03-20 17:08:50 UTC
280c4ccf-59d1-45cc-9370-d4bc429bbaf1,2017-03-20 17:08:57 UTC
a59ec1d5-94d4-43f8-bcd2-334c3580427f,2017-03-24 11:52:52 UTC
4538b62c-8b6a-42cc-a5d7-10bd581f2652,2017-03-24 16:13:12 UTC
3637b2ad-0551-4ab7-a1dc-ed60e52f7837,2017-04-04 11:18:06 UTC
7bdbe069-0397-4880-9312-ae094fbe9f0b,2017-04-04 11:58:27 UTC
acf74cf5-a124-498d-9cdd-2460eee9cfba,2017-04-07 08:46:11 UTC
0dab4896-5567-4b38-86ac-5510fc28d6c5,2017-04-10 15:21:37 UTC
9e53cb23-a306-44af-9a90-781eccec3d17,2017-04-13 10:49:08 UTC
a167a2aa-b045-4230-a8d1-75e376be4648,2017-04-25 15:46:29 UTC
48f4d1e9-d21a-48eb-a358-2fdd20d07023,2017-05-03 12:53:56 UTC
3d94dfb2-6582-4a99-ba5d-4817f1ba691e,2017-05-03 12:54:23 UTC
da96d4ae-4aa4-4782-8fbf-abdf2eb1a4dd,2017-05-03 12:54:39 UTC
d632a101-ecd5-4f63-93e2-a227080b6e9d,2017-05-23 14:05:24 UTC
b4a7287a-b30a-4835-a2cc-5fc0e5789ed3,2017-06-12 13:58:40 UTC
313f1c43-a4ba-4853-9307-f029c27c1f11,2017-06-19 10:08:55 UTC
287409bf-f1b7-4e35-9052-d676e14810ee,2017-06-19 15:42:54 UTC
8ae18761-e5ac-4281-a54b-13b090deb0af,2017-06-21 11:01:11 UTC
b9ae8778-c62c-4900-b3a6-a0771d7bc8ec,2017-06-21 12:04:39 UTC
8df63cd1-0fbc-4641-b78e-a5efc4a979c4,2017-06-22 12:01:02 UTC
f4f48ede-a931-4c09-8305-e1e0cebb60f0,2017-06-22 12:31:34 UTC
933231b5-b485-441b-b837-33ebcd45011f,2017-06-22 12:41:33 UTC
c83c7c01-79df-4467-86d0-857772bf795a,2017-06-22 13:17:00 UTC
25b63e36-8e1d-4cf4-846c-ed221dbece4a,2017-07-06 10:26:33 UTC
93cc0806-b962-480f-9b1d-2cd176eb70a3,2017-07-07 11:07:22 UTC
645737ef-723e-4639-a23d-55a091c4629b,2017-07-07 11:07:22 UTC
a7828bef-311e-47bd-a0df-f8636d73cba9,2017-07-07 11:07:22 UTC
c6b46f30-e544-4c18-b043-41dd7e1025c3,2017-07-07 11:07:23 UTC
17a1a66d-4fce-410b-a90e-8bac1e0abd26,2017-07-07 11:07:23 UTC
419b8baf-4db0-4465-99c1-dfd0a595a72b,2017-07-07 11:07:23 UTC
5d7e16b5-42ed-4485-8a21-dbcbd9375d6c,2017-07-07 11:07:23 UTC
59390b16-8b04-40a9-850c-5ba469877c34,2017-07-07 11:07:23 UTC
1b90a333-9e85-46f7-a2a9-5acd479805cd,2017-07-07 11:07:23 UTC
d35e3102-f5b7-4059-b9f7-fd415cd1af8c,2017-07-07 11:07:23 UTC
5f85d282-3aaa-46ce-a78a-1a917a791a6e,2017-07-07 11:07:24 UTC
62d4f522-cac6-4bf2-b2cd-d046cf1278bb,2017-07-07 11:07:24 UTC
bfbfd339-8f2d-4342-86a1-51452de1ad27,2017-07-07 11:07:24 UTC
8e4fd241-26c8-4635-a35f-dfbbba382191,2017-07-07 11:07:24 UTC
50fe6deb-b81e-4dff-9372-037df839f955,2017-07-07 11:07:24 UTC
d196a204-c274-42d5-9b7d-c3860538c29a,2017-07-07 11:07:24 UTC
d19500a0-8705-432c-a517-3dea78e5c222,2017-07-07 11:07:25 UTC
2cdeaa94-8c27-491e-9408-9566d7fdecef,2017-07-07 11:07:25 UTC
84418d4d-4c45-484b-a14c-f4a14f918525,2017-07-07 11:07:25 UTC
e5664582-2c1e-457c-8a2e-e94ebef970e4,2017-07-07 11:07:25 UTC
62ab3434-51b9-41e7-bcee-ec8672f108ce,2017-07-07 11:07:25 UTC
41242135-33c5-49fa-9f8d-402e41a937cd,2017-07-07 11:07:26 UTC
3dfa38a7-9ca3-4842-bdf7-3ab7099ff0b5,2017-07-07 11:07:26 UTC
da79d2c5-70a0-452d-a9e9-4b0e728e5336,2017-07-07 11:07:26 UTC
ee7b5a8b-dec4-4d85-b5b6-a78431b7642b,2017-07-07 11:07:26 UTC
2e882ce6-fe2a-495d-bd76-9981a85dd1ea,2017-07-07 11:07:26 UTC
bf8d1fa6-8770-4c84-bd45-daaee2135d41,2017-07-07 11:07:26 UTC
47b05aec-42f0-456a-bdbe-7e2fadbb159b,2017-07-07 11:07:27 UTC
40ac6322-77dc-420b-a9b3-a4f830919e03,2017-07-07 11:07:27 UTC
0bd5b191-9086-4966-9b56-3b17949e2d80,2017-07-07 11:07:27 UTC
39759995-61d9-4f19-b635-f43ea4c08bd6,2017-07-07 11:07:27 UTC
df987a52-9373-404a-baa4-8e0b0c283fc6,2017-07-07 11:07:27 UTC
0afad029-19a5-4381-8f0e-002d6be4761b,2017-07-07 11:07:27 UTC
a1442098-4283-4ed1-b984-9a57bee37deb,2017-07-07 11:07:28 UTC
d91258e3-00cf-444c-bf74-010bdf738919,2017-07-07 11:07:28 UTC
87454472-00bf-42a4-955e-bab1e2de3443,2017-07-07 11:07:28 UTC
1d974e29-806f-4d74-b3c1-05b6c98cb4e7,2017-07-07 11:07:28 UTC
2b76adc9-906f-4c12-a46a-0c67d200ddd3,2017-07-07 11:07:28 UTC
4e027af1-85a1-41ed-a726-f9b036f09aff,2017-07-07 11:07:28 UTC
a7f2e1a9-432d-42e1-bd94-01f10c5eb08f,2017-07-07 11:07:29 UTC
063ed0b4-f66e-42d2-9e04-73c1481c009c,2017-07-07 11:07:29 UTC
0e136c74-3479-4d22-ac8c-acefaf039cb0,2017-07-07 11:07:29 UTC
6c30cbfc-00c3-48be-82ad-0622479b7c5f,2017-07-07 11:07:29 UTC
3461cdb4-a9d7-43e5-9f8c-97872d611481,2017-07-07 11:07:29 UTC
375270b3-1085-49ee-be9e-0f718ebde51c,2017-07-07 11:07:30 UTC
33d071b5-cdd7-4140-96ff-86d84484e3cb,2017-07-07 11:07:30 UTC
22daada1-017f-47f0-a801-6ebfe191ce4e,2017-07-07 11:07:30 UTC
03416649-3b7a-4f59-9878-8ce5e2c6e9fb,2017-07-07 11:07:30 UTC
5c2c178d-c426-44dd-ae20-f326d4be8fe2,2017-07-07 11:07:30 UTC
e96f901b-c50d-43d9-92bc-1d784c34b8c7,2017-07-07 11:07:30 UTC
a6a8a0d3-7f4a-49c4-8d82-6e80a3cc1136,2017-07-07 11:07:31 UTC
a8a7f6cf-94e2-4d0a-98e3-cd025203acad,2017-07-07 11:07:31 UTC
56636dab-8268-44e0-8de0-ca1e8b022f98,2017-07-07 11:07:31 UTC
b730a809-7f63-4ec9-9edc-9692b711c8bd,2017-07-07 11:07:31 UTC
bb5663fd-9765-4b3f-8627-d86ef69c6ced,2017-07-07 11:07:31 UTC
1da7d06d-c91d-4d36-a8e3-4b8c00ed4948,2017-07-07 11:07:31 UTC
937a0cf0-009d-4750-ae09-c4330048455b,2017-07-07 11:07:32 UTC
609307d0-9a69-4b8c-b3de-86badbc4e5c8,2017-07-07 11:07:32 UTC
c80ae45c-8abb-4b38-827c-2ea0f4764102,2017-07-07 11:07:32 UTC
d68d9b60-be3a-45d9-9906-ae9b8fc4510e,2017-07-07 11:07:32 UTC
1ab2b33a-a5c9-431b-9985-0ef3c2dc2fb0,2017-07-07 11:07:32 UTC
c5bffcbc-6e54-4b92-8f80-a7bacda25b1b,2017-07-07 11:07:33 UTC
de500956-2ea6-4103-b98f-4433e49bd263,2017-07-07 11:07:33 UTC
c2e2e4c3-b1b1-4675-8536-1257bd7493c5,2017-07-07 11:07:33 UTC
a5e19fcb-f996-42f8-a31c-7b27c9222fb0,2017-07-07 11:07:33 UTC
cf6f27ee-ceab-4131-aee1-bf3bba151c6c,2017-07-07 11:07:33 UTC
3936863e-cd06-4342-a2ae-36e7bc67325f,2017-07-07 11:07:33 UTC
ea0ad5a6-7c06-46c4-8671-e66b42d880b3,2017-07-07 11:07:34 UTC
6c68a9a9-4a0d-4a63-9f2b-0a18870d98ec,2017-07-07 11:07:34 UTC
47db372e-32f0-4e14-a59e-554c9c01a49e,2017-07-07 11:07:34 UTC
d3e7d206-71d3-404f-8b15-7a3c9bf764cf,2017-07-07 11:07:34 UTC
d9fee0a3-460b-4281-a7cf-c37460bdd772,2017-07-07 11:07:34 UTC
794e383f-a9f1-4d97-9f16-8d3d5877803d,2017-07-07 11:07:34 UTC
090071d0-8565-4b84-b32e-811c79df790b,2017-07-07 11:07:35 UTC
340cae1b-d29a-484a-ba58-858d6d324345,2017-07-07 11:07:35 UTC
dbf83b01-b6af-4c25-a0cb-3fb959bf9e19,2017-07-07 11:07:35 UTC
f9d1aaa2-5635-45f1-b00a-7f4370431f82,2017-07-07 11:07:35 UTC
2dd93de4-7047-41ce-b599-007a4638714f,2017-07-07 11:07:35 UTC
0d6addab-a00c-4896-bc23-5b8e5d546df1,2017-07-07 11:07:36 UTC
5e542e00-98a3-4746-b020-5d68b19895c3,2017-07-07 11:07:36 UTC
41a79ff7-9bad-43f0-a68a-fd08d82287c2,2017-07-07 11:07:36 UTC
5c55bf2a-1de5-4dbb-8d1d-32bc7e86d278,2017-07-07 11:07:36 UTC
b63dcddb-6f57-460e-b3ec-0e6449f575b6,2017-07-07 11:07:36 UTC
1c774ef0-d76b-4f5e-8006-09c7136fe727,2017-07-07 11:07:36 UTC
d3f4b184-c5d7-4db4-bc9d-708b6cb1080d,2017-07-07 11:07:37 UTC
8cb8d3dc-3688-4ea4-a617-6835a32bef0e,2017-07-07 11:07:37 UTC
0afc43ea-6cea-4a1a-a405-fe7672482e72,2017-07-07 11:07:37 UTC
550dc25c-16d9-46ff-ad5d-e95c806b84c0,2017-07-07 11:07:37 UTC
22f7032a-5db0-4f2f-8f14-7f65e2ced98b,2017-07-07 11:07:37 UTC
f52cb562-ef7c-4ded-b819-82194b81b276,2017-07-07 11:07:37 UTC
afa676f6-a20e-4f98-b544-68539d466bc7,2017-07-07 11:07:38 UTC
46657fb2-5f88-4d2a-af25-c8c784dbe769,2017-07-07 11:07:38 UTC
2261ce86-94f1-4b64-b641-143910261845,2017-07-07 11:07:38 UTC
f683c6ea-9324-4cb8-9648-d9f06421cdcd,2017-07-07 11:07:38 UTC
1219f54c-4d8a-4d4d-b6b1-53cf057973cf,2017-07-07 11:07:38 UTC
979f14f8-5ae1-4157-9503-4d3f1030cd42,2017-07-07 11:07:39 UTC
ea6f554d-d228-4e6f-aa4d-3e22c42487a5,2017-07-07 11:07:39 UTC
6520df80-52f7-4d34-8f5b-e47841283e8b,2017-07-07 11:07:39 UTC
584de0b0-feec-4720-a1d1-762aa6249f00,2017-07-07 11:07:39 UTC
8fc8e3d0-d2aa-4582-8447-836dda330a06,2017-07-07 11:07:39 UTC
d8d3bb38-e29a-43d4-8f44-9bd9e540cb5b,2017-07-07 11:07:39 UTC
bfe9d48f-8096-4760-b260-ccdfd865ea91,2017-07-07 11:07:40 UTC
489d5072-9e85-41c0-b8bc-17998f1941f9,2017-07-07 11:07:40 UTC
26969c1f-865a-4b8b-a411-0bd4b62dcbfd,2017-07-07 11:07:40 UTC
1a116c91-f8de-4c04-b334-c3b3b6c8e0f3,2017-07-07 11:07:40 UTC
a5a800f9-5438-49ac-a174-d10db5b11938,2017-07-07 11:07:40 UTC
a255682e-35f2-40c4-9519-fdb9ae160295,2017-07-07 11:07:40 UTC
a040bc61-4698-4cad-9d1b-9c5deca06f11,2017-07-07 11:07:41 UTC
bf5d3f01-847a-4654-84a8-7dd16c42a426,2017-07-07 11:07:41 UTC
ec34d119-2ee8-4220-a813-4ffce29665ee,2017-07-07 11:07:41 UTC
7b39e971-90b5-4f0d-bd5e-f3475ffbaf60,2017-07-07 11:07:41 UTC
b5a30eab-3a05-4578-975a-805ec35d0bb6,2017-07-07 11:07:41 UTC
69edfdc9-469e-466b-817d-4ac92478ec47,2017-07-07 11:07:41 UTC
1db704f1-42cf-4ecd-a94e-1fe9766a0dc7,2017-07-07 11:07:42 UTC
7fba8cb9-4bba-4798-bc42-3c5947affb68,2017-07-07 11:07:42 UTC
07097f4c-df55-4825-9dbb-7f5d79f5d5be,2017-07-07 11:07:42 UTC
48b72977-1895-40df-a58a-e6ec9b015a0a,2017-07-07 11:07:42 UTC
2f3d51ac-fb4d-4278-a58f-359139981aaa,2017-07-07 11:07:42 UTC
db709aa8-2095-4fab-ba30-60d2ae2a0d29,2017-07-07 11:07:42 UTC
6f684274-abf3-49c3-b31c-7073a9b2187d,2017-07-07 11:07:43 UTC
68f7d6b8-64d8-4615-b0a2-358c4c00f968,2017-07-07 11:07:43 UTC
e44269a8-ac91-4b93-9d3b-2c8fc858c415,2017-07-07 11:07:43 UTC
dae4cfeb-606b-45d4-b98a-3a23fbef0aa3,2017-07-07 11:07:43 UTC
67cd7ee2-78e4-4ec2-99c7-8e77efe2a542,2017-07-07 11:07:43 UTC
aa610240-a051-476d-985b-2928363fa86c,2017-07-07 11:07:43 UTC
33b9e320-c98a-4bb3-8c7f-c8dd83b6cff4,2017-07-07 11:07:44 UTC
29843539-d5cc-49a9-acc5-427ab8939770,2017-07-07 11:07:44 UTC
f2cbde87-e4b1-4380-be65-6d89689beef3,2017-07-07 11:07:44 UTC
d08fab22-9eaf-48cf-88db-06e7069bf366,2017-07-07 11:07:44 UTC
64c836c3-9ff0-4d80-8fda-a834058b5f59,2017-07-07 11:07:44 UTC
fc9ca822-8720-4a99-8551-e88d35b6a2a2,2017-07-07 11:07:44 UTC
1703f8e6-76a0-477c-b8ec-53f22ebbea11,2017-07-07 11:07:45 UTC
fe00d49c-6a00-47b2-be23-15a1aa293fcd,2017-07-07 11:07:45 UTC
94a70735-8507-4025-9092-1994ded92fb7,2017-07-07 11:07:45 UTC
03ec1b02-61e6-460c-a9ca-9e0b4e242731,2017-07-07 11:07:45 UTC
2c138a7c-96c6-41e0-8188-3956e6f61e5c,2017-07-07 11:07:45 UTC
4f4ece16-39c5-4d39-9d48-18f0cc69d413,2017-07-07 11:07:45 UTC
1aa3548f-4d9a-4eae-bedd-674078fb7abb,2017-07-07 11:07:46 UTC
a58ded26-255a-4170-bd14-2e8e03d64bd8,2017-07-07 11:07:46 UTC
e1d28b56-86d8-49f7-a57f-b934510875ce,2017-07-07 11:07:46 UTC
596c85ce-c88a-4f76-8273-29976937129b,2017-07-07 11:07:46 UTC
6d7d5d43-7852-40c4-b55c-a7a4bd769670,2017-07-07 11:07:46 UTC
eaa07c8b-b1ee-4aba-921d-77eaeb979693,2017-07-07 11:07:46 UTC
b4c982e4-1dde-46ef-bdca-f50d9588ac1c,2017-07-07 11:07:47 UTC
375ef5a1-396f-4520-8102-48f107e7c695,2017-07-07 11:07:47 UTC
31e4d1f1-90cf-4bf5-8abb-0dca1951d56f,2017-07-07 11:07:47 UTC
bd1f3014-344c-481e-8874-7aa69dd2f5d9,2017-07-07 11:07:47 UTC
9ff78cb0-fd39-4870-bec2-38e1c9513ec3,2017-07-07 11:07:47 UTC
dbd2b0a4-2435-4751-9d31-2f04bf962b04,2017-07-07 11:07:47 UTC
17709c51-47b8-4901-b758-780e3083088d,2017-07-07 11:07:48 UTC
0c473cd6-434a-4b88-a56c-36789faf69ad,2017-07-07 11:07:48 UTC
4c1722f5-718c-481a-8a61-5dd8a560bd4d,2017-07-07 11:07:48 UTC
1504265c-d4b2-4395-a577-a5e8b007158c,2017-07-07 11:07:48 UTC
09ff50a2-8269-4d8d-9faa-e44214d040e7,2017-07-07 11:07:48 UTC
e9d37b81-4382-4c86-ac87-16f713b90757,2017-07-07 11:07:48 UTC
7138340a-5b52-4f2c-bc55-a95e13dae401,2017-07-07 11:07:49 UTC
f3e2ccf2-d1b5-48b1-ac47-e866f79c9ed8,2017-07-07 11:07:49 UTC
00d1a3a3-5b46-4c55-9d1c-0ee6234e5651,2017-07-07 11:07:49 UTC
8359772e-1989-4238-b833-77539c33eae5,2017-07-07 11:07:49 UTC
5cc08b6d-aeaa-4099-b299-05c250d0e951,2017-07-07 11:07:49 UTC
f1d6b8eb-3995-41df-ab74-4b6d6f056090,2017-07-07 11:07:49 UTC
e6ef5859-2726-4ae0-a1ff-eea7d7cf576a,2017-07-07 11:07:50 UTC
7b256d6f-d7d5-4f36-bbcf-c2037ddef837,2017-07-07 11:07:50 UTC
53180358-6c19-45c4-a398-8f572ee9e41b,2017-07-07 11:07:50 UTC
2d0552ca-4fc8-442a-8a7e-27d5342d9d11,2017-07-07 11:07:50 UTC
893794d4-56f1-44c4-9e04-d7da6019ffe2,2017-07-07 11:07:50 UTC
ba235952-1083-4076-b04c-7d4a52215a06,2017-07-07 11:07:50 UTC
957b097a-e747-485d-90e5-676aecc75f81,2017-07-07 11:07:51 UTC
e2a7c8e1-4177-4836-bf75-eea01a852563,2017-07-07 11:07:51 UTC
396f16a1-1b90-41aa-ae6a-433e672f8400,2017-07-07 11:07:51 UTC
e551e97f-d458-4a03-ba20-67116723cf6b,2017-07-07 11:07:51 UTC
58095f4f-8951-40b2-8bf8-a5e6fccf40c2,2017-07-07 11:07:51 UTC
1fc26f22-a474-46ba-9728-d76b184cfb18,2017-07-07 11:07:52 UTC
4ae449c6-4fd7-4eda-8874-2b4485bda510,2017-07-07 11:07:52 UTC
f4c42da0-efbb-4cdd-ba57-b61075a1beca,2017-07-07 11:07:52 UTC
da389f6e-8e6d-45e7-9444-34254beaf86a,2017-07-07 11:07:52 UTC
b89edd66-f918-4df0-9627-6dc8cb1456e3,2017-07-07 11:07:52 UTC
57ebf776-c88c-4bd4-b33a-d5c59f3da641,2017-07-07 11:07:53 UTC
11ea3370-26ea-4760-9a3a-f1b2d07bd613,2017-07-07 11:07:53 UTC
e0d2882b-1b7d-4372-a9a3-819e12bdc208,2017-07-07 11:07:53 UTC
fe5b4686-302e-4f64-8377-5bbe0804c98d,2017-07-07 11:07:53 UTC
2cf855ce-f581-4651-93b6-c7f24428d166,2017-07-07 11:07:53 UTC
2ef0d1be-793f-4c2e-9412-eac784897a4e,2017-07-07 11:07:53 UTC
819092bb-166d-4957-a20e-b8e9c2e25e05,2017-07-07 11:07:54 UTC
e5cf6c83-fe02-44d6-a8a6-a4c764eb0b95,2017-07-07 11:07:54 UTC
8fce68f9-83e2-432a-b506-1096700cc30f,2017-07-07 11:07:54 UTC
2451316a-f829-4a10-b169-c3c1baad2ded,2017-07-07 11:07:54 UTC
009d366e-6fcd-43bc-abf6-e118c7d2c4da,2017-07-07 11:07:54 UTC
0d1741d4-28c5-4796-b5a4-e322e4d6c2d9,2017-07-07 11:07:55 UTC
79291719-046b-4b1b-811a-1a6d920c432a,2017-07-07 11:07:55 UTC
2ff779c2-8b16-4e06-8dc8-cbc4992c6b7e,2017-07-07 11:07:55 UTC
99ae104d-b7f0-407f-8d56-afa2942d92ba,2017-07-07 11:07:55 UTC
b9ca813d-bd41-4581-ac27-af91366e82a8,2017-07-07 11:07:55 UTC
269ef038-7407-46f2-acf6-149dd29edae4,2017-07-07 11:07:55 UTC
861475d1-09ea-472e-a457-bf7f4d5adba7,2017-07-07 11:07:56 UTC
ee35b9b6-9040-44b6-95a4-57862e1b819b,2017-07-07 11:07:56 UTC
34b5f1f5-27b9-4d06-aaa5-0d40bafb5a63,2017-07-07 11:07:56 UTC
88fadfb8-6940-4cbd-83cb-431e650fd63f,2017-07-07 11:07:56 UTC
2b759716-67ad-493b-823d-45698e23838d,2017-07-07 11:07:56 UTC
d721a3bd-33a3-482a-9271-0378bbc4a872,2017-07-07 11:07:57 UTC
33d40463-7921-4d8e-abec-304ee65cb55b,2017-07-07 11:07:57 UTC
8cf3097c-6f49-41ce-8422-911c5c671f3d,2017-07-07 11:07:57 UTC
79b9ae9e-b206-494a-a1cc-ace230c43621,2017-07-07 11:07:57 UTC
cb4f3fc5-9ba2-4909-a9f2-ab564bec51b1,2017-07-07 11:07:57 UTC
be1a55db-c6b3-4931-ae70-3f245400f601,2017-07-07 11:07:57 UTC
c00cd785-f712-4828-a00e-5cb1be905603,2017-07-07 11:07:58 UTC
03c4efc3-43e2-42dd-816e-3a8acb54b235,2017-07-07 11:07:58 UTC
d3e904a6-9947-43b5-9b2f-0ebddecf2591,2017-07-07 11:07:58 UTC
3519dd71-662a-40b4-bca2-e37668071af8,2017-07-07 11:07:58 UTC
ce4230b8-99c6-4be6-8e21-3e4a863b528d,2017-07-07 11:07:58 UTC
5388c5b9-8f7c-4536-be66-6ac012358594,2017-07-07 11:07:58 UTC
995a746a-8645-4dba-a6e8-7cfc056d63e2,2017-07-07 11:07:59 UTC
a52117d5-8c0a-49b9-a355-488f5b964f1c,2017-07-07 11:07:59 UTC
edafe87c-10c8-4ff6-b0f8-fb611a115a37,2017-07-07 11:07:59 UTC
1a0b6534-0970-4efb-bfef-c04c12e32cf3,2017-07-07 11:07:59 UTC
e7552092-4abd-41fe-87e5-0649683f144e,2017-07-07 11:07:59 UTC
e8ad2e6b-6016-45b7-a40f-dc31b29a7524,2017-07-07 11:07:59 UTC
b714cc95-4a58-40fa-9594-cb78812faff6,2017-07-07 11:08:00 UTC
5a1acd77-e36c-47bf-9ed1-8ed78d27b7c9,2017-07-07 11:08:00 UTC
2b0ea674-da26-4263-b5de-b2a11a3e143e,2017-07-07 11:08:00 UTC
61ebc204-c432-4bcd-8bdb-b630bf6ae1d6,2017-07-07 11:08:00 UTC
03360814-d744-4a37-a823-806385460c2a,2017-07-07 11:08:00 UTC
5bee2316-3e10-41d6-9821-f1531be8fbc1,2017-07-07 11:08:01 UTC
09659850-5463-40b7-b8d4-f6dace33ee7a,2017-07-07 11:08:01 UTC
4dcccc58-7a89-4805-84d7-e4159e2b463d,2017-07-07 11:08:01 UTC
22019164-82cb-49ea-b339-5cb9a75d0e30,2017-07-07 11:08:01 UTC
83b035cf-65bf-4cf9-aba1-cdafcd31dd66,2017-07-07 11:08:01 UTC
68d50534-a07f-4818-84d0-88b40ee6b86d,2017-07-07 11:08:01 UTC
fece819c-e5dc-4f35-8622-c7897875f7c5,2017-07-07 11:08:02 UTC
2ac4e1e0-2ce5-4919-b776-83348c036070,2017-07-07 11:08:02 UTC
64119945-0fe2-4b73-8ca6-3051d5688fb8,2017-07-07 11:08:02 UTC
527d4187-ef88-48e2-a566-f386b990a415,2017-07-07 11:08:02 UTC
4b61efd6-b579-451e-9e96-e358806ecc3b,2017-07-07 11:08:02 UTC
9f323816-0e95-4ff8-9d8a-f3687e745b73,2017-07-07 11:08:02 UTC
767e45e2-d8d3-489a-ae23-e70ea45b29d3,2017-07-07 11:08:03 UTC
6e060214-8415-402d-bf93-36a20d7db74c,2017-07-07 11:08:03 UTC
3a7f8e56-1dc6-4b02-b81a-4b03221c267e,2017-07-07 11:08:03 UTC
d5afa603-9fbc-46fe-b348-ede4ab8d6cba,2017-07-07 11:08:03 UTC
7522a6f2-478f-482e-8502-ea753cd51bdd,2017-07-07 11:08:03 UTC
7dcd976f-fcab-4d7f-93e8-3233c5e35e0f,2017-07-07 11:08:03 UTC
60fea5ce-cb24-4e93-b41a-f4cc305e1438,2017-07-07 11:08:04 UTC
24dc9a63-5ccf-4d87-85f5-20891cbd3e6b,2017-07-07 11:08:04 UTC
267779a3-6a13-4586-aeac-c6448b15db0f,2017-07-07 11:08:04 UTC
f6fa0e99-0385-4d99-89ca-b69179838f59,2017-07-07 11:08:04 UTC
e34e2067-6723-4565-81e9-760354047074,2017-07-07 11:08:04 UTC
ad38dff0-7b12-4832-b1bf-9c33135fae1e,2017-07-07 11:08:04 UTC
9d49a8a8-b884-4b64-b3b0-31be6a8eb430,2017-07-07 11:08:05 UTC
f58ec02b-3b14-42a5-857c-968e1c1c5d1f,2017-07-07 11:08:05 UTC
b8085c02-55bb-4bc5-95c6-149db6ec6251,2017-07-07 11:08:05 UTC
151d7b39-7f49-4c35-96a5-bc518382cc2f,2017-07-07 11:08:05 UTC
65bb80b8-dd48-4464-ac5b-1e0ea769828c,2017-07-07 11:08:05 UTC
df3712b0-e184-4d2f-878b-a154c94c7102,2017-07-07 11:08:06 UTC
ac0cc56e-4e73-4fc4-9096-87c3de3a5f42,2017-07-07 11:08:06 UTC
098e0322-d880-4f7b-8691-1c791e87eb5d,2017-07-07 11:08:06 UTC
cc378ea0-77dc-4135-bcad-bd9c84980950,2017-07-07 11:08:06 UTC
b26fccfc-c3c6-4f58-94b9-9be6a33ae388,2017-07-07 11:08:06 UTC
5bcc9da0-5d9d-4349-aa89-df80ed00a96b,2017-07-07 11:08:06 UTC
098dad33-4fca-4cc6-8c5b-2a31d665ed1f,2017-07-07 11:08:07 UTC
ae105c01-dc46-4b7f-9f3b-ab04adfeee10,2017-07-07 11:08:07 UTC
e0400c86-b60f-4956-8511-f7d7d530d8cc,2017-07-07 11:08:07 UTC
cbee8632-fef3-47fd-8d92-7306855889b4,2017-07-07 11:08:07 UTC
d934e138-6d06-4279-80bc-6e60b28f2fcc,2017-07-07 11:08:07 UTC
424db67f-b6dd-45aa-bbe3-b5d5ff1b5c2c,2017-07-07 11:08:07 UTC
60547c1b-06f3-456e-82aa-ea2713d1b8ac,2017-07-07 11:08:08 UTC
a15e06c0-eb35-46d2-bce5-46a7e488743a,2017-07-07 11:08:08 UTC
a03e2c6f-54c8-42be-a7a1-c8c398c79fe5,2017-07-07 11:08:08 UTC
1c1160c3-f75f-4cdb-ab01-5a71011e75ed,2017-07-07 11:08:08 UTC
7bbf7d84-ea48-429a-bb5d-f8fee2d3e141,2017-07-07 11:08:08 UTC
ed168784-0dbf-455c-b5ae-cc0c3a79445e,2017-07-07 11:08:08 UTC
2bb74f9f-b11d-4617-ba36-95ca4cc9150d,2017-07-07 11:08:09 UTC
1df39545-894a-4551-955f-13e9e716c9e0,2017-07-07 11:08:09 UTC
f96a09e4-ce2c-4b64-89fc-c0a4df4015a4,2017-07-07 11:08:09 UTC
7c115839-9d74-4ec3-b9f7-09175f68e16d,2017-07-07 11:08:09 UTC
2e6ee863-7f87-49ce-aed4-c353a7e13fd4,2017-07-07 11:08:09 UTC
e5aa9799-c4ad-4842-88a4-95a1fedbaea4,2017-07-07 11:08:10 UTC
84442931-0887-488a-bc19-9272fe829325,2017-07-07 11:08:10 UTC
076b3930-baee-4b0a-b6c0-982de2a5db69,2017-07-07 11:08:10 UTC
8db1f6bf-181b-456a-80fc-8521464661ea,2017-07-07 11:08:10 UTC
a7e78419-924c-450c-93f0-220f35169981,2017-07-07 11:08:10 UTC
9d14e770-2d4e-48dd-8b8f-8a30af3716c6,2017-07-07 11:08:10 UTC
cd788900-76dd-43a9-b430-28f7d74f8c3c,2017-07-07 11:08:11 UTC
5ff3cbd1-0a65-473d-9710-a6a9074f7cf7,2017-07-07 11:08:11 UTC
fe181df9-fe2d-4d5f-bef2-b81eba65399e,2017-07-07 11:08:11 UTC
3cec17f0-7ae7-4ad1-bf99-4420e84d8cdb,2017-07-07 11:08:11 UTC
fc90d0a2-3fea-491d-b84d-35f47203f7a1,2017-07-07 11:08:11 UTC
7c12f0de-dc35-4592-851a-1ecc9d3aec4d,2017-07-07 11:08:11 UTC
3354431a-70e0-424c-8c9d-8ebb875bd21e,2017-07-07 11:08:12 UTC
70872a99-8f29-4161-a10c-4b62e88f6ee7,2017-07-07 11:08:12 UTC
e265c71e-6772-4ffb-9213-2b653aed1cc0,2017-07-07 11:08:12 UTC
bb0ebf44-b87e-49c3-8629-b9ab02e8c237,2017-07-07 11:08:12 UTC
c1214230-732d-40ad-be10-97edd12f51e7,2017-07-07 11:08:12 UTC
467c25a0-d1de-4700-baf1-992bad3074c9,2017-07-07 11:08:12 UTC
adbade29-4871-4b1c-8a1c-53f036dcc323,2017-07-07 11:08:13 UTC
850c584a-f8e5-400f-b6ec-9c4f9d22a701,2017-07-07 11:08:13 UTC
88fb205f-7128-49a1-9d9c-7256deac1847,2017-07-07 11:08:13 UTC
fc53cf0b-174e-4f05-8169-5c3cbcf38a56,2017-07-07 11:08:13 UTC
9df3e32b-0caf-4d88-82e5-6548043e0386,2017-07-07 11:08:13 UTC
41fdcf48-1ab4-4ca5-9c3c-2d987e458c6f,2017-07-07 11:08:13 UTC
ee9bc86a-93bd-472a-ac4a-4d3d550c77d8,2017-07-07 11:08:14 UTC
911b97b7-7871-4488-b7c2-7a381fcb78b9,2017-07-07 11:08:14 UTC
2fe06eab-d388-425a-853d-8b93f2493874,2017-07-07 11:08:14 UTC
8c320650-3f0f-46b5-b164-80e8dcacca52,2017-07-07 11:08:14 UTC
25996d4d-5d5c-426a-90e4-43e0985235b3,2017-07-07 11:08:14 UTC
8f37cfb8-3bb4-4ed8-9b78-cb920535ccb6,2017-07-07 11:08:15 UTC
d13843e0-1831-4be8-bf38-ba8e17fc82aa,2017-07-07 11:08:15 UTC
5a0d9f12-a63b-4f94-8ee7-fc8390545b07,2017-07-07 11:08:15 UTC
aa52327e-a1d7-4865-926d-a545e8170cf2,2017-07-07 11:08:15 UTC
b9ee3ec7-5d2b-43fb-8f24-2007015c4da3,2017-07-07 11:08:15 UTC
2413bc66-5dd2-42eb-afa5-11f9afc3ae1a,2017-07-07 11:08:15 UTC
ec07b6d4-34aa-474e-b4ed-ae69a353f233,2017-07-07 11:08:16 UTC
757f16aa-db53-4691-a21c-fa26ecb3745b,2017-07-07 11:08:16 UTC
c6ae6052-6622-47a7-a4cf-7f701c079132,2017-07-07 11:08:16 UTC
b0a2e177-7ead-4724-a13d-8ed682a78198,2017-07-07 11:08:16 UTC
d3bdecb1-d8b4-419d-b7f1-83ab31f659aa,2017-07-07 11:08:16 UTC
cc56472f-1a43-4aed-b6dd-519e370fc650,2017-07-07 11:08:16 UTC
4e020b29-f0b1-4e81-bef5-ca91e7255e79,2017-07-07 11:08:17 UTC
6b9c548c-58be-469b-9792-ef740c5f8c0a,2017-07-07 11:08:17 UTC
5a326ca7-146b-45ac-95c7-a3922f04f4ed,2017-07-07 11:08:17 UTC
f1b9d374-7dc7-41a9-bf5b-f1df69f8fa34,2017-07-07 11:08:17 UTC
a656ac15-1256-42c6-bd64-46956ac8542a,2017-07-07 11:08:17 UTC
13f496aa-af1c-4751-a41f-076535a0310c,2017-07-07 11:08:17 UTC
b66d48e2-929a-4477-bbf2-ee039a5e3c6f,2017-07-07 11:08:18 UTC
6f3e180e-cee8-4683-9a09-3ed77a665f2b,2017-07-07 11:08:18 UTC
9e659dc1-99fb-49dc-a34e-343ca45e1207,2017-07-07 11:08:18 UTC
3ef9ed2f-eee1-46fd-88ce-524e144d9e88,2017-07-07 11:08:18 UTC
f2122954-e299-43ab-910c-65dde8951cbf,2017-07-07 11:08:18 UTC
e8e7f674-526b-4dde-af8f-f0fd28a71d19,2017-07-07 11:08:19 UTC
a8737015-1049-462b-a302-162ad32bcac0,2017-07-07 11:08:19 UTC
55013b8b-637d-4e3e-9e32-949c35ef6701,2017-07-07 11:08:19 UTC
8589bd0f-d914-4f3b-bec6-1b49d17dd0c8,2017-07-07 11:08:19 UTC
66cb4e5d-c3bb-45f9-958b-e2c03fa0e7c5,2017-07-07 11:08:19 UTC
a922431a-3153-4470-bd3b-655f0f900c91,2017-07-07 11:08:19 UTC
76a37d56-4da4-48b0-b7c0-62c49e0576e9,2017-07-07 11:08:20 UTC
ebc727c8-bc5e-4073-aef7-49d0d250ea75,2017-07-07 11:08:20 UTC
5c161c42-599c-4a02-ad43-26c2a48c7aeb,2017-07-07 11:08:20 UTC
7595fb63-3ff8-4b59-b1d8-303c9894304d,2017-07-07 11:08:20 UTC
4e579d4b-7110-4b52-9455-f4ec6746cc50,2017-07-07 11:08:20 UTC
7654ede6-26ae-4edd-a5bc-586be2ac5128,2017-07-07 11:08:20 UTC
ff776eda-410e-46a9-b7ae-0659f3484636,2017-07-07 11:08:21 UTC
5bb69858-bd00-4b13-9f4b-ca8207063a44,2017-07-07 11:08:21 UTC
25833b93-b914-4adf-8fe9-4e02546cbc54,2017-07-07 11:08:21 UTC
d2c09f00-721f-4af6-9955-65383c930b6e,2017-07-07 11:08:21 UTC
85d65a30-5f45-4de4-8d16-caacd5914e49,2017-07-07 11:08:21 UTC
80e84661-8da2-40fc-8b0b-29577f01a848,2017-07-07 11:08:22 UTC
d7e6db2c-ec68-459f-a1ec-4fd99622df23,2017-07-07 11:08:22 UTC
8a303fff-de92-47a7-bbd3-e6b1e98e29b3,2017-07-07 11:08:22 UTC
35124198-5c2b-4330-a52e-e2c33e96c863,2017-07-07 11:08:22 UTC
8fb0c371-2936-456d-a20c-045d561249db,2017-07-07 11:08:22 UTC
00c2228e-d746-426b-b33a-b021082b5521,2017-07-07 11:08:23 UTC
4d4f6743-13c6-45eb-8416-41037ad6be45,2017-07-07 11:08:23 UTC
5d5e0449-b662-4e11-a7f1-5992c7be8908,2017-07-07 11:08:23 UTC
423bc7d0-0e0a-481c-bcfe-cab2532c0d4b,2017-07-07 11:08:23 UTC
f6209add-1cad-4905-9c07-1dfb42e8dffc,2017-07-07 11:08:23 UTC
d464f3ef-d1ff-47fb-8ddd-b3acb2e6738d,2017-07-07 11:08:23 UTC
45bed63d-a630-4450-9c96-4ec38c85274f,2017-07-07 11:08:24 UTC
849e7777-f072-46af-830f-476c0f6c43a2,2017-07-07 11:08:24 UTC
bd573541-7c96-47d2-98a9-84458caa7f73,2017-07-07 11:08:24 UTC
a99b71ca-b918-4317-b5ce-99ddc48cbf2d,2017-07-07 11:08:24 UTC
b5d854ed-0a13-46c2-9188-55a94c95618e,2017-07-07 11:08:24 UTC
5986691d-bfdc-4682-b005-0866d3275024,2017-07-07 11:08:25 UTC
d131febc-4702-4d51-930a-c612977935c9,2017-07-07 11:08:25 UTC
cb739c41-b0f0-41df-bede-71e9190d4564,2017-07-07 11:08:25 UTC
2d4f9fb0-0778-49be-8947-65a057329548,2017-07-07 11:08:25 UTC
5a725633-6f60-4ac7-8e80-3a40073d50dc,2017-07-07 11:08:25 UTC
909d0f20-397e-41b5-933d-f0d4c4559619,2017-07-07 11:08:25 UTC
5a8c4756-04b9-4091-b6d7-53728fb044a3,2017-07-07 11:08:26 UTC
a61e42e4-9302-4563-9909-64d1d944c4ed,2017-07-07 11:08:26 UTC
d6a3dfbc-fb48-4306-ad56-8fb79233cee6,2017-07-07 11:08:26 UTC
e6dc2b4c-53a3-4f01-b57c-0396e6fee4e1,2017-07-07 11:08:26 UTC
ae0895ed-095e-4a53-9620-1d0c2e8923a3,2017-07-07 11:08:26 UTC
102e8c47-300a-49b8-8722-822bd35b6639,2017-07-07 11:08:27 UTC
5a4c5af8-6416-45c1-8b16-326df0e26f48,2017-07-07 11:08:27 UTC
271d276e-db61-480f-8e22-5822478e0f37,2017-07-07 11:08:27 UTC
c2d22a5c-41f3-4a15-af05-2d6886c64778,2017-07-07 11:08:27 UTC
5700218a-e601-49db-83bd-852475935cc4,2017-07-07 11:08:27 UTC
a7e7f1bb-a4c3-4589-9f02-ad29003f6f04,2017-07-07 11:08:27 UTC
986b6367-39dc-4377-9fb5-dd7a28561a38,2017-07-07 11:08:28 UTC
850c5040-a19a-4dfe-9f5a-21f49138111f,2017-07-07 11:08:28 UTC
a658bea3-7d1d-473f-aa03-5c006eb7459b,2017-07-07 11:08:28 UTC
d8d3d912-a258-48a4-ba7e-f82c553b6491,2017-07-07 11:08:28 UTC
e24a1344-f7aa-4f0e-9815-f15ca1afad24,2017-07-07 11:08:28 UTC
05b85ca1-294e-45d1-8793-69382b45d369,2017-07-07 11:08:28 UTC
5a31daed-3a1b-4390-803c-893956c86baa,2017-07-07 11:08:29 UTC
ba75ab35-3386-4d37-8fff-0d79163ae402,2017-07-07 11:08:29 UTC
b2927b63-9347-41a8-989a-894b35d2aee1,2017-07-07 11:08:29 UTC
0d25cbf5-93a8-4baa-aded-25d506412f23,2017-07-07 11:08:29 UTC
609a94c6-ea36-44fb-9d59-9d29dac6d000,2017-07-07 11:08:29 UTC
b7236b9b-432f-4597-94d8-9b00857e1898,2017-07-07 11:08:29 UTC
84613be3-1ddd-4a1d-8e81-68e1cabab919,2017-07-07 11:08:30 UTC
ec48ddb6-1d25-47df-bb60-8d300c90f90c,2017-07-07 11:08:30 UTC
23939697-168e-4f9a-ab9d-054377df1460,2017-07-07 11:08:30 UTC
5739a151-63ed-4d1e-a1fd-8ee07581adf0,2017-07-07 11:08:30 UTC
908d674c-08ff-4b77-9fec-f424601e2e61,2017-07-07 11:08:30 UTC
58dc4564-ddea-44dc-b796-144a2f5840f0,2017-07-07 11:08:30 UTC
5d4d0b58-9394-4d5e-b019-21e88fd881c8,2017-07-07 11:08:31 UTC
72b98b52-b638-4ed8-a091-759fe2c85390,2017-07-07 11:08:31 UTC
6b5c5e91-748d-4ed3-b8a8-f2791e1b77a6,2017-07-07 11:08:31 UTC
768c8069-c0f0-4e24-9cb0-94e69a98db55,2017-07-07 11:08:31 UTC
7d75fc66-265e-48c4-8ff6-a018b6577f6b,2017-07-07 11:08:31 UTC
ac0690e6-f897-4677-86ec-6558cb7ba733,2017-07-07 11:08:31 UTC
ad51892d-4686-4d11-930b-93dca7d77134,2017-07-07 11:08:32 UTC
868188cb-4a96-442e-b0e8-3a4ed9ce854a,2017-07-07 11:08:32 UTC
a8c9a28d-330f-4556-aacc-133c979867b9,2017-07-07 11:08:32 UTC
878797cc-309c-4a14-ac3f-dcc183f8fbb1,2017-07-07 11:08:32 UTC
7f380f1f-31b7-49c4-9ae4-84b2483ca56e,2017-07-07 11:08:32 UTC
1a2bbd30-350d-4fc0-aef0-ec1b38e296a9,2017-07-07 11:08:33 UTC
22c6e272-87ce-4c6f-92f7-1b6960794975,2017-07-07 11:08:33 UTC
2382f01a-edc2-45c5-8ca9-b2678ba02f33,2017-07-07 11:08:33 UTC
04817923-0472-42e7-95b5-576686a004a3,2017-07-07 11:08:33 UTC
5a05f0e5-2177-4785-85ac-75fdb419a94c,2017-07-07 11:08:33 UTC
8858800c-8933-405d-8b51-e4eb99388802,2017-07-07 11:08:33 UTC
1854cd14-6e47-4c27-bc3a-e467e0886bb8,2017-07-07 11:08:34 UTC
fe6f76d2-c784-4df9-b826-5aae99cc09cc,2017-07-07 11:08:34 UTC
3225fa9b-2a70-4c60-9082-8805d1adfc83,2017-07-07 11:08:34 UTC
f5516b6c-d740-4725-8b80-c686712a37e7,2017-07-07 11:08:34 UTC
0f560cac-86a0-43ff-834a-257c69e31bce,2017-07-07 11:08:34 UTC
0d04802b-d572-478c-9b04-1f18fa305352,2017-07-07 11:08:34 UTC
c6c551f3-c565-4f39-a2d3-245738376888,2017-07-07 11:08:35 UTC
003c222f-2d03-47b4-9041-e323f680b72d,2017-07-07 11:08:35 UTC
f547dd7a-1c9b-4373-bca1-9ca922fad82f,2017-07-07 11:08:35 UTC
70392f68-fc5b-43a1-908d-1d23f2ba53fe,2017-07-07 11:08:35 UTC
204fe398-a497-470c-91ec-d25f3384bd61,2017-07-07 11:08:35 UTC
5083db4a-7087-4011-ac9f-d615f0c14878,2017-07-07 11:08:35 UTC
09f51b53-b033-4d27-bd2c-87836ee16d9f,2017-07-07 11:08:36 UTC
d1862528-6557-48ae-8739-9c8d0f1e8661,2017-07-07 11:08:36 UTC
fdbcfb58-ba69-4cd5-aaa3-c713564d1efa,2017-07-07 11:08:36 UTC
02fa61a5-2aa8-4101-b814-663dbf4cf2f2,2017-07-07 11:08:36 UTC
6c058b93-783a-4bb5-96e8-cdcf6a7fbdff,2017-07-07 11:08:36 UTC
c45e81cd-d5ad-4c0c-824a-7d9c7f8cff2b,2017-07-07 11:08:36 UTC
7d24cab4-6ac8-4b23-a4a9-0b0374da22a7,2017-07-07 11:08:37 UTC
e333045b-e8bc-44da-914d-0926fb06188b,2017-07-07 11:08:37 UTC
2df6bd60-7358-4382-88e5-e806989448ff,2017-07-07 11:08:37 UTC
c4ea01cc-d4ab-4595-93fd-2efd9ee2951e,2017-07-07 11:08:37 UTC
b81b6646-043d-4694-8d3a-7c26cfc2f38a,2017-07-07 11:08:37 UTC
2b14386d-7e04-4a21-8e86-7c8592ad139d,2017-07-07 11:08:38 UTC
d3f3e366-f77b-43c7-b74f-dec1d4d20d35,2017-07-07 11:08:38 UTC
2e67c835-2705-49ae-94f9-e68b2d241601,2017-07-07 11:08:38 UTC
e3ee238e-f0ce-4bff-8a98-e85cfc0733ce,2017-07-07 11:08:38 UTC
f01dfe7a-73f8-4148-b5bd-c3ee97d7ce6c,2017-07-07 11:08:38 UTC
f0afaadd-0a87-4bb1-b8f4-380429d50fb0,2017-07-07 11:08:38 UTC
4f62b6ac-ff73-47ae-9493-31fbe907e4b9,2017-07-07 11:08:39 UTC
9042d952-8ef8-46c6-a05e-3e6af4c75e71,2017-07-07 11:08:39 UTC
0182db70-5191-4f29-8ac9-d29780176865,2017-07-07 11:08:39 UTC
e0d963c1-e774-4d66-8b53-936a580c59c8,2017-07-07 11:08:39 UTC
c0daf135-cd88-4361-babd-0133135d78ae,2017-07-07 11:08:39 UTC
82feec93-7df3-4763-ab8c-29224bdf30f3,2017-07-07 11:08:39 UTC
935af4db-dca7-4d3d-b6f9-d77d65f7a398,2017-07-07 11:08:40 UTC
e1b8b1c7-e64b-4b42-9049-55e1b03dde23,2017-07-07 11:08:40 UTC
7e698551-1fad-4fc5-ba7e-e4efdcc55fb8,2017-07-07 11:08:40 UTC
03dfa823-a2c3-4d22-aec5-e549727caae4,2017-07-07 11:08:40 UTC
c37aa893-fe61-4199-93e8-fe6078f5bbc6,2017-07-07 11:08:40 UTC
1120cf41-59bd-43dd-b9a6-aeb25616a50c,2017-07-07 11:08:41 UTC
16adf236-2458-4ede-aff1-6404ed374c21,2017-07-07 11:08:41 UTC
96bdafed-525c-4045-ae8a-73175ea9ccde,2017-07-07 11:08:41 UTC
19e23c6d-9ca5-47e2-806c-afcded0874aa,2017-07-07 11:08:41 UTC
435483f7-dd91-4a58-8387-b7dbc7eea957,2017-07-07 11:08:41 UTC
7bebdd40-3f68-436b-b4f5-74d5172645ee,2017-07-07 11:08:41 UTC
5143e29a-bd7a-439f-86bf-ecdf492712ba,2017-07-07 11:08:42 UTC
b2c0618c-df03-4077-ab9d-dd3d4b63a1ba,2017-07-07 11:08:42 UTC
fb62c129-f33e-4fb0-9713-6a075a859729,2017-07-07 11:08:42 UTC
3043b452-d93a-4495-93a4-493d6dbd4480,2017-07-07 11:08:42 UTC
87743a95-d0c2-4c34-b02c-5ef3e5ef0e09,2017-07-07 11:08:42 UTC
1452cddc-9844-43c6-80e0-b5e625f9a344,2017-07-07 11:08:42 UTC
b3c6c2bf-57ec-4fd8-ad58-d3ff82468054,2017-07-07 11:08:43 UTC
f57e94f6-caee-4085-b4a2-edd9796e0de5,2017-07-07 11:08:43 UTC
be051952-41c2-4139-8258-d7d84bcde809,2017-07-07 11:08:43 UTC
4505309f-bba4-4e98-84fb-80e49372c708,2017-07-07 11:08:43 UTC
25f7af8d-b7b4-46f4-9ca1-f7fdf6c0c832,2017-07-07 11:08:43 UTC
5793f9e8-4dba-4722-acd3-1a8fc9fb07af,2017-07-07 11:08:43 UTC
545eb0f7-ad6e-449d-868b-6507372aab17,2017-07-07 11:08:44 UTC
7da5088f-d910-426d-b142-0444eb432791,2017-07-07 11:08:44 UTC
a2388768-7632-40b2-b33b-c257252a9b7e,2017-07-07 11:08:44 UTC
9df327f0-216d-453a-be76-633e590976c7,2017-07-07 11:08:44 UTC
43ba2dba-ec8e-419a-9f62-6c9b31086cea,2017-07-07 11:08:44 UTC
11f8d862-a735-4130-97f7-ebc6aaeaaf54,2017-07-07 11:08:44 UTC
de1ec240-ef20-4ee3-8231-28174cee1d49,2017-07-07 11:08:45 UTC
04f16fda-25eb-4189-98c4-2e9e8fbba354,2017-07-07 11:08:45 UTC
50aa4886-fdd9-4e67-b034-658f50562ff1,2017-07-07 11:08:45 UTC
339f77e8-08fc-4f31-be99-0242b4bf9afb,2017-07-07 11:08:45 UTC
fc595f22-e20e-4223-9a84-02502d558d31,2017-07-07 11:08:45 UTC
a0f8e7b3-2cae-4cbc-8a71-85a994f77348,2017-07-07 11:08:45 UTC
f9e66eea-9cd7-430f-847a-4ac2c8333f5c,2017-07-07 11:08:46 UTC
6e6d9cf1-093f-4cde-a1e2-100d4be054e0,2017-07-07 11:08:46 UTC
708ac837-4490-4d1d-9fad-b2b87561577d,2017-07-07 11:08:46 UTC
3261381d-2f95-4b8d-9347-78709d2371f3,2017-07-07 11:08:46 UTC
c524f51b-1524-4b61-9fb7-40735f7b6f0c,2017-07-07 11:08:46 UTC
09e86ae0-e574-42ca-bcc1-f5526551e48c,2017-07-07 11:08:46 UTC
eb587c30-9b77-4709-a99e-0860b361cac1,2017-07-07 11:08:47 UTC
c998ef1f-09cb-4441-93b5-dbcbcc6913de,2017-07-07 11:08:47 UTC
e2915718-9fb6-4551-8ea3-d7ad9429e9c7,2017-07-07 11:08:47 UTC
9b383dc3-3209-44d0-a9d6-15666518d1b6,2017-07-07 11:08:47 UTC
01609fd6-b032-427f-8fae-1d368456a3a2,2017-07-07 11:08:47 UTC
4e6df61e-3464-44a4-ae8f-790b287a70d7,2017-07-07 11:08:47 UTC
9bd80116-e98a-4f51-b2b6-5a8ecb8ca591,2017-07-07 11:08:48 UTC
e55382ab-69ae-4f45-b41c-1562b4fba37a,2017-07-07 11:08:48 UTC
d2bc09ba-404b-44a1-8961-335b57fdcb92,2017-07-07 11:08:48 UTC
0750e792-497a-44c3-9d40-120cdc64522b,2017-07-07 11:08:48 UTC
f1c29e2e-a640-4df3-9388-211a4e718cab,2017-07-07 11:08:48 UTC
19b05e07-9c11-49c1-86d6-b13028257135,2017-07-07 11:08:48 UTC
910128b4-57b9-41ae-ac8e-3dacc82a020d,2017-07-07 11:08:49 UTC
6e72388b-b899-4bf6-8ea5-9ce772856a46,2017-07-07 11:08:49 UTC
0be22685-b025-4556-a808-2b7a3fe0a276,2017-07-07 11:08:49 UTC
ac921043-2e0b-41f6-ae60-c46bb6617956,2017-07-07 11:08:49 UTC
37284198-d01a-4541-90e6-f69c61834413,2017-07-07 11:08:49 UTC
962f1740-c4be-4128-8681-455d919c1c30,2017-07-07 11:08:50 UTC
9ca651da-7aed-4b63-bf6a-724fe5fe6958,2017-07-07 11:08:50 UTC
66c85453-ca1d-4e24-899d-921b724eca5d,2017-07-07 11:08:50 UTC
d9419c62-f7b2-4c21-9bf7-8b4c9784630a,2017-07-07 11:08:50 UTC
bbe93a67-84dc-4c1f-a187-d125c5adbbcf,2017-07-07 11:08:50 UTC
e1e7c790-9f4b-4cf5-a953-03ab09246e8f,2017-07-07 11:08:50 UTC
a466688e-6542-4165-8fce-109393c0f194,2017-07-07 11:08:51 UTC
2eb9d53a-2d6d-42e0-857d-39330bee1e5c,2017-07-07 11:08:51 UTC
fada7fc0-73dd-4548-996b-3dc36df1032e,2017-07-07 11:08:51 UTC
d8c8427d-8b31-459e-8c9e-06279633b316,2017-07-07 11:08:51 UTC
db4564e1-dcd4-426f-84bc-5a636d778349,2017-07-07 11:08:51 UTC
97df3b07-3424-4460-accc-5044fb35f43f,2017-07-07 11:08:51 UTC
2418333b-2f5f-446d-9328-c57651db863a,2017-07-07 11:08:51 UTC
d915b8f7-87d3-44cb-8c24-2b811144e708,2017-07-07 11:08:52 UTC
747ed61d-1328-4dc5-b519-c96c354b5da5,2017-07-07 11:08:52 UTC
5ddce44d-ca38-477d-b82a-322d16745692,2017-07-07 11:08:52 UTC
b8492fd6-91ad-433e-a0cd-615e528681cd,2017-07-07 11:08:52 UTC
a502001b-c698-48a5-bbe9-1c4ced0c3174,2017-07-07 11:08:52 UTC
9977f2de-2884-4ed8-a3d8-15cfd458f485,2017-07-07 11:08:52 UTC
c103a3b7-88aa-4345-959f-b2343f81ade0,2017-07-07 11:08:53 UTC
acfbb627-ccfd-4a30-82c6-cebf8bae9cae,2017-07-07 11:08:53 UTC
0819c11a-4bf2-4e75-9772-030820961849,2017-07-07 11:08:53 UTC
26aae99f-1e10-4f18-a34b-8ffc7bdd58e6,2017-07-07 11:08:53 UTC
566f0c83-0038-4ece-aefd-7a4ee58f7451,2017-07-07 11:08:53 UTC
42426c4e-4c09-4ffe-aefe-d8a69a299820,2017-07-07 11:08:53 UTC
23143dc7-e0d8-4222-a6fc-b84607fa98d9,2017-07-07 11:08:54 UTC
fc9e20e9-19c8-4057-9d92-d82fafa9a8f3,2017-07-07 11:08:54 UTC
8068d936-6e26-4e64-b1b9-913f3280aae5,2017-07-07 11:08:54 UTC
363f05bf-07d7-42cd-980e-c75473175fff,2017-07-07 11:08:54 UTC
d6146464-eadf-4800-812d-e2e853c1444c,2017-07-07 11:08:54 UTC
871078a6-1c75-480d-aab0-2b66e92d433f,2017-07-07 11:08:54 UTC
0c7d5210-0f11-4555-9cb2-dc5fd2511285,2017-07-07 11:08:55 UTC
d970ad38-a2ea-4967-9e66-63df713b44c4,2017-07-07 11:08:55 UTC
ccf33840-9280-4df8-8f68-c0615ca3cbb0,2017-07-07 11:08:55 UTC
3e1ad023-be55-4da0-a890-bb6d7b53f00a,2017-07-07 11:08:55 UTC
4630968d-e6ad-4616-a1d5-d232c1c1d3cf,2017-07-07 11:08:55 UTC
5f2df5c5-57db-4a8e-9340-07fa50bee19d,2017-07-07 11:08:55 UTC
918aed06-b317-4f9e-bca1-bedde898a795,2017-07-07 11:08:56 UTC
aedd27af-ddef-4227-9a78-f9c14101ab5a,2017-07-07 11:08:56 UTC
52802232-d624-4081-a402-dc2ebc5dfd86,2017-07-07 11:08:56 UTC
012e007b-502d-4e7a-be87-5c33ace6f1e4,2017-07-07 11:08:56 UTC
05652faf-dd5c-40ae-aedf-f21d8174d0d0,2017-07-07 11:08:56 UTC
413ed3a4-a296-4ab5-a8b3-bfd62771be6d,2017-07-07 11:08:56 UTC
9cb92bbf-9308-4c81-9fd4-71fe0d162ff8,2017-07-07 11:08:57 UTC
beacd136-830d-4ea4-af85-5ae1e4d7e0df,2017-07-07 11:08:57 UTC
53b1ca7f-ea29-40a1-b367-546219065bb3,2017-07-07 11:08:57 UTC
154d6d52-9946-47e9-9e96-48d2a1d8eddf,2017-07-07 11:08:57 UTC
0f05be0f-f016-49ca-94ec-fecc7dcdf184,2017-07-07 11:08:57 UTC
f023c509-179d-41c2-b970-00977ea9b482,2017-07-07 11:08:58 UTC
3463f523-1817-4188-91d4-2fdbd95b5f2c,2017-07-07 11:08:58 UTC
c4ff8d69-3f4f-4860-8915-fa77e8c26cab,2017-07-07 11:08:58 UTC
2db3455f-dd7b-4d37-8cec-4dd1b8c6d82e,2017-07-07 11:08:58 UTC
9e33650b-1836-419c-bd4d-3f655ad23280,2017-07-07 11:08:58 UTC
0de8976e-8afa-4a81-83cd-ed9fad110aa2,2017-07-07 11:08:58 UTC
7bcd58f0-cd39-425d-a63f-caa44eeab45f,2017-07-07 11:08:59 UTC
c4a4b72b-4e44-4d32-9e99-00674b54398a,2017-07-07 11:08:59 UTC
19dc2c7a-82e7-4d2a-ae4e-fa286424f4e6,2017-07-07 11:08:59 UTC
e82b0b60-6b7e-461c-9347-990b4b4019be,2017-07-07 11:08:59 UTC
fdd5079a-164a-4e47-8637-296c1f672b94,2017-07-07 11:08:59 UTC
963a1793-833e-4297-92e5-22d5f32ddcf7,2017-07-07 11:08:59 UTC
bf792638-4bda-49cf-871c-ecd522dc73c2,2017-07-07 11:09:00 UTC
99bb715d-2065-48fb-90fc-a6f99f1b2dc2,2017-07-07 11:09:00 UTC
9f53e385-1fa9-411b-b91f-100f0ae128dc,2017-07-07 11:09:00 UTC
bda0202f-822d-48be-a703-4c82e2370c72,2017-07-07 11:09:00 UTC
8c2f6214-cda6-41ac-87ea-1721b3663ac8,2017-07-07 11:09:00 UTC
51e2ae19-b894-4391-a96b-cbe84fbff39e,2017-07-07 11:09:00 UTC
3a3cdc5a-b7dd-4281-b3fc-1cc062c61d18,2017-07-07 11:09:01 UTC
804dbac3-e134-4d85-8f7f-83194ee4b130,2017-07-07 11:09:01 UTC
e311595a-1d9a-4b58-bcc1-4c007d996196,2017-07-07 11:09:01 UTC
bc016370-025a-4a21-b8d5-d2423c14a24b,2017-07-07 11:09:01 UTC
34d254d2-d40a-4795-80b1-156de9d4ffc3,2017-07-07 11:09:01 UTC
88212f84-a139-4be9-bace-b858bb6ed5b4,2017-07-07 11:09:01 UTC
a9687e79-6063-48f2-bc00-ce65371a24e0,2017-07-07 11:09:02 UTC
2fb51c97-17e1-42e6-9e68-59ce32a62b51,2017-07-07 11:09:02 UTC
0f9c5bcf-7da1-4fd8-9413-cf1b45a2d7fc,2017-07-07 11:09:02 UTC
76aba35d-61fc-40c0-b736-43a266615aa6,2017-07-07 11:09:02 UTC
097a077d-0942-44d6-b0f6-cb4542070d3c,2017-07-07 11:09:02 UTC
2fd3ebdb-4112-4001-8a2a-4df18c1dd34c,2017-07-07 11:09:02 UTC
320b8a75-a0fe-449b-a6aa-9b0624464a19,2017-07-07 11:09:03 UTC
aae8f450-bc84-4a10-9018-c6db20525951,2017-07-07 11:09:03 UTC
da178609-70b8-4e8b-bec5-b5362f68b74a,2017-07-07 11:09:03 UTC
47872c8e-c5ac-4072-bf39-ed6a083e3cee,2017-07-07 11:09:03 UTC
314d30a4-52bf-4767-8a32-7d59c394f2fe,2017-07-07 11:09:03 UTC
28460834-9589-49ba-ab81-b201ffd6661b,2017-07-07 11:09:03 UTC
95bc97ee-932d-49c3-ba3e-4847304e030b,2017-07-07 11:09:04 UTC
d9cf5bff-1a05-4094-bf80-e08a6d9ff7e2,2017-07-07 11:09:04 UTC
59578f89-c15d-4167-9632-a068adaf3304,2017-07-07 11:09:04 UTC
eac409fa-35f7-42ed-a133-3be3d3857b73,2017-07-07 11:09:04 UTC
e6948783-d32b-46c3-94ef-e195bae99d10,2017-07-07 11:09:04 UTC
deac3006-7441-4ce4-9123-6797268802bb,2017-07-07 11:09:04 UTC
ca98977f-f42a-48e2-bc72-8ccb65d39f01,2017-07-07 11:09:05 UTC
4ac17f37-3df7-4e86-b85d-73a591b79d27,2017-07-07 11:09:05 UTC
ba3137c8-3c0f-4e55-a18d-e7739d6577e7,2017-07-07 11:09:05 UTC
082f0356-3cbf-43c3-92ca-10f8871efa30,2017-07-07 11:09:05 UTC
c742970e-66b9-458f-a636-183b9fbc7ef3,2017-07-07 11:09:05 UTC
10ffedea-8785-448a-8ea4-f6fbc99f4913,2017-07-07 11:09:05 UTC
93e4ae1c-6c30-47ca-b656-cd3e2cbb9a20,2017-07-07 11:09:06 UTC
5c704114-8393-4f85-9930-14e8d7c6dd31,2017-07-07 11:09:06 UTC
553bd352-09f2-4700-8dca-28b075119d82,2017-07-07 11:09:06 UTC
d2a93d67-c188-4a35-addc-dd595c59336f,2017-07-07 11:09:06 UTC
ad6559f4-e2b3-4261-824a-fa9d2d17bce3,2017-07-07 11:09:06 UTC
fb5e586d-4e87-496d-8706-97018585a571,2017-07-07 11:09:06 UTC
3890da82-bd73-446f-9f8e-056f612a2762,2017-07-07 11:09:07 UTC
5fc5b90a-e28c-464d-8b8e-ee9d00d5ab89,2017-07-07 11:09:07 UTC
878705cd-ab69-4b41-88c6-d1ea92fde4dd,2017-07-07 11:09:07 UTC
e243d821-2a19-4b54-aacc-3af6d538b240,2017-07-07 11:09:07 UTC
d526ef04-ac28-42fc-ac18-61d1622374f3,2017-07-07 11:09:07 UTC
62f24700-c51c-4c20-99b2-d5e67e0e5aef,2017-07-07 11:09:07 UTC
9f97cf7a-5553-4ac3-ba47-596f10fca797,2017-07-07 11:09:07 UTC
13cd867f-ad6a-478d-bd28-9c80dba77073,2017-07-07 11:09:08 UTC
a22d0c27-8481-4672-9d76-abf3c5e748f1,2017-07-07 11:09:08 UTC
a29969ce-7776-4928-ac9d-76e8dbd5ab53,2017-07-07 11:09:08 UTC
6a717a5a-fb0f-4f7e-9668-eac6417f4bf1,2017-07-07 11:09:08 UTC
fe4df690-8cdf-407a-bacb-c71db009ae79,2017-07-07 11:09:08 UTC
d59fceba-dfd0-4d8d-8854-fca9c6145206,2017-07-07 11:09:08 UTC
37a83bda-db16-4b38-a2d7-acf230834a1b,2017-07-07 11:09:09 UTC
b5822d61-9f8e-4e8b-90d9-ac38b1e5acff,2017-07-07 11:09:09 UTC
668cea8d-bade-4dcb-a2e0-603a45fc077a,2017-07-07 11:09:09 UTC
562b08b0-1a27-4a06-b7d1-fdd02135c6a7,2017-07-07 11:09:09 UTC
2f08fd26-9e31-4619-8107-2aecd52236f2,2017-07-07 11:09:09 UTC
94af4730-21e9-438f-b6aa-d34775a1de23,2017-07-07 11:09:09 UTC
8883cda4-305a-454a-968f-816eb66dd88a,2017-07-07 11:09:10 UTC
8e75efa4-08c0-4155-b20d-8c2bdb352cc2,2017-07-07 11:09:10 UTC
cb8414f4-089a-4bda-be63-deacb12ab628,2017-07-07 11:09:10 UTC
85e318d1-5797-4a45-ac45-4296dad032d9,2017-07-07 11:09:10 UTC
0aff3700-ea37-4549-a3be-0c863f4ae16b,2017-07-07 11:09:10 UTC
ec994c16-4b59-412d-95ec-e5c01793c628,2017-07-07 11:09:10 UTC
6d8271fc-d787-4050-b8ba-de81897989ce,2017-07-07 11:09:11 UTC
a15f322c-500b-41ee-acc6-341b7c7b21dd,2017-07-07 11:09:11 UTC
877333c0-8b62-484c-a334-1304e5a618cc,2017-07-07 11:09:11 UTC
4426c972-8db9-4f60-b445-4c5a61ade046,2017-07-07 11:09:11 UTC
0925b764-dd6c-45fe-b2c3-e875251dfd16,2017-07-07 11:09:11 UTC
586912b4-323c-458b-8396-6c1d1c29aa23,2017-07-07 11:09:11 UTC
44b5c00d-f07a-4b24-9f71-ac5dbca4e2b7,2017-07-07 11:09:12 UTC
115ca73f-f0dc-4c79-b72c-9e397a56550c,2017-07-07 11:09:12 UTC
24861261-ad04-4c28-abd8-18e1ca1414ac,2017-07-07 11:09:12 UTC
9c7defd6-a2ae-4881-baf3-4c3aa2796edc,2017-07-07 11:09:12 UTC
93525af2-58c4-41f8-bc3f-c77bf8bef492,2017-07-07 11:09:12 UTC
40360169-25c3-4faa-8ac1-285ec0deb05d,2017-07-07 11:09:12 UTC
a7195890-4709-43a4-b053-477a7200efc7,2017-07-07 11:09:13 UTC
40f8e5c5-6d6b-4f46-b567-26930a133de3,2017-07-07 11:09:13 UTC
b04c142f-d7e5-4a96-9d94-3c5e68d6f46b,2017-07-07 11:09:13 UTC
a7abe128-8d9c-48da-89b5-2ad751f3b450,2017-07-07 11:09:13 UTC
66f2871f-8f81-48c0-8607-8cb5a633a78b,2017-07-07 11:09:13 UTC
ccd3847d-410e-4fd9-8895-3fee9e04fc05,2017-07-07 11:09:13 UTC
9e5c212e-65ca-4bbb-b878-c01a43ec9552,2017-07-07 11:09:14 UTC
524ca99b-4707-4ed7-9bbe-37b1ec8acf09,2017-07-07 11:09:14 UTC
ce4766a7-82b8-4288-a892-55967b25fa9d,2017-07-07 11:09:14 UTC
73b646a1-355a-467f-a667-4ca20371541f,2017-07-07 11:09:14 UTC
8c142aca-4d3b-41f1-b7a6-6248d8adf2c9,2017-07-07 11:09:14 UTC
ad8c07ee-ce6e-41ce-86b7-9d4ffe20ef6d,2017-07-07 11:09:14 UTC
9ec992eb-b791-4c6d-8cfe-45c1f75e05af,2017-07-07 11:09:15 UTC
064d7aaf-1b25-474d-a069-097d95dccbe1,2017-07-07 11:09:15 UTC
273c1000-f8b9-4110-90f7-b6865a19e994,2017-07-07 11:09:15 UTC
1ed52bc2-ae9c-4be3-bdad-d4c44961f5c0,2017-07-07 11:09:15 UTC
81e69fcc-4072-4ad6-8b10-d6fdaae05e18,2017-07-07 11:09:15 UTC
e4aefdce-ccc9-4602-8ba8-e8b768cd4866,2017-07-07 11:09:16 UTC
6a3861b0-aca0-4350-90d4-9b7db9a23962,2017-07-07 11:09:16 UTC
abbbe48f-4128-4b17-b01c-7f5569a5522e,2017-07-07 11:09:16 UTC
572da411-b870-4589-bb84-9496f976500c,2017-07-07 11:09:16 UTC
6984e015-5620-4577-8163-d0cfb2db5b2d,2017-07-07 11:09:16 UTC
003b1324-ff94-4928-9992-2f6f6385d7a8,2017-07-07 11:09:17 UTC
cc591da3-22e5-4520-af00-9d4ac4c469f9,2017-07-07 11:09:17 UTC
b924fb3c-3a9b-41b9-bc00-048dcd431f84,2017-07-07 11:09:17 UTC
22e5a59d-1074-41e6-a5e7-82b14b6b5a91,2017-07-07 11:09:17 UTC
0b450f6a-3fd0-432b-b4f6-95e47e1ac30f,2017-07-07 11:09:17 UTC
c0542137-3400-40a4-a99c-dc577126479c,2017-07-07 11:09:18 UTC
11a69a42-fc1f-4833-9a79-3798386c6f12,2017-07-07 11:09:18 UTC
b8529aaa-5e84-4d32-83bb-4f5218adbc60,2017-07-07 11:09:18 UTC
ba6c4895-42e7-45ee-b97e-bb0b2f569598,2017-07-07 11:09:18 UTC
ccecf1ea-54f2-4a9a-9e69-c99d56352023,2017-07-07 11:09:18 UTC
be05a247-371d-4aa5-9074-a067f16e5704,2017-07-07 11:09:19 UTC
da4b1fa7-1666-48c0-bf24-52a322a28bd7,2017-07-07 11:09:19 UTC
3dd5d5f1-3e88-4b81-ae50-9f0f49fdec9b,2017-07-07 11:09:19 UTC
4d4464c7-0929-438b-b577-5b9e4354e409,2017-07-07 11:09:19 UTC
45cb852f-3957-42bb-b513-5932176c591f,2017-07-07 11:09:19 UTC
d1951a9b-25af-48f6-b293-ea6b135f1cdf,2017-07-07 11:09:20 UTC
517fad4a-0a8e-430a-9262-66315553d8fc,2017-07-07 11:09:20 UTC
18d255b6-0624-44c9-a6f0-e6abcbbd30c4,2017-07-07 11:09:20 UTC
a8684b53-2bd3-400a-9d76-9647fa4ea345,2017-07-07 11:09:20 UTC
2105433e-7489-444c-9520-1f34e36dcee7,2017-07-07 11:09:20 UTC
b8b1811f-05f3-4235-9bc3-d758b0e60e23,2017-07-07 11:09:20 UTC
09699db7-7f56-4673-b8f8-d0e34ca04390,2017-07-07 11:09:21 UTC
cb5a6443-d444-4bf0-983f-52d05e52c64f,2017-07-07 11:09:21 UTC
7329f377-4039-4477-9e71-7c59fd25cd4d,2017-07-07 11:09:21 UTC
2e2379b3-106a-4a8f-affa-8c1f153f23ee,2017-07-07 11:09:21 UTC
2b2ddb5a-49dc-4bc1-a735-22833a1508bb,2017-07-07 11:09:21 UTC
dd058d00-a196-40cf-bcc2-086f07b009e0,2017-07-07 11:09:21 UTC
d15314ba-ee7e-4c53-8152-67faf6428428,2017-07-07 11:09:22 UTC
9fc34fe7-1e29-453e-b265-7482ce084145,2017-07-07 11:09:22 UTC
244e98da-cc1a-45e7-9270-0254f2d1aae7,2017-07-07 11:09:22 UTC
25b587d1-f14b-49cf-9695-16bb64c3c245,2017-07-07 11:09:22 UTC
46c2da57-5a83-4d2b-81e9-6643cf8733a6,2017-07-07 11:09:22 UTC
f21dce60-70f1-4073-bf4b-1dd0a890fd30,2017-07-07 11:09:22 UTC
a79ee06c-0fe2-47b7-ba86-94d5899f2295,2017-07-07 11:09:23 UTC
d4a66483-34f2-4c00-8570-24ca5fcee1d2,2017-07-07 11:09:23 UTC
adc2e699-4de9-48bb-97df-11699945f138,2017-07-07 11:09:23 UTC
c49d58db-69af-4183-8410-b4d3c630c544,2017-07-07 11:09:23 UTC
56243ae2-a242-4b1e-9f1d-f21edfa064d7,2017-07-07 11:09:23 UTC
41221af6-0c81-4713-a477-020d7f4abc5a,2017-07-07 11:09:23 UTC
3f2f7470-f37d-45b7-8758-d8028d25c233,2017-07-07 11:09:24 UTC
848743a2-c554-4762-bec3-5cedea49ccfa,2017-07-07 11:09:24 UTC
cdfc9693-5f8a-4907-99b6-f99fbfcf1da9,2017-07-07 11:09:24 UTC
efd17a0f-4fc8-4aa3-b2b7-e69f7824fd3d,2017-07-07 11:09:24 UTC
eab61ecf-de72-482f-ad4a-c7f4f470bef5,2017-07-07 11:09:24 UTC
65dfd48f-0d71-4978-aa54-893ca03a5a69,2017-07-07 11:09:24 UTC
3045b05d-161c-47b7-8f72-033d2abc3e1c,2017-07-07 11:09:25 UTC
6a456f69-3523-43af-97fb-959ae400d82f,2017-07-07 11:09:25 UTC
8ae9f2d6-ab6a-4c5b-80bf-905da928b02b,2017-07-07 11:09:25 UTC
79eb3a17-32af-4de4-bafd-62229a9bba52,2017-07-07 11:09:25 UTC
3f64bfd6-01e9-4c80-8628-e1c45be00579,2017-07-07 11:09:25 UTC
c86b78e9-d8a4-49b0-9c0c-d987d683e473,2017-07-07 11:09:25 UTC
e1fa6dc6-d605-4347-ac1f-b1142ee73d9b,2017-07-07 11:09:25 UTC
3e061da3-03d5-4b04-8c6f-efabd84f5372,2017-07-07 11:09:26 UTC
8f5c5b4b-6d22-479c-87f6-fca31e9c746f,2017-07-07 11:09:26 UTC
96813e7d-a7f1-47d7-97a6-b6ff59756e03,2017-07-07 11:09:26 UTC
33a4d8fe-8fca-41da-969e-f08c67cb9dbc,2017-07-07 11:09:26 UTC
0e713e05-7f13-469e-a426-afb909c16c05,2017-07-07 11:09:26 UTC
6d1f3134-33cf-4104-bf7a-0b7fbf7f7a00,2017-07-07 11:09:27 UTC
9f7d58a1-4f04-4576-9495-8005e125e1f2,2017-07-07 11:09:27 UTC
6d44496b-da53-48d1-bd9c-3d769bb0f2c6,2017-07-07 11:09:27 UTC
a923c4be-fe2e-4853-af5f-b4b8666e1588,2017-07-07 11:09:27 UTC
475c34e6-8dbb-4ae1-83c2-29de98bc6b53,2017-07-07 11:09:27 UTC
718ac2f6-392b-4a34-9bbe-9dd31aafb5fb,2017-07-07 11:09:27 UTC
43d80a48-c419-4eec-890a-2d0e069f8610,2017-07-07 11:09:28 UTC
b5135e24-0579-4cc8-979b-0e8257025a24,2017-07-07 11:09:28 UTC
5dd7bf86-b3cf-4794-8875-e9cbeb7125b6,2017-07-07 11:09:28 UTC
e264dd1d-6643-4686-b197-670b8cc0322b,2017-07-07 11:09:28 UTC
ea9ea113-847e-4de7-aa06-265ee2886c8a,2017-07-07 11:09:28 UTC
912d88d4-d236-4217-9e23-a8483e48badd,2017-07-07 11:09:28 UTC
02a65d3a-6210-47d6-992b-83a71b29c706,2017-07-07 11:09:29 UTC
eaefb12b-26bb-44bb-8ffb-562c84beebfb,2017-07-07 11:09:29 UTC
b10c5e20-051b-43cb-84bb-56fb5cda07f2,2017-07-07 11:09:29 UTC
8d864550-3fd8-42d7-ac2e-8efaa3c121e7,2017-07-07 11:09:29 UTC
a25bef17-53c9-4a34-b236-ef2c9fab183d,2017-07-07 11:09:29 UTC
27338b6b-0c29-4d5a-a286-dc6610bf8eeb,2017-07-07 11:09:29 UTC
a819ebb9-d742-4f18-a2d0-bb46c1dfc8e3,2017-07-07 11:09:30 UTC
1b5e7de4-cc8a-4462-b21f-a9c1a644f03b,2017-07-07 11:09:30 UTC
114a8113-fdd9-4770-bcad-f7017f4aec65,2017-07-07 11:09:30 UTC
20940580-673a-4be5-941b-7ecd5ba0e221,2017-07-07 11:09:30 UTC
477f239c-f132-4147-9e1e-dc553ff790b9,2017-07-07 11:09:30 UTC
adc06825-82fe-4797-aca0-37c9258b92c8,2017-07-07 11:09:30 UTC
89210b13-879d-44c5-9f1d-6313d1321b50,2017-07-07 11:09:31 UTC
c7f8976e-5a5d-498a-9af0-8cfeaee17851,2017-07-07 11:09:31 UTC
48de1d1b-2f00-4c2d-bb4b-939e865f2984,2017-07-07 11:09:31 UTC
c4d32f14-b11e-4acd-9de6-1c51100ae1c0,2017-07-07 11:09:31 UTC
710369d1-bfd4-4c4a-9bfe-c4c5ddd59c0b,2017-07-07 11:09:31 UTC
3abde850-f9bb-4ac3-ab53-9262703ec29d,2017-07-07 11:09:31 UTC
b568c453-4cff-4571-a209-865f9baf06d7,2017-07-07 11:09:32 UTC
190832b8-81cf-422c-8c5a-4cb33cb2d81c,2017-07-07 11:09:32 UTC
e676896b-905f-45bf-ae6a-4d4961279b96,2017-07-07 11:09:32 UTC
d62b74ae-6f9f-40fc-823f-fa138cd5d00f,2017-07-07 11:09:32 UTC
10703820-7e10-4b2b-a624-393d1989a634,2017-07-07 11:09:32 UTC
0b6f30a1-570b-4a16-ac8e-278e6bce35ea,2017-07-07 11:09:32 UTC
3b07906f-72b0-4e61-8042-74d0c635b15e,2017-07-07 11:09:33 UTC
3297bc54-db2a-4a56-93b8-05aaef331985,2017-07-07 11:09:33 UTC
5f14edc7-929c-47b3-8213-18b27c354973,2017-07-07 11:09:33 UTC
ac3fa0be-5685-4ee8-a824-f5be0d587dcb,2017-07-07 11:09:33 UTC
6c1051cd-89d7-4e7d-99ab-1e7641036af3,2017-07-07 11:09:33 UTC
17095f00-b38a-4cdd-8128-4ec20fe5c703,2017-07-07 11:09:34 UTC
90374d63-3d4d-4fc2-8ccb-2399c802875f,2017-07-07 11:09:34 UTC
5e7814b3-2748-442d-bdf2-f47f1e089f86,2017-07-07 11:09:34 UTC
3ffead91-079a-46dc-91c0-76427eb652bb,2017-07-07 11:09:34 UTC
39b03911-66b7-44ba-a324-ab51903f8a77,2017-07-07 11:09:34 UTC
d54faed8-6f91-4b2d-8695-791cafa5bfe5,2017-07-07 11:09:34 UTC
c2f4e2e0-ec04-4a0d-8495-ce8d93cc532c,2017-07-07 11:09:35 UTC
a4f045e2-7fa6-4774-a0de-4d963c8c8458,2017-07-07 11:09:35 UTC
9005d8b5-173a-47af-93ad-81e000ce8892,2017-07-07 11:09:35 UTC
1cc3ac40-197c-4a74-9054-f517c8bd71da,2017-07-07 11:09:35 UTC
1c57c19c-2765-4adf-9569-92edaa2d4f54,2017-07-07 11:09:35 UTC
e8fb57c8-b709-4723-8f63-edaf87a5ea28,2017-07-07 11:09:35 UTC
21cf4432-dfa8-4c4b-8d6c-690f95008456,2017-07-07 11:09:36 UTC
424cb606-36b4-4023-adf8-4e5814d119f1,2017-07-07 11:09:36 UTC
29d645bc-88de-45b9-8a55-cadd3bb93cc9,2017-07-07 11:09:36 UTC
e25a59dd-dc44-4e65-bdd1-07e8d97a8188,2017-07-07 11:09:36 UTC
18868f30-42eb-44a4-832c-344132244191,2017-07-07 11:09:36 UTC
6c2db9ae-61a5-4924-ac92-524be8d9b5be,2017-07-07 11:09:36 UTC
1a404d50-f181-45dc-8ba3-9df422d43601,2017-07-07 11:09:37 UTC
db66b40a-1c15-4b20-9914-fc36af9e25f8,2017-07-07 11:09:37 UTC
25c8c4cd-4be4-4637-94cc-47ef27eade33,2017-07-07 11:09:37 UTC
55f20973-b817-4bae-8c26-846bb012a47a,2017-07-07 11:09:37 UTC
c1c35bd2-bb55-41cb-b405-90b03616da12,2017-07-07 11:09:37 UTC
5ebb1683-b796-481d-9656-e9cfc9f517a0,2017-07-07 11:09:37 UTC
e0acfe65-fdfe-43f3-8cf0-5dcd5dfaa2b9,2017-07-07 11:09:38 UTC
9f6b69b6-3748-48c2-956e-61a675a2e4bb,2017-07-07 11:09:38 UTC
023bd77c-0ee8-49f1-932d-4ce79689c042,2017-07-07 11:09:38 UTC
e544a527-f63d-478b-9b11-27f0881b5ab8,2017-07-07 11:09:38 UTC
79d152e8-8e8a-464f-a81b-730c84a4dc9c,2017-07-07 11:09:38 UTC
25203b48-568e-46f2-8f2c-c3608eb8fda7,2017-07-07 11:09:38 UTC
fc357a8c-130b-44e7-9f7b-4d152d4c255f,2017-07-07 11:09:39 UTC
5dbbffd0-5dfd-48fd-bc2f-cef976bd5a38,2017-07-07 11:09:39 UTC
98369cf3-7bcf-4ecf-835c-d4819237b487,2017-07-07 11:09:39 UTC
1bfa5c2c-e014-4399-a758-141ffcf5c154,2017-07-07 11:09:39 UTC
6d05f2b6-37d0-477e-9017-4d5b9e1e48aa,2017-07-07 11:09:39 UTC
320ac2af-8392-450e-82a5-55c33b7efccc,2017-07-07 11:09:39 UTC
5b97346d-b224-49ed-ad22-324933feb048,2017-07-07 11:09:40 UTC
dd0a758b-47ca-436f-a6c5-7604854041af,2017-07-07 11:09:40 UTC
31485598-6b4a-4ee2-b9e0-2633f97a74a8,2017-07-07 11:09:40 UTC
b89bfade-c600-4037-915c-0e48328c6374,2017-07-07 11:09:40 UTC
dfe804c4-c52a-4689-9c75-37b441fb8a14,2017-07-07 11:09:40 UTC
16a3f809-e8e7-49a5-9657-b09a910f4703,2017-07-07 11:09:40 UTC
e03531e0-e2be-4398-b93b-c99904d9230f,2017-07-07 11:09:41 UTC
267bb978-3e6c-479b-93fd-fede78b8f85f,2017-07-07 11:09:41 UTC
35d6534f-e742-4b11-98e2-49d228549d24,2017-07-07 11:09:41 UTC
6dd1ec94-ef53-4530-b254-fc82222ecba1,2017-07-07 11:09:41 UTC
e3c19293-8b20-4264-ba3e-1489641d3819,2017-07-07 11:09:41 UTC
f3d31452-fb73-4940-9580-5f127d44ec49,2017-07-07 11:09:41 UTC
6989a77a-b3e6-4cac-8476-fd49ce35307a,2017-07-07 11:09:42 UTC
f8f27901-8780-4578-b9cb-0f48766b5ce4,2017-07-07 11:09:42 UTC
5003f57a-10e2-4b86-b0e2-5493aa3d5267,2017-07-07 11:09:42 UTC
ed9cdfaa-90c1-4feb-b3c2-72ed81badc8e,2017-07-07 11:09:42 UTC
416a5cb0-4bf7-4ea0-89a3-777245f31a10,2017-07-07 11:09:42 UTC
15f24498-5a14-4f44-a01b-5478e2936eb6,2017-07-07 11:09:42 UTC
9504cd2e-2b8c-4fb7-891b-4f361323a576,2017-07-07 11:09:43 UTC
00180714-3ae6-479c-a3d8-ac69c74559e4,2017-07-07 11:09:43 UTC
c968b048-ead1-4f8e-b67d-b2f21a9bb773,2017-07-07 11:09:43 UTC
2fc4c4bd-cd64-419d-835b-901a0adef97e,2017-07-07 11:09:43 UTC
70a2a6c5-cbd7-4d41-8e61-844397c6c170,2017-07-07 11:09:43 UTC
0a887f96-4cf4-43d4-a0d8-a8291d15cdb9,2017-07-07 11:09:43 UTC
9a93a9a1-665a-4f65-b2ca-5e343254a2c2,2017-07-07 11:09:44 UTC
511d302b-1a8f-45aa-99a5-d5502cf908b0,2017-07-07 11:09:44 UTC
c3329ae9-8332-4b19-8c13-8dc8a74daec8,2017-07-07 11:09:44 UTC
447ff6f2-53e5-436e-8442-a8f7b82084a9,2017-07-07 11:09:44 UTC
938582f5-5dd7-495b-bc5b-8c8189078c00,2017-07-07 11:09:44 UTC
42fcac60-4a66-4534-9631-2f1b0393de10,2017-07-07 11:09:45 UTC
ffb095bf-703c-4fc2-bf6e-927a217dd373,2017-07-07 11:09:45 UTC
87d0e369-9dee-49b5-996a-c4d381d77ea0,2017-07-07 11:09:45 UTC
e6c02485-22fc-4520-afae-66399349e32e,2017-07-07 11:09:45 UTC
7bd25a01-fdac-427f-b33f-2405eb24f693,2017-07-07 11:09:45 UTC
ffa87766-7d2a-466f-8662-0f9313a2a577,2017-07-07 11:09:45 UTC
c78ebbc5-1d0e-478a-a4db-f074bf948571,2017-07-07 11:09:45 UTC
78c1ecfa-da74-47a6-997e-42b29dd23b16,2017-07-07 11:09:46 UTC
2ca9cec3-c45f-4cbe-8948-31a16a78aa94,2017-07-07 11:09:46 UTC
d2e9a91f-beaf-443e-9114-45e127e7e1d8,2017-07-07 11:09:46 UTC
91908396-4fa5-4771-8a8a-ca4d4b17c57d,2017-07-07 11:09:46 UTC
308805e1-fbcd-4a21-8668-7464f81bd9b1,2017-07-07 11:09:46 UTC
0e68c025-179b-4144-80e4-7e2eecddce83,2017-07-07 11:09:47 UTC
3fce499a-bb5d-453e-b549-76f360faaea5,2017-07-07 11:09:47 UTC
5dc85ade-cad5-4acf-b5f5-bf56e241bd26,2017-07-07 11:09:47 UTC
790424d0-1980-46c2-92b5-9965f661394d,2017-07-07 11:09:47 UTC
77877905-d334-4fa1-a556-ad01bc283d06,2017-07-07 11:09:47 UTC
3bfa3e75-e6fc-4853-bebf-26bc692e6002,2017-07-07 11:09:47 UTC
d8eca064-1f4b-4361-9a8a-9968fac91a27,2017-07-07 11:09:48 UTC
488410cf-e327-4e9a-921f-460318316a13,2017-07-07 11:09:48 UTC
cebe3b29-68e4-478d-96bf-5f7f67130ffb,2017-07-07 11:09:48 UTC
7224c43c-e003-44c1-af1d-8ddb53938d68,2017-07-07 11:09:48 UTC
d9cda891-dc5f-4979-89bb-dd4ff01a2ac9,2017-07-07 11:09:48 UTC
13d284df-174f-46e8-b8b0-e404940bbfdc,2017-07-07 11:09:48 UTC
94cbf568-490e-437a-9c52-9bf4435c3f68,2017-07-07 11:09:49 UTC
fcdc91a2-6917-4849-813a-0f51ed5ec660,2017-07-07 11:09:49 UTC
d1502d1c-2c39-4418-ba93-8df370301731,2017-07-07 11:09:49 UTC
166be263-9cff-49e3-8e49-add95d777a2e,2017-07-07 11:09:49 UTC
18bb17ab-a069-4b3c-b987-cb7d32202047,2017-07-07 11:09:49 UTC
cee21b5f-065d-4822-84a0-936e39bded03,2017-07-07 11:09:49 UTC
37eeb4ec-7bd6-4a90-b0b2-644d43a4800f,2017-07-07 11:09:50 UTC
c1b2840d-a1de-496f-958e-b1fded6d4bf9,2017-07-07 11:09:50 UTC
26f280c7-f9ca-42ff-a7b6-a81086167c7c,2017-07-07 11:09:50 UTC
db5060f0-9215-467e-a63f-b81cd5460931,2017-07-07 11:09:50 UTC
efc92c4b-6059-4a0b-84ff-b2d07799065a,2017-07-07 11:09:50 UTC
944fe915-ca74-4611-82c2-1ed080fceb39,2017-07-07 11:09:50 UTC
4050846f-631f-4543-b76b-d3a8ef8e0748,2017-07-07 11:09:51 UTC
88c3fa03-01bd-4902-8282-f32ce2b5c588,2017-07-07 11:09:51 UTC
d069618f-3825-4872-8f5c-780431961bde,2017-07-07 11:09:51 UTC
d4a3f12a-2b81-4cef-b42d-c57d445e2308,2017-07-07 11:09:51 UTC
f636df87-664f-44d3-a447-7256bc3c5116,2017-07-07 11:09:51 UTC
e51e98e0-fbf5-4874-bdc5-1ecfecc91218,2017-07-07 11:09:51 UTC
9f05a887-48a1-487f-9d8f-3ad5441b63da,2017-07-07 11:09:52 UTC
2f9b674e-bcd7-4af8-96e1-ee9b216de3a8,2017-07-07 11:09:52 UTC
c9a5d400-3250-461b-b86e-84efef1fac78,2017-07-07 11:09:52 UTC
977cfef5-46f7-478b-8fef-68a652094d60,2017-07-07 11:09:52 UTC
4052a0de-20dc-4906-8d57-88180addb0ce,2017-07-07 11:09:52 UTC
87c8bd63-2f2c-4f9b-821e-63d320ebe776,2017-07-07 11:09:52 UTC
be319958-0e8e-4c7e-84b2-d9a54a2d37f3,2017-07-07 11:09:53 UTC
15ad53c0-8db1-44be-8120-cb6a12005957,2017-07-07 11:09:53 UTC
38d911e7-5f21-446e-9cdb-0ddee69e736f,2017-07-07 11:09:53 UTC
7da026d6-6592-4aa5-9fcb-42cbe53980dc,2017-07-07 11:09:53 UTC
d393fed5-0ddd-430c-993d-702788d68666,2017-07-07 11:09:53 UTC
aff3e998-c641-4e55-bfd9-d76d30c8553a,2017-07-07 11:09:53 UTC
ebcd7cfc-797e-40d8-89f3-21da7e881d46,2017-07-07 11:09:54 UTC
ffc58f18-0d74-4092-88aa-390fbdc93cd4,2017-07-07 11:09:54 UTC
607c661c-0cc4-4c03-9574-28cd4d40dbf5,2017-07-07 11:09:54 UTC
2ed4ad61-7c72-48eb-8e62-8a3f27d678d4,2017-07-07 11:09:54 UTC
c9c96ef5-83aa-481a-bbf5-f5de85710451,2017-07-07 11:09:54 UTC
5df35abf-235a-417d-a9ea-bdaf796c1642,2017-07-07 11:09:54 UTC
cf06fd1a-dfd4-4993-817b-0a6ab19c9ed2,2017-07-07 11:09:55 UTC
81cfc8d1-753d-4174-a71e-3622d388e591,2017-07-07 11:09:55 UTC
e55ba3e1-507d-4f69-a946-faf56172eb8c,2017-07-07 11:09:55 UTC
c132cda8-3ad5-4435-9afb-f825ce5bf1d7,2017-07-07 11:09:55 UTC
45242662-2284-4741-899a-564cc1865907,2017-07-07 11:09:55 UTC
b0a67bd0-b9b5-4083-a460-43d3eee81f9a,2017-07-07 11:09:55 UTC
57947a78-c150-4fb9-9b93-0cdcb773a566,2017-07-07 11:09:56 UTC
300deaba-7663-4405-9d89-fcc644ef11f9,2017-07-07 11:09:56 UTC
fe67e62f-d812-4bbd-ae94-5b42ce53fcad,2017-07-07 11:09:56 UTC
a398ea5c-0ccc-4abc-ac11-29d40a46b3f8,2017-07-07 11:09:56 UTC
9abead5c-5b17-40ef-838a-d6f8e476a50c,2017-07-07 11:09:56 UTC
4c8ebafa-f25c-4b07-a20c-431391c84424,2017-07-07 11:09:56 UTC
9070a487-00f1-4d11-aecd-1f684da34e43,2017-07-07 11:09:57 UTC
94c73f0c-2011-4d1a-ab27-bf412ca3fdbe,2017-07-07 11:09:57 UTC
6291cb67-6703-4057-9588-8b0b04de5670,2017-07-07 11:09:57 UTC
3d78aa38-ef81-4253-b321-88d6ca2ec84c,2017-07-07 11:09:57 UTC
b97b1a8b-33ee-4260-ad14-fc0df1bf8330,2017-07-07 11:09:57 UTC
8a6c9201-36a9-4925-b171-4c82ab7ab562,2017-07-07 11:09:58 UTC
c799036c-eb4c-4ff1-bedd-fc5bb87c5829,2017-07-07 11:09:58 UTC
228fb3c5-45e9-48bc-885d-0260a7797498,2017-07-07 11:09:58 UTC
8abbf124-a36d-4443-91a5-a7e5c5107346,2017-07-07 11:09:58 UTC
1d2ef38a-bf54-40d1-bf93-4b6861c196e8,2017-07-07 11:09:58 UTC
a50c1f8d-c4eb-4855-839c-a96f2f661cfd,2017-07-07 11:09:58 UTC
7a644c88-b24a-4e6d-b164-eff020cd6875,2017-07-07 11:09:59 UTC
9fc919ca-66fd-4f25-b8ab-0b012703c57e,2017-07-07 11:09:59 UTC
a309da72-c4d1-4b19-a2aa-7c068c6d89a1,2017-07-07 11:09:59 UTC
3001be47-ffdf-40d5-a1e3-bdca59c864b7,2017-07-07 11:09:59 UTC
ee5ee8d9-3584-4915-9dfb-9fbc130895f9,2017-07-07 11:09:59 UTC
20c2c836-7b6e-49f7-b3a0-9b1af7c90bc9,2017-07-07 11:10:00 UTC
45f5cc0c-7bd6-420b-808a-4f9854a94920,2017-07-07 11:10:00 UTC
c873c5d1-c05f-49c2-a766-3fe07ac913d4,2017-07-07 11:10:00 UTC
ab68b270-f1be-4d94-877f-456ef37af436,2017-07-07 11:10:00 UTC
da5dd8c3-c77f-4b4a-acea-bd70ff2528d1,2017-07-07 11:10:00 UTC
b7eb9908-006f-46cd-b402-f878fe619375,2017-07-07 11:10:00 UTC
f3e2b8e5-8ef7-4431-870c-9d5372eab358,2017-07-07 11:10:01 UTC
552ded04-9cd1-4a55-af8c-087a7f28d635,2017-07-07 11:10:01 UTC
cca464b8-0259-49ab-894f-ba11199dc795,2017-07-07 11:10:01 UTC
2220f842-f3b5-4813-b96d-8c1a1d408944,2017-07-07 11:10:01 UTC
a4d07a68-5849-4be8-8c5b-8ac6bb055907,2017-07-07 11:10:01 UTC
b507ef74-02da-448c-ae95-46d3db25fca2,2017-07-07 11:10:01 UTC
aebd79cb-2946-440b-8f1f-4def116a44ba,2017-07-07 11:10:02 UTC
49081ac7-c60b-419d-a654-cd7e8b75fee2,2017-07-07 11:10:02 UTC
fb837ee9-a3c8-49d3-a573-d1c50e2beba6,2017-07-07 11:10:02 UTC
84044d1f-f2fb-41f9-b2df-8deacace4ebc,2017-07-07 11:10:02 UTC
17827834-2e5b-4ebd-8a77-06aadd863712,2017-07-07 11:10:02 UTC
e7191735-e719-404c-9a38-86d429962586,2017-07-07 11:10:02 UTC
f5011a04-4325-4619-b7b3-c57e8daa395c,2017-07-07 11:10:03 UTC
a713ea38-3354-4409-866f-b324a591c68c,2017-07-07 11:10:03 UTC
9c3eb8d2-b13e-4291-bc25-547a6591e5ce,2017-07-07 11:10:03 UTC
e128e760-a7ca-46a6-b7fb-6de754bb3f0c,2017-07-07 11:10:03 UTC
782ef688-337a-4490-a33d-7c8ccb670ea4,2017-07-07 11:10:03 UTC
b6ea16f3-377e-4566-9f85-70e684012b5a,2017-07-07 11:10:03 UTC
3a60faf1-252f-4ac3-852c-aaa0428f6416,2017-07-07 11:10:04 UTC
3f407f7f-4ee5-44db-abfb-e8969955d2fd,2017-07-07 11:10:04 UTC
d9fac4d3-2530-4875-a40a-eeb4a55b775d,2017-07-07 11:10:04 UTC
18f499c9-155d-45bf-8a0a-b362ae5cf118,2017-07-07 11:10:04 UTC
814451b0-2f8b-485e-b036-9c1372fcc25e,2017-07-07 11:10:04 UTC
d9bbaa32-34d6-4bfb-a1b7-1cc805af2683,2017-07-07 11:10:05 UTC
54645a90-b4c9-4a93-b143-9acfdd3c2d59,2017-07-07 11:10:05 UTC
441d5efd-c04e-43f1-b37e-f11bdc7e454a,2017-07-07 11:10:05 UTC
560d3a1c-eea0-4627-abdd-4bd78a077d04,2017-07-07 11:10:05 UTC
077954c2-eceb-4e30-8414-59a18af4416f,2017-07-07 11:10:05 UTC
91139933-66cf-4bd3-bd91-21f20e9a8914,2017-07-07 11:10:05 UTC
cfc60323-ec9c-4d40-af20-93e3221073d3,2017-07-07 11:10:06 UTC
eba9ce61-f741-4176-b3cd-a07fe4267f55,2017-07-07 11:10:06 UTC
8241abc4-0ba9-453c-bd3d-0483c1682b2f,2017-07-07 11:10:06 UTC
3647a7d3-b669-4883-b9cf-93436d1710db,2017-07-07 11:10:06 UTC
4f0b83c0-7973-486d-acfe-d35114b542d3,2017-07-07 11:10:06 UTC
9800b1e4-bdbe-415a-be4c-80def0104f21,2017-07-10 10:33:12 UTC
41e2dba6-3ecd-42e8-ad7d-64b899e6f239,2017-07-11 13:23:35 UTC
de76efce-7e73-4112-b417-97a22d4bb678,2017-07-17 08:11:36 UTC
9c4b333d-d6a1-4d24-a97b-6e9f4451f002,2017-07-18 11:56:03 UTC
19d83b8e-f0e2-4e04-975b-f43cd16fa5f4,2017-07-19 15:41:24 UTC
c52fb90c-07d6-477b-947c-01c5783214d1,2017-07-21 10:00:58 UTC
3d6b6802-fe46-448f-a5c3-0db318179c48,2017-07-25 13:53:33 UTC
b2b0a62e-f740-460b-91fb-3da1b216777c,2017-08-02 08:54:12 UTC
8ba5e82d-160b-4223-a2ae-535e07a63848,2017-08-02 15:23:09 UTC
d02efcee-7e00-48ee-a3fc-23f606732499,2017-08-03 13:08:32 UTC
8e31c85a-037f-4ecc-a3fe-1903aaaead32,2017-08-04 09:15:20 UTC
a43c5f1f-b3c4-4347-bea7-9233af696d8a,2017-08-04 09:15:26 UTC
c7398eeb-8582-409a-a99a-174ec75e0e16,2017-08-11 08:15:51 UTC
39db0e14-4c4b-4941-9eb6-2ab846372cb3,2017-08-11 13:44:36 UTC
9850eb27-e45b-43a2-a2d8-bd756fe39b48,2017-08-14 16:11:27 UTC
22383760-940c-40a2-b2cf-db43e2763f38,2017-08-14 16:14:01 UTC
27fee4c1-cf29-49e5-aab6-d89e32ce1cf6,2017-08-30 12:55:50 UTC
7f67f07e-7290-4ba5-8bba-3ffa41d799d9,2017-09-14 11:48:13 UTC
c6238e47-1c2e-4c9a-8077-0b5b69f67ff6,2017-09-14 16:09:01 UTC
aa619de8-7f5b-4afd-b3d5-29257a72d941,2017-09-15 14:35:38 UTC
893aab4e-044e-42e4-9794-6d0c3136ebf3,2017-09-18 17:39:56 UTC
b16d0245-451c-4be3-ab7b-c7b11555bfb1,2017-09-19 10:49:00 UTC
a8f0e7e2-e5e7-4d88-81e2-c89052506d50,2017-09-19 10:53:42 UTC
2bb39f79-71e4-4d6d-b984-dc7100212264,2017-09-19 14:34:47 UTC
73ec038a-6260-4550-b7bd-494b4bd79000,2017-09-19 15:46:46 UTC
77393878-f46a-489f-acf3-e40593d0a43b,2017-09-21 15:30:13 UTC
1bb929e8-d702-4240-ae73-b4d9ac42ac3f,2017-09-29 10:29:47 UTC
528d7519-0cc2-4016-a9bd-88bff714be97,2017-09-29 10:30:12 UTC
f13caf16-1ede-446b-8924-b485dcfe2647,2017-09-29 10:31:02 UTC
eeb1f757-fe18-4edd-896d-13d5427a538b,2017-10-03 15:07:41 UTC
93a3a30b-d08b-4b81-9536-0f3f914d3d51,2017-10-03 15:09:31 UTC
71092b00-536a-4c5b-a82d-aaf483962513,2017-10-16 09:24:55 UTC
bb296993-5058-44e0-96ce-d7d5c295f71d,2017-10-16 15:56:18 UTC
753c2954-94d4-4932-8138-cfb80048481b,2017-10-16 16:02:20 UTC
7e02566c-3472-499d-b72c-a876b435f3e8,2017-10-17 11:15:28 UTC
34b49bb5-3b36-412f-b146-7a303192a70a,2017-10-17 12:23:29 UTC
e5d396e2-2c4d-4305-9822-d80061557215,2017-10-17 12:23:34 UTC
b816833e-e385-490d-b716-d847dd648f08,2017-10-17 12:23:37 UTC
a52c355a-9f37-41b8-9fdd-e5a2dfe95f97,2017-10-23 15:46:17 UTC
f7ff006d-76a7-425a-b14a-e350d123dd63,2017-10-23 16:21:20 UTC
e3c5df2e-9fdf-4d3d-aab8-f69185bd15e3,2017-10-27 12:21:47 UTC
664646f0-0579-4878-aa8c-064fcbb3f78f,2017-10-30 15:51:19 UTC
9ddd8804-571a-44df-8e85-139d25fcffb2,2017-10-30 15:51:31 UTC
dce07ea0-0e74-4b4c-97e9-8745c6b9f892,2017-10-30 15:51:39 UTC
51033626-4ac0-49f0-b7e7-6d921d335d5e,2017-10-30 15:51:48 UTC
70ed86b8-7e6f-487d-93ce-ccbfb081f302,2017-10-30 15:51:55 UTC
8cee22c4-8a3e-41e3-9ba0-fad1542bace9,2017-10-30 15:52:00 UTC
fd67601e-1173-48f7-9c2b-b34a7e453986,2017-11-06 12:02:01 UTC
67bc9943-1403-4886-a3e8-0c6aa266f94f,2017-11-07 11:30:43 UTC
05218645-9994-4872-9d66-7b865376f7f5,2017-11-07 16:02:32 UTC
ec266d05-f11b-45e6-abd7-c07c2cdee1b2,2017-11-08 12:07:37 UTC
2d0407cd-6a8f-433c-bbc3-c8032cb9eba5,2017-11-14 15:03:59 UTC
d88aa9ff-83f8-4abf-9e03-51bff2228371,2017-11-14 15:29:36 UTC
3fae7729-7bb6-47be-b13f-c0e88fe26579,2017-11-17 15:20:49 UTC
f9461aaf-fa5c-434c-ac67-2e33f9a19015,2017-11-17 15:22:30 UTC
6bd3a286-1b80-418b-9a5c-4c71929ca83a,2017-11-17 15:24:05 UTC
600788bc-bf68-4c9d-9331-f7e8d6b0b35c,2017-11-17 15:24:25 UTC
c0ef63b3-b34c-45d3-8c08-a3edea1e94a1,2017-11-17 15:25:09 UTC
26f27c90-fa87-405b-ae44-8c028f98738f,2017-11-17 19:33:28 UTC
d6c8a2ca-e0ef-4049-b7d9-366c5511393f,2017-11-21 12:10:50 UTC
5bc5c5e5-167f-4aaf-ae22-176e042fc0e2,2017-11-21 12:10:55 UTC
8bc7f936-e88a-468a-8143-ae654d47ba3e,2017-11-21 12:11:00 UTC
1edefe44-1f42-45a5-aebf-8e3a417092f8,2017-11-21 12:11:06 UTC
44e2af35-55ec-48a2-b131-d7c558d5df6a,2017-11-21 12:11:10 UTC
6128bbb5-5e85-445e-a087-40f82a86517e,2017-11-21 12:12:33 UTC
4040a242-de67-48b0-81b0-339aee7d1c9c,2017-11-21 12:13:15 UTC
6ff142b6-6e60-4b14-8eeb-cef35fa27f15,2017-11-21 12:13:20 UTC
74d03f63-270e-4464-830b-075b32256e57,2017-11-21 12:13:24 UTC
160a29d5-7509-4a9c-b8f1-99d45dcefade,2017-11-21 12:13:29 UTC
2a786623-0b02-4680-9edb-f74de0cabbcf,2017-11-24 10:35:01 UTC
5caf2d49-2030-49cc-9a8b-a5937e2012e6,2017-11-27 09:21:13 UTC
6416ad05-6892-4f6b-a0c3-b8e0f2a5961a,2017-11-30 11:55:47 UTC
3cb8e2ae-c92c-494b-908e-7365c53d067e,2017-12-04 11:11:48 UTC
9a9ff53a-1993-46bb-967c-725b5fb2fce1,2017-12-05 16:16:09 UTC
580cf0a0-8ceb-4eac-9e0e-cb2f93398213,2017-12-20 16:12:02 UTC
