5cc18697-80b0-446f-b09d-e9a90057dd6e,2016-02-29 09:40:22 UTC
5cc18697-80b0-446f-b09d-e9a90057dd6e,2016-02-29 09:40:22 UTC
c39b847a-6942-4078-862c-00a3b89d0e26,2016-02-24 15:36:52 UTC
ec8d5fee-b6a1-4636-822f-d9e468189669,2016-02-16 15:09:37 UTC
5cc18697-80b0-446f-b09d-e9a90057dd6e,2016-02-29 09:40:22 UTC
2d3b8ceb-0cc6-4bac-ae2d-da9ccf3e2358,2016-02-26 12:02:48 UTC
8e37c52f-3694-44f9-833b-263726923007,2016-02-26 13:02:57 UTC
c445545b-aab3-4528-9712-992eb59d2526,2016-01-28 14:55:06 UTC
0fb577e0-6c08-4013-a4ec-797d2ed4d66f,2016-01-04 14:20:25 UTC
0fb577e0-6c08-4013-a4ec-797d2ed4d66f,2016-01-04 14:20:25 UTC
8e37c52f-3694-44f9-833b-263726923007,2016-02-26 13:02:57 UTC
0669e11d-16ec-4aa8-b199-2011d55edc35,2016-02-16 16:10:00 UTC
0fb577e0-6c08-4013-a4ec-797d2ed4d66f,2016-01-04 14:20:25 UTC
ec85898c-3af7-4833-8fce-29316b2feca5,2016-02-09 14:10:33 UTC
ec85898c-3af7-4833-8fce-29316b2feca5,2016-02-09 14:10:33 UTC
0fb577e0-6c08-4013-a4ec-797d2ed4d66f,2016-01-04 14:20:25 UTC
c39b847a-6942-4078-862c-00a3b89d0e26,2016-02-24 15:36:52 UTC
ec85898c-3af7-4833-8fce-29316b2feca5,2016-02-09 14:10:33 UTC
ec8d5fee-b6a1-4636-822f-d9e468189669,2016-02-16 15:09:37 UTC
86f0be5b-4ccc-4451-8443-2c104c3e36d2,2016-02-10 10:39:45 UTC
84ac48aa-a727-4b7a-98ab-6aa8670278c0,2015-04-02 11:05:06 UTC
2d3b8ceb-0cc6-4bac-ae2d-da9ccf3e2358,2016-02-26 12:02:48 UTC
248053ca-5f8c-41bd-bd8e-d5b2f7cf9e34,2015-12-01 09:00:22 UTC
d86fcb1c-e5de-44ac-9a11-bff2b0bef317,2016-01-21 16:33:05 UTC
c445545b-aab3-4528-9712-992eb59d2526,2016-01-28 14:55:06 UTC
ec85898c-3af7-4833-8fce-29316b2feca5,2016-02-09 14:10:33 UTC
8f5c3baf-5591-48ee-80f9-abd742468ce8,2016-02-25 15:55:35 UTC
8f5c3baf-5591-48ee-80f9-abd742468ce8,2016-02-25 15:55:35 UTC
8e0dce86-6ba9-443c-82a7-639524e9fa6f,2016-03-07 14:52:00 UTC
ec85898c-3af7-4833-8fce-29316b2feca5,2016-02-09 14:10:33 UTC
8e37c52f-3694-44f9-833b-263726923007,2016-02-26 13:02:57 UTC
c39b847a-6942-4078-862c-00a3b89d0e26,2016-02-24 15:36:52 UTC
d9ee250a-65df-4562-a95b-8aee378a36b5,2016-02-10 10:49:07 UTC
ec85898c-3af7-4833-8fce-29316b2feca5,2016-02-09 14:10:33 UTC
64fc1fbe-f0a1-484b-a48b-542c488d76ca,2016-02-15 09:34:17 UTC
64fc1fbe-f0a1-484b-a48b-542c488d76ca,2016-02-15 09:34:17 UTC
ec85898c-3af7-4833-8fce-29316b2feca5,2016-02-09 14:10:33 UTC
64fc1fbe-f0a1-484b-a48b-542c488d76ca,2016-02-15 09:34:17 UTC
ec85898c-3af7-4833-8fce-29316b2feca5,2016-02-09 14:10:33 UTC
ec8d5fee-b6a1-4636-822f-d9e468189669,2016-02-16 15:09:37 UTC
ec85898c-3af7-4833-8fce-29316b2feca5,2016-02-09 14:10:33 UTC
3e3f5682-6d10-4bda-a9a4-e1c31ee01d55,2016-02-26 15:02:49 UTC
c621ccd7-97f5-42c9-9a4c-b128156c3a8a,2016-01-28 07:07:46 UTC
c621ccd7-97f5-42c9-9a4c-b128156c3a8a,2016-01-28 07:07:46 UTC
2c4731b3-206a-4702-8961-b2e6d3aca3e6,2016-02-19 10:14:37 UTC
c445545b-aab3-4528-9712-992eb59d2526,2016-01-28 14:55:06 UTC
c445545b-aab3-4528-9712-992eb59d2526,2016-01-28 14:55:06 UTC
c621ccd7-97f5-42c9-9a4c-b128156c3a8a,2016-01-28 07:07:46 UTC
161c9166-acda-4688-99f0-a6b89ec838ea,2015-08-28 11:38:18 UTC
9606d04f-78a3-4513-8820-4cbb6e61894f,2015-08-28 11:37:57 UTC
c39b847a-6942-4078-862c-00a3b89d0e26,2016-02-24 15:36:52 UTC
3647be1f-5b33-4680-98a2-1c7ccc8f092b,2016-02-01 17:00:01 UTC
30ddae2f-d8ea-4093-9570-208b0d4aa4ab,2016-01-28 10:28:07 UTC
c39b847a-6942-4078-862c-00a3b89d0e26,2016-02-24 15:36:52 UTC
c39b847a-6942-4078-862c-00a3b89d0e26,2016-02-24 15:36:52 UTC
d7e418c9-9838-4431-99af-6c9bb179f46e,2015-12-17 16:31:47 UTC
3647be1f-5b33-4680-98a2-1c7ccc8f092b,2016-02-01 17:00:01 UTC
ec8d5fee-b6a1-4636-822f-d9e468189669,2016-02-16 15:09:37 UTC
8b27e642-2ee1-48b8-97bf-fa5b22c565ee,2016-03-10 08:39:26 UTC
d7e418c9-9838-4431-99af-6c9bb179f46e,2015-12-17 16:31:47 UTC
ec8d5fee-b6a1-4636-822f-d9e468189669,2016-02-16 15:09:37 UTC
248053ca-5f8c-41bd-bd8e-d5b2f7cf9e34,2015-12-01 09:00:22 UTC
dc0b3266-fa5e-4a7b-9051-a57f86280d12,2016-01-29 16:38:29 UTC
2d3b8ceb-0cc6-4bac-ae2d-da9ccf3e2358,2016-02-26 12:02:48 UTC
30ddae2f-d8ea-4093-9570-208b0d4aa4ab,2016-01-28 10:28:07 UTC
6ab69721-6a1e-49d4-8065-64209f56784c,2015-03-26 11:30:10 UTC
3647be1f-5b33-4680-98a2-1c7ccc8f092b,2016-02-01 17:00:01 UTC
702076e7-34d0-4ae7-bab0-1f137e52cf43,2016-01-28 07:06:30 UTC
a478db62-2b80-475c-99c2-644d76e265fc,2015-11-20 11:01:02 UTC
c39b847a-6942-4078-862c-00a3b89d0e26,2016-02-24 15:36:52 UTC
851221e6-7f96-4887-8032-e30d5a7c5c29,2016-02-25 11:17:08 UTC
8e37c52f-3694-44f9-833b-263726923007,2016-02-26 13:02:57 UTC
161c9166-acda-4688-99f0-a6b89ec838ea,2015-08-28 11:38:18 UTC
9606d04f-78a3-4513-8820-4cbb6e61894f,2015-08-28 11:37:57 UTC
3360f370-492b-4999-b5b1-f26f78346368,2016-02-19 16:13:20 UTC
c621ccd7-97f5-42c9-9a4c-b128156c3a8a,2016-01-28 07:07:46 UTC
d86fcb1c-e5de-44ac-9a11-bff2b0bef317,2016-01-21 16:33:05 UTC
95f08ccc-1756-4fed-bae0-2ec51ce488bf,2015-11-18 12:15:06 UTC
3e3f5682-6d10-4bda-a9a4-e1c31ee01d55,2016-02-26 15:02:49 UTC
c445545b-aab3-4528-9712-992eb59d2526,2016-01-28 14:55:06 UTC
ec85898c-3af7-4833-8fce-29316b2feca5,2016-02-09 14:10:33 UTC
2c4731b3-206a-4702-8961-b2e6d3aca3e6,2016-02-19 10:14:37 UTC
51665b2d-eee0-4973-8581-d0bb8b2c528b,2015-09-16 11:43:04 UTC
850c32b6-8aaa-4228-ade9-e1c4e5c9623e,2016-02-10 12:34:11 UTC
6cf50d6e-5917-4aaa-9a87-01e89519d6b0,2015-12-04 17:56:40 UTC
362b1cfd-f1a5-4d1a-9b33-b3a25486f5cc,2016-02-12 13:18:03 UTC
7f993691-3bb3-4006-b7e4-bec537e1d1ea,2016-04-21 15:36:22 UTC
31d49965-5826-42ff-ac87-67f305fbb5f9,2016-03-07 13:41:18 UTC
0669e11d-16ec-4aa8-b199-2011d55edc35,2016-02-16 16:10:00 UTC
c927c34b-725b-4401-b3a4-5311b19c7079,2015-11-18 09:53:08 UTC
8e0dce86-6ba9-443c-82a7-639524e9fa6f,2016-03-07 14:52:00 UTC
d9ee250a-65df-4562-a95b-8aee378a36b5,2016-02-10 10:49:07 UTC
5e557a74-8f51-43b4-a41c-9dec394a8a3a,2015-12-18 15:37:38 UTC
33a8a078-c447-4ecb-bcdb-0397991ea19a,2016-01-22 15:37:23 UTC
3432d136-dbeb-409d-832f-949d99b55b0f,2016-02-19 12:00:04 UTC
b5ea3c2a-cbb9-4d55-9181-d15d7094d1f9,2016-01-22 15:02:23 UTC
139d65ba-387a-4716-b4df-855df8880cd5,2016-01-18 16:08:21 UTC
cfaab405-d02c-4d2f-9d78-511883fe5db3,2016-02-26 15:53:48 UTC
8f5c3baf-5591-48ee-80f9-abd742468ce8,2016-02-25 15:55:35 UTC
d9ca5e58-1d62-4943-82a1-c71adfd84f8e,2015-12-04 11:09:33 UTC
86f0be5b-4ccc-4451-8443-2c104c3e36d2,2016-02-10 10:39:45 UTC
0cb3dccd-fba5-432d-bfd9-f97b95d3b94e,2016-02-09 15:01:52 UTC
b214f1c2-e56f-4c60-a163-d615ea5f413b,2016-02-05 12:07:12 UTC
0fb577e0-6c08-4013-a4ec-797d2ed4d66f,2016-01-04 14:20:25 UTC
21afe9be-1c34-4be4-8011-a290ec6b8968,2016-02-05 11:57:35 UTC
021c8c65-a49e-49f8-9460-94367cbc73b1,2016-02-25 16:00:03 UTC
84ac48aa-a727-4b7a-98ab-6aa8670278c0,2015-04-02 11:05:06 UTC
6b113f40-2ad5-4e66-bbd4-2127508f86bf,2015-04-02 10:40:18 UTC
e5139148-e53f-47be-a157-2bdc42fba7ca,2015-04-02 10:59:42 UTC
5fc00188-5ff1-4a16-9c82-a1c3d41a6b79,2015-04-02 10:59:55 UTC
fa5f7d6e-7003-439e-bc24-71b4566d67b7,2015-04-02 10:41:58 UTC
f8bf63e6-d3ea-45dc-881c-c7c36593f046,2015-04-02 10:55:17 UTC
f659e8c2-bdaf-4db0-9554-31417fb25727,2015-04-02 10:55:23 UTC
ad7892c2-9d7c-4ee0-b0ff-03993d0deb6e,2015-04-02 10:55:28 UTC
11a1ae0f-25af-47f2-82eb-26c113dd09e5,2015-04-02 10:55:51 UTC
00839126-ea7b-4740-a052-ea8cf9bc94ea,2015-04-02 10:48:22 UTC
6aa78ebd-a3c1-404f-a2d6-7e856f24a43f,2015-04-02 11:06:58 UTC
64fc1fbe-f0a1-484b-a48b-542c488d76ca,2016-02-15 09:34:17 UTC
5cc18697-80b0-446f-b09d-e9a90057dd6e,2016-02-29 09:40:22 UTC
d86fcb1c-e5de-44ac-9a11-bff2b0bef317,2016-01-21 16:33:05 UTC
ec85898c-3af7-4833-8fce-29316b2feca5,2016-02-09 14:10:33 UTC
161c9166-acda-4688-99f0-a6b89ec838ea,2015-08-28 11:38:18 UTC
702076e7-34d0-4ae7-bab0-1f137e52cf43,2016-01-28 07:06:30 UTC
c39b847a-6942-4078-862c-00a3b89d0e26,2016-02-24 15:36:52 UTC
c39b847a-6942-4078-862c-00a3b89d0e26,2016-02-24 15:36:52 UTC
8b27e642-2ee1-48b8-97bf-fa5b22c565ee,2016-03-10 08:39:26 UTC
ec8d5fee-b6a1-4636-822f-d9e468189669,2016-02-16 15:09:37 UTC
3647be1f-5b33-4680-98a2-1c7ccc8f092b,2016-02-01 17:00:01 UTC
ec85898c-3af7-4833-8fce-29316b2feca5,2016-02-09 14:10:33 UTC
ec85898c-3af7-4833-8fce-29316b2feca5,2016-02-09 14:10:33 UTC
ec8d5fee-b6a1-4636-822f-d9e468189669,2016-02-16 15:09:37 UTC
ec8d5fee-b6a1-4636-822f-d9e468189669,2016-02-16 15:09:37 UTC
ec85898c-3af7-4833-8fce-29316b2feca5,2016-02-09 14:10:33 UTC
c57020ff-247b-430b-a2d4-6aac768f95c2,2015-12-02 09:06:46 UTC
c57020ff-247b-430b-a2d4-6aac768f95c2,2015-12-02 09:06:46 UTC
ec85898c-3af7-4833-8fce-29316b2feca5,2016-02-09 14:10:33 UTC
ec8d5fee-b6a1-4636-822f-d9e468189669,2016-02-16 15:09:37 UTC
c927c34b-725b-4401-b3a4-5311b19c7079,2015-11-18 09:53:08 UTC
64fc1fbe-f0a1-484b-a48b-542c488d76ca,2016-02-15 09:34:17 UTC
64fc1fbe-f0a1-484b-a48b-542c488d76ca,2016-02-15 09:34:17 UTC
ec85898c-3af7-4833-8fce-29316b2feca5,2016-02-09 14:10:33 UTC
64fc1fbe-f0a1-484b-a48b-542c488d76ca,2016-02-15 09:34:17 UTC
8e4600eb-cf0c-431d-88c6-fec1dcc7f5dd,2015-09-16 06:00:39 UTC
8e4600eb-cf0c-431d-88c6-fec1dcc7f5dd,2015-09-16 06:00:39 UTC
8b27e642-2ee1-48b8-97bf-fa5b22c565ee,2016-03-10 08:39:26 UTC
8e37c52f-3694-44f9-833b-263726923007,2016-02-26 13:02:57 UTC
28e3a4fb-c3e4-4552-848c-8dd96f5309bf,2016-01-06 11:59:51 UTC
ec8d5fee-b6a1-4636-822f-d9e468189669,2016-02-16 15:09:37 UTC
64fc1fbe-f0a1-484b-a48b-542c488d76ca,2016-02-15 09:34:17 UTC
ec8d5fee-b6a1-4636-822f-d9e468189669,2016-02-16 15:09:37 UTC
c621ccd7-97f5-42c9-9a4c-b128156c3a8a,2016-01-28 07:07:46 UTC
702076e7-34d0-4ae7-bab0-1f137e52cf43,2016-01-28 07:06:30 UTC
64fc1fbe-f0a1-484b-a48b-542c488d76ca,2016-02-15 09:34:17 UTC
ec8d5fee-b6a1-4636-822f-d9e468189669,2016-02-16 15:09:37 UTC
362b1cfd-f1a5-4d1a-9b33-b3a25486f5cc,2016-02-12 13:18:03 UTC
c39b847a-6942-4078-862c-00a3b89d0e26,2016-02-24 15:36:52 UTC
64fc1fbe-f0a1-484b-a48b-542c488d76ca,2016-02-15 09:34:17 UTC
64fc1fbe-f0a1-484b-a48b-542c488d76ca,2016-02-15 09:34:17 UTC
64fc1fbe-f0a1-484b-a48b-542c488d76ca,2016-02-15 09:34:17 UTC
8b27e642-2ee1-48b8-97bf-fa5b22c565ee,2016-03-10 08:39:26 UTC
64fc1fbe-f0a1-484b-a48b-542c488d76ca,2016-02-15 09:34:17 UTC
64fc1fbe-f0a1-484b-a48b-542c488d76ca,2016-02-15 09:34:17 UTC
64fc1fbe-f0a1-484b-a48b-542c488d76ca,2016-02-15 09:34:17 UTC
9606d04f-78a3-4513-8820-4cbb6e61894f,2015-08-28 11:37:57 UTC
30ddae2f-d8ea-4093-9570-208b0d4aa4ab,2016-01-28 10:28:07 UTC
2c4731b3-206a-4702-8961-b2e6d3aca3e6,2016-02-19 10:14:37 UTC
ec8d5fee-b6a1-4636-822f-d9e468189669,2016-02-16 15:09:37 UTC
362b1cfd-f1a5-4d1a-9b33-b3a25486f5cc,2016-02-12 13:18:03 UTC
c39b847a-6942-4078-862c-00a3b89d0e26,2016-02-24 15:36:52 UTC
3647be1f-5b33-4680-98a2-1c7ccc8f092b,2016-02-01 17:00:01 UTC
3360f370-492b-4999-b5b1-f26f78346368,2016-02-19 16:13:20 UTC
6cf50d6e-5917-4aaa-9a87-01e89519d6b0,2015-12-04 17:56:40 UTC
702076e7-34d0-4ae7-bab0-1f137e52cf43,2016-01-28 07:06:30 UTC
c621ccd7-97f5-42c9-9a4c-b128156c3a8a,2016-01-28 07:07:46 UTC
161c9166-acda-4688-99f0-a6b89ec838ea,2015-08-28 11:38:18 UTC
28e3a4fb-c3e4-4552-848c-8dd96f5309bf,2016-01-06 11:59:51 UTC
7f993691-3bb3-4006-b7e4-bec537e1d1ea,2016-04-21 15:36:22 UTC
8e37c52f-3694-44f9-833b-263726923007,2016-02-26 13:02:57 UTC
d86fcb1c-e5de-44ac-9a11-bff2b0bef317,2016-01-21 16:33:05 UTC
cfaab405-d02c-4d2f-9d78-511883fe5db3,2016-02-26 15:53:48 UTC
8e4600eb-cf0c-431d-88c6-fec1dcc7f5dd,2015-09-16 06:00:39 UTC
5e557a74-8f51-43b4-a41c-9dec394a8a3a,2015-12-18 15:37:38 UTC
b214f1c2-e56f-4c60-a163-d615ea5f413b,2016-02-05 12:07:12 UTC
c927c34b-725b-4401-b3a4-5311b19c7079,2015-11-18 09:53:08 UTC
c445545b-aab3-4528-9712-992eb59d2526,2016-01-28 14:55:06 UTC
c57020ff-247b-430b-a2d4-6aac768f95c2,2015-12-02 09:06:46 UTC
9e213f77-5ac1-42bc-a336-2fed3e203d02,2015-03-05 09:36:27 UTC
dd3c2e99-e292-4de6-bbb8-543342a8f7d2,2015-11-17 15:33:36 UTC
31d49965-5826-42ff-ac87-67f305fbb5f9,2016-03-07 13:41:18 UTC
ec85898c-3af7-4833-8fce-29316b2feca5,2016-02-09 14:10:33 UTC
3e3f5682-6d10-4bda-a9a4-e1c31ee01d55,2016-02-26 15:02:49 UTC
d7e418c9-9838-4431-99af-6c9bb179f46e,2015-12-17 16:31:47 UTC
851221e6-7f96-4887-8032-e30d5a7c5c29,2016-02-25 11:17:08 UTC
248053ca-5f8c-41bd-bd8e-d5b2f7cf9e34,2015-12-01 09:00:22 UTC
dc0b3266-fa5e-4a7b-9051-a57f86280d12,2016-01-29 16:38:29 UTC
6ab69721-6a1e-49d4-8065-64209f56784c,2015-03-26 11:30:10 UTC
2d3b8ceb-0cc6-4bac-ae2d-da9ccf3e2358,2016-02-26 12:02:48 UTC
95f08ccc-1756-4fed-bae0-2ec51ce488bf,2015-11-18 12:15:06 UTC
850c32b6-8aaa-4228-ade9-e1c4e5c9623e,2016-02-10 12:34:11 UTC
a478db62-2b80-475c-99c2-644d76e265fc,2015-11-20 11:01:02 UTC
51665b2d-eee0-4973-8581-d0bb8b2c528b,2015-09-16 11:43:04 UTC
8e0dce86-6ba9-443c-82a7-639524e9fa6f,2016-03-07 14:52:00 UTC
d9ee250a-65df-4562-a95b-8aee378a36b5,2016-02-10 10:49:07 UTC
0669e11d-16ec-4aa8-b199-2011d55edc35,2016-02-16 16:10:00 UTC
3432d136-dbeb-409d-832f-949d99b55b0f,2016-02-19 12:00:04 UTC
33a8a078-c447-4ecb-bcdb-0397991ea19a,2016-01-22 15:37:23 UTC
b5ea3c2a-cbb9-4d55-9181-d15d7094d1f9,2016-01-22 15:02:23 UTC
139d65ba-387a-4716-b4df-855df8880cd5,2016-01-18 16:08:21 UTC
d9ca5e58-1d62-4943-82a1-c71adfd84f8e,2015-12-04 11:09:33 UTC
8f5c3baf-5591-48ee-80f9-abd742468ce8,2016-02-25 15:55:35 UTC
0cb3dccd-fba5-432d-bfd9-f97b95d3b94e,2016-02-09 15:01:52 UTC
86f0be5b-4ccc-4451-8443-2c104c3e36d2,2016-02-10 10:39:45 UTC
0fb577e0-6c08-4013-a4ec-797d2ed4d66f,2016-01-04 14:20:25 UTC
21afe9be-1c34-4be4-8011-a290ec6b8968,2016-02-05 11:57:35 UTC
021c8c65-a49e-49f8-9460-94367cbc73b1,2016-02-25 16:00:03 UTC
3647be1f-5b33-4680-98a2-1c7ccc8f092b,2016-02-01 17:00:01 UTC
6b113f40-2ad5-4e66-bbd4-2127508f86bf,2015-04-02 10:40:18 UTC
84ac48aa-a727-4b7a-98ab-6aa8670278c0,2015-04-02 11:05:06 UTC
e5139148-e53f-47be-a157-2bdc42fba7ca,2015-04-02 10:59:42 UTC
5fc00188-5ff1-4a16-9c82-a1c3d41a6b79,2015-04-02 10:59:55 UTC
fa5f7d6e-7003-439e-bc24-71b4566d67b7,2015-04-02 10:41:58 UTC
f659e8c2-bdaf-4db0-9554-31417fb25727,2015-04-02 10:55:23 UTC
f8bf63e6-d3ea-45dc-881c-c7c36593f046,2015-04-02 10:55:17 UTC
ad7892c2-9d7c-4ee0-b0ff-03993d0deb6e,2015-04-02 10:55:28 UTC
11a1ae0f-25af-47f2-82eb-26c113dd09e5,2015-04-02 10:55:51 UTC
00839126-ea7b-4740-a052-ea8cf9bc94ea,2015-04-02 10:48:22 UTC
6aa78ebd-a3c1-404f-a2d6-7e856f24a43f,2015-04-02 11:06:58 UTC
6f374b0d-7f6c-4056-b550-e5e4d37500d9,2016-02-10 12:43:57 UTC
49b5d489-37a4-4bb2-b394-dbfb1999dfb6,2016-02-12 07:00:25 UTC
8e37c52f-3694-44f9-833b-263726923007,2016-02-26 13:02:57 UTC
2c4731b3-206a-4702-8961-b2e6d3aca3e6,2016-02-19 10:14:37 UTC
ec8d5fee-b6a1-4636-822f-d9e468189669,2016-02-16 15:09:37 UTC
d86fcb1c-e5de-44ac-9a11-bff2b0bef317,2016-01-21 16:33:05 UTC
5cc18697-80b0-446f-b09d-e9a90057dd6e,2016-02-29 09:40:22 UTC
7f993691-3bb3-4006-b7e4-bec537e1d1ea,2016-04-21 15:36:22 UTC
ec8d5fee-b6a1-4636-822f-d9e468189669,2016-02-16 15:09:37 UTC
ec8d5fee-b6a1-4636-822f-d9e468189669,2016-02-16 15:09:37 UTC
ec8d5fee-b6a1-4636-822f-d9e468189669,2016-02-16 15:09:37 UTC
ec8d5fee-b6a1-4636-822f-d9e468189669,2016-02-16 15:09:37 UTC
8e4600eb-cf0c-431d-88c6-fec1dcc7f5dd,2015-09-16 06:00:39 UTC
8e37c52f-3694-44f9-833b-263726923007,2016-02-26 13:02:57 UTC
d9ca5e58-1d62-4943-82a1-c71adfd84f8e,2015-12-04 11:09:33 UTC
9e213f77-5ac1-42bc-a336-2fed3e203d02,2015-03-05 09:36:27 UTC
d86fcb1c-e5de-44ac-9a11-bff2b0bef317,2016-01-21 16:33:05 UTC
d86fcb1c-e5de-44ac-9a11-bff2b0bef317,2016-01-21 16:33:05 UTC
64fc1fbe-f0a1-484b-a48b-542c488d76ca,2016-02-15 09:34:17 UTC
64fc1fbe-f0a1-484b-a48b-542c488d76ca,2016-02-15 09:34:17 UTC
ec8d5fee-b6a1-4636-822f-d9e468189669,2016-02-16 15:09:37 UTC
ec8d5fee-b6a1-4636-822f-d9e468189669,2016-02-16 15:09:37 UTC
ec8d5fee-b6a1-4636-822f-d9e468189669,2016-02-16 15:09:37 UTC
ec8d5fee-b6a1-4636-822f-d9e468189669,2016-02-16 15:09:37 UTC
64fc1fbe-f0a1-484b-a48b-542c488d76ca,2016-02-15 09:34:17 UTC
ec85898c-3af7-4833-8fce-29316b2feca5,2016-02-09 14:10:33 UTC
ec85898c-3af7-4833-8fce-29316b2feca5,2016-02-09 14:10:33 UTC
ec85898c-3af7-4833-8fce-29316b2feca5,2016-02-09 14:10:33 UTC
9e213f77-5ac1-42bc-a336-2fed3e203d02,2015-03-05 09:36:27 UTC
ec8d5fee-b6a1-4636-822f-d9e468189669,2016-02-16 15:09:37 UTC
3647be1f-5b33-4680-98a2-1c7ccc8f092b,2016-02-01 17:00:01 UTC
e1ef354f-9a18-498a-94ea-d0fcbfb31e48,2015-12-22 16:05:19 UTC
e1ef354f-9a18-498a-94ea-d0fcbfb31e48,2015-12-22 16:05:19 UTC
e1ef354f-9a18-498a-94ea-d0fcbfb31e48,2015-12-22 16:05:19 UTC
64fc1fbe-f0a1-484b-a48b-542c488d76ca,2016-02-15 09:34:17 UTC
64fc1fbe-f0a1-484b-a48b-542c488d76ca,2016-02-15 09:34:17 UTC
e1ef354f-9a18-498a-94ea-d0fcbfb31e48,2015-12-22 16:05:19 UTC
e1ef354f-9a18-498a-94ea-d0fcbfb31e48,2015-12-22 16:05:19 UTC
6cf50d6e-5917-4aaa-9a87-01e89519d6b0,2015-12-04 17:56:40 UTC
ad7892c2-9d7c-4ee0-b0ff-03993d0deb6e,2015-04-02 10:55:28 UTC
f659e8c2-bdaf-4db0-9554-31417fb25727,2015-04-02 10:55:23 UTC
f8bf63e6-d3ea-45dc-881c-c7c36593f046,2015-04-02 10:55:17 UTC
248053ca-5f8c-41bd-bd8e-d5b2f7cf9e34,2015-12-01 09:00:22 UTC
f288e6a1-0638-4903-bc30-cd92e198d412,2015-04-02 10:55:08 UTC
0bbedd0c-f04c-4bd5-8cc4-980c53504040,2015-04-02 10:54:58 UTC
f87f927d-391c-4c17-8fc7-0bc813cff694,2015-04-02 10:52:08 UTC
9fe8ff5f-2434-47f5-ba8a-ab684abfa91d,2015-04-02 10:51:49 UTC
a3590ac9-1d80-42c4-aa57-10fd60b35ce2,2015-04-02 10:51:40 UTC
2b8aad83-c4f9-4b38-ab4d-ae443cc9e9fc,2015-04-02 10:51:11 UTC
ac640d42-ee17-4604-8e73-00a1e1871c9d,2015-04-02 10:49:34 UTC
b7a82bba-ab7a-429b-a07b-10b8f0f5e4f5,2015-04-02 10:38:15 UTC
64fc1fbe-f0a1-484b-a48b-542c488d76ca,2016-02-15 09:34:17 UTC
e1ef354f-9a18-498a-94ea-d0fcbfb31e48,2015-12-22 16:05:19 UTC
8b540987-300d-4f81-8c76-0a9ff77b6326,2016-10-28 13:23:52 UTC
64fc1fbe-f0a1-484b-a48b-542c488d76ca,2016-02-15 09:34:17 UTC
87b609ad-3893-46d2-904c-cfe10d1abf76,2014-12-10 10:20:07 UTC
8e37c52f-3694-44f9-833b-263726923007,2016-02-26 13:02:57 UTC
ec85898c-3af7-4833-8fce-29316b2feca5,2016-02-09 14:10:33 UTC
6cf50d6e-5917-4aaa-9a87-01e89519d6b0,2015-12-04 17:56:40 UTC
6cf50d6e-5917-4aaa-9a87-01e89519d6b0,2015-12-04 17:56:40 UTC
c57020ff-247b-430b-a2d4-6aac768f95c2,2015-12-02 09:06:46 UTC
7f993691-3bb3-4006-b7e4-bec537e1d1ea,2016-04-21 15:36:22 UTC
5e557a74-8f51-43b4-a41c-9dec394a8a3a,2015-12-18 15:37:38 UTC
ec85898c-3af7-4833-8fce-29316b2feca5,2016-02-09 14:10:33 UTC
8b540987-300d-4f81-8c76-0a9ff77b6326,2016-10-28 13:23:52 UTC
ec85898c-3af7-4833-8fce-29316b2feca5,2016-02-09 14:10:33 UTC
31d49965-5826-42ff-ac87-67f305fbb5f9,2016-03-07 13:41:18 UTC
032b9898-4bfc-4a9d-ba6f-cd6c3da1a38d,2016-02-17 09:20:18 UTC
ec85898c-3af7-4833-8fce-29316b2feca5,2016-02-09 14:10:33 UTC
032b9898-4bfc-4a9d-ba6f-cd6c3da1a38d,2016-02-17 09:20:18 UTC
b214f1c2-e56f-4c60-a163-d615ea5f413b,2016-02-05 12:07:12 UTC
6cf50d6e-5917-4aaa-9a87-01e89519d6b0,2015-12-04 17:56:40 UTC
9e213f77-5ac1-42bc-a336-2fed3e203d02,2015-03-05 09:36:27 UTC
ffbb9e52-8abb-4a04-b9a8-4103b572923c,2015-12-15 16:27:48 UTC
ec85898c-3af7-4833-8fce-29316b2feca5,2016-02-09 14:10:33 UTC
64fc1fbe-f0a1-484b-a48b-542c488d76ca,2016-02-15 09:34:17 UTC
3647be1f-5b33-4680-98a2-1c7ccc8f092b,2016-02-01 17:00:01 UTC
8e0dce86-6ba9-443c-82a7-639524e9fa6f,2016-03-07 14:52:00 UTC
31d49965-5826-42ff-ac87-67f305fbb5f9,2016-03-07 13:41:18 UTC
ec85898c-3af7-4833-8fce-29316b2feca5,2016-02-09 14:10:33 UTC
3647be1f-5b33-4680-98a2-1c7ccc8f092b,2016-02-01 17:00:01 UTC
ec8d5fee-b6a1-4636-822f-d9e468189669,2016-02-16 15:09:37 UTC
8b540987-300d-4f81-8c76-0a9ff77b6326,2016-10-28 13:23:52 UTC
8b540987-300d-4f81-8c76-0a9ff77b6326,2016-10-28 13:23:52 UTC
b214f1c2-e56f-4c60-a163-d615ea5f413b,2016-02-05 12:07:12 UTC
8e37c52f-3694-44f9-833b-263726923007,2016-02-26 13:02:57 UTC
e1ef354f-9a18-498a-94ea-d0fcbfb31e48,2015-12-22 16:05:19 UTC
248053ca-5f8c-41bd-bd8e-d5b2f7cf9e34,2015-12-01 09:00:22 UTC
6ead177d-5636-4df9-8843-7977b51ac705,2015-02-26 10:05:11 UTC
248053ca-5f8c-41bd-bd8e-d5b2f7cf9e34,2015-12-01 09:00:22 UTC
9df27b95-f7bf-4b07-bc27-365e0de70b0b,2016-02-25 01:05:19 UTC
8e2ec081-317b-4a5b-b430-e50c2d479674,2016-02-24 01:06:35 UTC
fe78dc20-b7f4-4548-89b6-2decd1b2464b,2016-02-11 00:33:43 UTC
cc5657b0-eb51-4df0-9787-706ce8fabdcc,2016-02-04 01:25:27 UTC
cde566e0-4d0c-46d7-bfa8-d7ff9ca3fbd7,2015-12-10 07:07:03 UTC
2525c6c6-89cc-4a50-b24a-f27959cbf4fd,2015-12-09 07:10:06 UTC
88b6d597-1672-4e38-b11a-e229adb80dec,2015-12-03 08:35:21 UTC
8b87a067-c239-4410-a3fb-e740a9326f1c,2015-12-02 07:21:21 UTC
bf8c8add-6b7e-4a8e-8af2-5dda5bae6899,2015-11-19 07:28:48 UTC
d67fb48c-817b-4af4-85d2-e70de6fcd913,2015-11-19 07:29:29 UTC
43444b75-f9c2-4960-9434-c8127a273936,2015-11-18 08:12:14 UTC
ddb4cd49-3bdb-4135-ac60-51aec0d3b670,2015-10-29 08:10:07 UTC
fdbbcf81-b80d-4f81-a0fa-767621525db8,2015-10-08 06:14:30 UTC
9a429145-6413-4d54-9384-9a9902c5e396,2015-08-21 07:37:35 UTC
37449e97-1fd7-407b-912d-670e40c9d350,2015-10-07 07:02:44 UTC
6762bed1-2f7c-470e-ac29-ba1d1caeef67,2015-08-06 13:13:35 UTC
0cf5c50e-7b24-4b3e-936c-33ee12dfd595,2015-08-04 10:22:14 UTC
c7e97396-5f34-4de6-98c4-70f80215dd5c,2015-07-09 07:48:50 UTC
0e3812bb-958e-4ea7-820d-57ac8f57dd47,2015-07-09 07:46:58 UTC
35678ff0-227a-4dda-8355-1ff69ee2dd9e,2015-06-24 08:42:51 UTC
5ab92e99-da1a-40ce-8a5c-11f3e5dbe8f8,2015-07-08 09:02:38 UTC
03acdeb9-3ed8-41da-b58e-769cc5f0e351,2015-06-17 08:44:30 UTC
2505ffc8-249c-44d4-9f7a-4bfb8d4adcb5,2015-06-04 06:07:56 UTC
a8c4bed8-6097-4860-bebf-39771c7c459f,2015-05-21 06:43:08 UTC
72bd0d36-0665-464b-82b4-08b534fe12d5,2015-05-07 06:22:16 UTC
f22054d9-b844-4ef7-abf2-641aeea17eeb,2015-04-29 07:25:05 UTC
36d8ebfa-7618-4bc9-81a3-5a00a024584f,2015-05-20 06:17:12 UTC
897c773f-e524-4c96-9076-a4729279c12d,2015-03-05 10:11:16 UTC
4de5d948-5d4a-43c5-9647-c2bfc3069ee7,2015-02-12 07:44:23 UTC
355634a7-9c0e-4c14-b1c9-a12b4ed9d3ae,2015-02-11 11:42:41 UTC
89eda0f7-2f27-4ffa-891d-9b3f15a2fcf8,2015-01-29 12:51:49 UTC
e8d232c5-8a7f-4963-b047-b1342e05fa56,2015-02-11 11:29:36 UTC
efbe07bf-9276-400a-80e6-f53a2f2435ec,2015-01-27 11:25:40 UTC
a7ef77ad-23b5-4ff8-9c2f-c4d2da1cfd53,2015-01-23 10:24:48 UTC
2f0801ed-2b64-4245-9b48-55469559b2c2,2015-01-23 10:24:50 UTC
9488eea6-92f5-47f4-a182-d8bbc849b7c8,2015-01-23 10:24:46 UTC
457da0e3-d941-4a14-a953-986a2ec8f123,2015-01-23 10:24:44 UTC
f1fe8e8e-03f1-476a-a06f-bbe71ffc603f,2015-01-23 10:24:39 UTC
db9d94ac-1d46-46b0-9839-df690f982fa8,2015-01-23 10:24:41 UTC
e329dea6-bf6c-4a32-b4a8-434500f691e9,2015-01-23 10:24:37 UTC
23f18d1b-8994-457f-aeec-f0c1f87d2d3d,2015-01-23 10:24:34 UTC
a2eb8e79-df76-4228-8669-b8c2dd2f59e0,2015-01-23 10:24:32 UTC
83919ee8-025e-4f48-a409-495c2d955d82,2015-01-23 10:24:25 UTC
d0e09b99-dc0d-4507-80a1-958eddb48625,2015-01-23 10:24:27 UTC
3f9d8214-aa29-492e-a21a-d06054361bdf,2015-01-23 10:24:29 UTC
5f946ea1-21ac-4e9c-8188-396298378c99,2015-01-23 10:24:23 UTC
a912985d-6dfa-4d2b-9d41-d12fb91e1ba8,2015-01-23 10:24:21 UTC
473883e1-8f5a-4026-a104-5d1eac8d1e5c,2015-01-23 10:24:19 UTC
d37217e5-72ee-453e-ade9-df219d6a25e4,2015-01-23 10:24:16 UTC
aa7aec8f-e0ad-414c-be20-4078bbef6da3,2015-01-23 10:24:12 UTC
f40eaf41-896d-4a1e-9818-8cb965778d92,2015-01-23 10:24:14 UTC
e58bb728-5e61-45d3-ac65-5c18831ec6fa,2015-01-23 10:24:09 UTC
30c0c32d-6e04-4485-8e88-7a481d60d7c7,2015-01-23 10:24:07 UTC
94cc81d8-565e-4a73-9be1-267533df5bf8,2015-01-23 10:24:04 UTC
18bd4373-679e-4f4a-83f6-e4542676fb4e,2015-01-23 10:24:02 UTC
5072b30c-f0c3-4a8b-a422-7dec6c73397e,2015-01-23 10:24:00 UTC
67772937-2361-4b12-88db-3d884b0374b9,2015-01-23 10:23:57 UTC
32e14195-d0ee-4b53-866a-d3126558bbe3,2015-01-23 10:23:53 UTC
e53246fa-79f5-49bb-989b-6af958c7fd21,2015-01-23 10:23:55 UTC
100ffbfd-68ed-4e17-b9e9-c7b9a60c0f8c,2015-01-23 10:23:49 UTC
16b961b4-0bd1-4dd0-86a7-95a5e2fb00e2,2015-01-23 10:23:51 UTC
d8e537b9-e4a0-4b67-913e-7f42bc866b39,2015-01-23 10:23:46 UTC
00362acf-e85f-43a6-b9a4-337aa04857a1,2015-01-23 10:23:41 UTC
e772628a-33a6-4009-94af-6070847fe05b,2015-01-23 10:23:43 UTC
d38c0848-a195-4932-8bcc-567fa41c4903,2015-01-23 10:23:39 UTC
c7cef975-caa2-41b7-8c45-c1e10e148450,2015-01-23 10:23:36 UTC
8534bfa4-cf7b-4228-b364-b9110c04d80f,2015-01-23 10:23:34 UTC
6130bccb-b10a-4b26-a8d2-eba1663ad758,2015-01-23 10:23:32 UTC
355fd905-c154-4491-a3fb-9edbb5155047,2015-01-23 10:23:27 UTC
6ac7db8c-0bc9-4c38-9d9c-bdaf4cda8f5f,2015-01-23 10:23:30 UTC
8b1ac0dd-2419-419b-bc74-f608af4be41b,2015-01-23 10:23:24 UTC
2900bd4e-857a-42a1-935b-214c58ce7aa2,2015-01-23 10:23:23 UTC
7ecf9a19-b9a6-4b52-bbfb-c37d5c73867d,2015-01-23 10:23:25 UTC
64b2726c-62cd-4df2-9add-334709cd0343,2015-01-23 10:23:18 UTC
cdcfebd2-7d47-431f-b142-c185d903c206,2015-01-23 10:23:20 UTC
a92191ea-c680-49b7-8c32-391dbd927ce3,2015-01-23 10:23:16 UTC
bcae3a9c-3964-44c6-915d-2b5b832a0276,2015-01-23 10:23:13 UTC
2224ed74-2a2b-42f6-8e2c-980c11a73389,2015-01-23 10:23:09 UTC
6dca2a7c-3ad2-47e7-b2e3-b0a73fa0273e,2015-01-23 10:23:11 UTC
97f25495-faa5-48cf-93dd-7debcff2cbcb,2015-01-23 10:23:06 UTC
e32c7be3-8c1f-4bd3-a48d-9e4333979f4f,2015-01-23 10:23:02 UTC
100ca377-5982-434c-a725-54a66ae9bcff,2015-01-23 10:23:04 UTC
48431e75-e8e4-46c6-b4a7-3462de23044a,2015-01-23 10:22:59 UTC
111529a5-a8c0-40b5-9630-994901df021d,2015-01-23 10:22:57 UTC
2a22df86-89dd-40c8-b0b3-7e8fcabf42d2,2015-01-23 10:22:55 UTC
158fe37a-b29c-4460-9ccd-1d2359d463c1,2015-01-23 10:22:53 UTC
0f0afd0c-79a4-47f3-bc54-0c02199f8d34,2015-01-23 10:22:52 UTC
85d8216c-69bb-4eb7-89e2-052358d792e9,2015-01-23 10:22:51 UTC
90ca6949-0000-4414-adcc-1ecf310cfc7d,2015-01-23 10:22:49 UTC
6babd35a-a748-47ea-a1c3-c7c360286e36,2015-01-23 10:22:47 UTC
60ddd0ad-18e8-4969-90bb-4f0513b2760f,2015-01-23 10:22:45 UTC
88dedcf1-242e-4404-bfc7-15f5962c1107,2015-01-23 10:22:43 UTC
96066de3-6a31-4c52-8404-5f8947aed34a,2015-01-23 10:22:38 UTC
993b99cf-cc0e-4acd-9646-6e861ef0df4d,2015-01-23 10:22:28 UTC
8df8dd3a-2f94-4908-b093-2e3c8d1da9ef,2015-01-23 10:22:40 UTC
3079b52c-197a-4985-b0cc-81745fe86432,2015-01-23 10:22:32 UTC
4c8546b5-963e-45c1-b35c-684d531b3bc3,2015-01-23 10:22:36 UTC
7b76d835-f4a2-4837-bbbe-818fdc84bdfe,2015-01-23 10:22:22 UTC
a90e3162-caf4-49d2-8aa8-4222fdabc995,2015-01-23 10:22:17 UTC
36f1a2d3-f6d5-4597-a8b2-1321688bfb3d,2015-01-23 10:22:15 UTC
35def974-ad6b-4195-8812-bb93ffe8920d,2015-01-23 10:22:19 UTC
0574aed0-9fed-4c47-99fb-30916ca3ba81,2015-01-23 10:22:14 UTC
08162a4c-a8a0-48c0-b0b6-77ed5a931481,2015-01-23 10:22:12 UTC
8009c9e8-3ca0-407f-89fe-d338046d5618,2015-01-23 10:22:08 UTC
e361a4eb-1461-4649-907b-e8bbb7cfe804,2015-01-23 10:22:10 UTC
f422a471-7252-4e40-a0dc-a72a8d9f815e,2015-01-23 10:22:06 UTC
9a3a384c-df52-497e-b9b3-99e1e57b6b00,2015-01-23 10:22:02 UTC
8ca07a1d-c4b6-47ef-8d8c-93e605659c31,2015-01-23 10:22:04 UTC
75d81690-c333-4e9b-a9c8-69fedb8d6296,2015-01-23 10:22:07 UTC
6448fabb-fc8d-45a4-ae6e-9d0648ffa478,2015-01-23 10:22:00 UTC
3baf2fdd-eeb9-4704-b47a-562a9916e8b1,2015-01-23 10:21:54 UTC
bf519590-3e21-4126-a463-f1b014dc47cb,2015-01-23 10:21:58 UTC
f379b7dc-412d-4f22-b4cd-8d81ec750a2f,2015-01-23 10:21:56 UTC
76ba9512-1270-4489-a76c-748504d56dcf,2015-01-23 10:21:51 UTC
4b048754-30b7-48c0-8636-2c01bcd83cc0,2015-01-23 10:21:49 UTC
8ae30ad4-54ce-4ff4-b3ab-56df9a2eb2bf,2015-01-23 10:21:47 UTC
7dea8dbe-b8d5-4e02-89b7-2c62a25cf3a7,2015-01-23 10:21:46 UTC
7c8e2bce-edb0-438f-b31b-309424ff6845,2015-01-23 10:21:44 UTC
cf83bd3a-b525-4746-8c13-f56e0fa73b04,2015-01-23 10:21:42 UTC
69ca2dd9-c61c-423d-9509-6b8d407e7576,2015-01-23 10:21:39 UTC
b13314d8-d28c-4cb8-8522-d48dc4394811,2015-01-23 10:21:36 UTC
cec3b541-8ea5-4510-9201-7f32bcdf83ef,2015-01-23 10:21:32 UTC
e8b07e83-e0cf-4912-bfa6-c40cfdc417c3,2015-01-23 10:21:34 UTC
f69feb10-0cab-465e-be1d-f236d48e8862,2015-01-23 10:21:29 UTC
d5ba041e-fbb7-4e48-a17d-f0365e2d67b3,2015-01-23 10:21:24 UTC
b655f1b2-1d8a-478d-9042-d28cd30c3eb6,2015-01-23 10:21:26 UTC
0a08f44c-9958-43df-a005-535fb1f95f52,2015-01-23 10:21:21 UTC
1f57e512-4411-4cca-9132-ff4af2cf8b1b,2015-01-23 10:21:17 UTC
99e64499-8dab-4431-87b7-b305e93581dd,2015-01-23 10:21:19 UTC
90f46971-e5fe-4e3c-ae0b-4d0d19557e65,2015-01-23 10:21:15 UTC
a0bacf8c-ad54-442d-9663-209b1c168394,2015-01-23 10:21:12 UTC
7641897a-c8ee-4323-ab08-0f6ead3559ce,2015-01-23 10:21:10 UTC
e1007a26-7d38-4c79-a088-c7731871de5e,2015-01-23 10:21:07 UTC
6da39644-1bcd-412d-9992-9bbe1b4e0cb9,2015-01-23 10:21:06 UTC
8d445750-d05d-4e98-bda9-bde892170574,2015-01-23 10:21:05 UTC
87b7c63f-8eac-4b83-a9d6-cba0ecd7a9be,2015-01-23 10:21:00 UTC
df68b94e-6fb6-4dde-8d70-67ed7d1a426e,2015-01-23 10:21:02 UTC
44017e41-0c79-4683-94ae-17c0813287e4,2015-01-23 10:20:58 UTC
5597265a-e6e1-43a5-84be-43be81bc137a,2015-01-23 10:20:56 UTC
ec58bd10-59a2-4204-a6f9-2b1b102b6919,2015-01-23 10:20:54 UTC
c4b748b5-dbd3-45e5-8415-5f05bac6f5f8,2015-01-23 10:20:51 UTC
385cc26e-1922-49b1-9a8f-46dc2cecb0bb,2015-01-23 10:20:46 UTC
c781f502-3dd8-4ff4-88b5-fb1d447bf13b,2015-01-23 10:20:49 UTC
c3f37032-75b6-495c-b5d9-b5466761b24e,2015-01-23 10:20:43 UTC
cdeeede6-0e54-480d-b88c-a299a35d266d,2015-01-23 10:20:40 UTC
7a43c24d-3b4c-4f0d-a21d-e8676bc61a9e,2015-01-23 10:20:32 UTC
8d500310-0243-489c-ad6c-6540a3088b70,2015-01-23 10:20:37 UTC
12deab39-43f4-485c-9f1a-4b767ef41338,2015-01-23 10:20:28 UTC
ce15118d-cde8-4595-ac01-c949bd302aca,2015-01-23 10:20:25 UTC
b5f50cc8-41cb-43f0-9349-78ed64ed55d3,2015-01-23 10:20:22 UTC
6c57a6f4-8d2d-430e-8c41-7f54db748ada,2015-01-23 10:20:20 UTC
1a03e637-5ee9-418b-b203-43ecece1e88a,2015-01-23 10:20:17 UTC
69aea5f4-3c51-4383-980f-d56d7633dfe0,2015-01-23 10:20:16 UTC
f969dfbf-3b35-44e9-a8a0-42cacf62c2ba,2015-01-23 10:20:15 UTC
d74b6d51-582e-46c8-b3fe-8e7521761199,2015-01-23 10:20:12 UTC
17bd4ef5-2ae3-4d66-ada7-8f7488d7e68c,2015-01-23 10:20:09 UTC
98a37a2f-ede6-4204-b42a-63e57a129f14,2015-01-23 10:20:06 UTC
de8eef6b-1d97-4e54-a9eb-a0a7362d53ad,2015-01-23 10:20:01 UTC
3314b391-e9ad-4dd7-9d38-d3fdb3d8e173,2015-01-23 10:19:59 UTC
47f1b1d7-cd3d-4cc8-bffc-b9007334156c,2015-01-23 10:19:57 UTC
284606d3-8385-4714-8336-52060c555140,2015-01-23 10:20:04 UTC
0bf737e6-5d7c-4377-9daf-9b57cf1aa026,2015-01-23 10:19:55 UTC
f70a73dc-123e-4e1b-807f-e31b197f1d00,2015-01-23 10:19:53 UTC
e3f7e50a-da5a-4a9d-bb20-9d2a3769f3f8,2015-01-23 10:19:51 UTC
3b959a52-488d-4a2d-83aa-ae21c2f53c41,2015-01-23 10:19:49 UTC
acdd500b-8b89-4c10-830b-db3a89b4076f,2015-01-23 10:19:47 UTC
c59986d8-11b7-43d5-aa9b-56aba996e44d,2015-01-23 10:19:44 UTC
a62184c4-0d1b-4e35-a50a-a5cb60a2b858,2015-01-23 10:19:42 UTC
83cb9543-a7c1-4b9e-b564-815cd894d995,2015-01-23 10:19:40 UTC
ba4c9bb5-a055-4782-b8d0-c8399633ee7e,2015-01-23 10:19:38 UTC
248b6701-eb32-4d72-8101-a52a8ad5dd28,2015-01-23 10:19:35 UTC
7f1ed07f-66d8-487b-8130-bbb7c2a5ab19,2015-01-23 10:19:33 UTC
d047afe9-a4be-4b08-bc75-3a1117ce154d,2015-01-23 10:19:30 UTC
497cf1d1-86bb-4579-ae78-88b5de2b206a,2015-01-23 10:19:28 UTC
c8304290-cdbb-4567-99cd-a2aca8baaee0,2015-01-23 10:19:26 UTC
3128e7b6-6ddb-4812-8d9f-5ffa7f409cf6,2015-01-23 10:19:23 UTC
fc42033d-b317-4460-93b0-221c98ef769a,2015-01-23 10:19:21 UTC
9ddd3fcc-fc12-4fac-b0da-e67af1654c42,2015-01-23 10:19:19 UTC
785f2271-8a43-4281-89b8-a87ae92a9235,2015-01-23 10:19:17 UTC
b6058f39-ccb3-49a3-b1fa-e3803c95a962,2015-01-23 10:19:15 UTC
dcc3dc77-fb9f-4e49-a339-efa4bf34663a,2015-01-23 10:19:12 UTC
4f2c22c7-c547-4ab5-8715-7704f7443ec9,2015-01-23 10:19:08 UTC
3c8fe396-c7db-43fd-880d-d7b235921789,2015-01-23 10:19:05 UTC
0589178f-b6af-4e9b-a07b-0f397b195bb1,2015-01-23 10:19:10 UTC
1f1851e7-7e4f-42a3-9079-6ffe791635df,2015-01-23 10:19:03 UTC
b3375e85-6dd8-46cb-a804-28ddcf58580b,2015-01-23 10:19:01 UTC
824626a6-1046-4b3e-b708-628129246f01,2015-01-23 10:18:58 UTC
3ec32bbf-e070-4c9d-aabe-6fe5a1229e63,2015-01-23 10:18:56 UTC
1705d925-7a73-4d15-a4bd-3a6e9f928795,2015-01-23 10:18:52 UTC
97366c30-85a0-4772-a75d-a12e96aceb60,2015-01-23 10:18:54 UTC
d6491c03-22e4-4ec2-8c94-484ca0f9a3f7,2015-01-23 10:18:50 UTC
5fa9261a-0454-495e-a391-1fab64941d95,2015-01-23 10:18:48 UTC
ab017a53-f232-42fd-a4dc-b1fa9df488be,2015-01-23 10:18:46 UTC
f4263574-5a8d-4876-af90-6975e9eae82a,2015-01-23 10:18:44 UTC
4d5607b8-c482-43b9-9a35-a88a8b78b129,2015-01-23 10:18:40 UTC
a9f2c00a-fda5-48bc-948b-854abf4a1419,2015-01-23 10:18:42 UTC
10e1b338-1d3a-4445-ba7a-be0310aebc84,2015-01-23 10:18:37 UTC
6b34b665-30ad-487d-b2b2-c0fb40e5f2be,2015-01-23 10:18:35 UTC
f0b38562-4958-44dd-9718-81b60c0106cc,2015-01-23 10:18:32 UTC
24f756d3-2141-495a-8548-470996e9383b,2015-01-23 10:18:27 UTC
87f4f901-a06d-460a-86e7-c7d51153104b,2015-01-23 10:18:25 UTC
92a45a58-ad45-4421-a06a-aac1b54009db,2015-01-23 10:18:30 UTC
a030d672-e7fe-497a-935d-3079b652051f,2015-01-23 10:18:22 UTC
60f26df2-da23-4302-a7a3-f72b5d2e186f,2015-01-23 10:18:18 UTC
cb11e257-1224-4593-9f17-88706012ec0a,2015-01-23 10:18:20 UTC
86fb023b-edf7-424e-9552-94f61e7a643a,2015-01-23 10:18:16 UTC
384f3905-2003-4f91-9cde-bba20dc150c7,2015-01-23 10:18:12 UTC
94a84c9d-25ae-49eb-b26b-66c339372be6,2015-01-23 10:18:14 UTC
e9ebcc72-a7c3-488a-b7a3-5e63eddb9cad,2015-01-23 10:18:09 UTC
462fd13b-6d48-4383-876d-6ac827746c64,2015-01-23 10:18:06 UTC
86a34b9d-6ccb-43f0-a1ab-bc0d5924eda8,2015-01-23 10:18:01 UTC
e4aafd53-4f6f-4b81-9101-97d606b9f228,2015-01-23 10:18:04 UTC
a04404f1-76ab-43d8-97a2-632e3837167e,2015-01-23 10:17:57 UTC
4b98a990-4d87-4b6f-9d81-d4a1bf10106c,2015-01-23 10:17:59 UTC
f396775c-e859-4321-b79f-0227769e97b0,2015-01-23 10:17:55 UTC
085d21d8-37d9-4117-b2e5-220bc34a5ef9,2015-01-23 10:17:50 UTC
bf92f5fe-9752-433b-a141-457dcca98aa0,2015-01-23 10:17:47 UTC
39962d5d-2cf0-4a3a-9e9d-c0df1b7ed605,2015-01-23 10:17:52 UTC
de84d267-2b74-4492-a34f-52f820d1ca72,2015-01-23 10:17:44 UTC
b1bc98b9-c5bf-42b7-8f1d-762219f53404,2015-01-23 10:17:41 UTC
b703cb75-05d3-48c2-8de3-4a79b1d15e1a,2015-01-23 10:17:39 UTC
2042f6a9-3cdc-4ea5-b8db-dfd2bd4a60f5,2015-01-23 10:17:36 UTC
ea0c9a1a-ca1b-4518-ae0d-5648884f1cbb,2015-01-23 10:17:33 UTC
9f6e7790-bb97-4334-939f-40e62a57c684,2015-01-23 10:17:30 UTC
7cda7ea6-5907-40d3-9e94-47cdc797535c,2015-01-23 10:17:25 UTC
c2f49c66-f725-46e9-ba24-e442206d75dc,2015-01-23 10:17:28 UTC
17dcfb6c-8b54-4989-aa0e-f16fe424dad8,2015-01-23 10:17:21 UTC
aedc6501-8d41-461f-ac4d-d1e535e484fe,2015-01-23 10:17:23 UTC
0409e4f5-752e-48ea-91e1-b6d7b765eaeb,2015-01-23 10:17:19 UTC
821dbbad-edb8-4585-8297-86a06613500b,2015-01-23 10:17:16 UTC
58772389-06d1-4a7b-9080-347d7d57d828,2015-01-23 10:17:13 UTC
b71e8e3e-9f41-4a16-8771-7e677e990ef4,2015-01-23 10:17:14 UTC
64c18deb-2ba6-47f6-adb9-26a56bed2672,2015-01-23 10:17:11 UTC
4221b808-d5ac-46d5-b359-d55987ee2cc5,2015-01-23 10:17:09 UTC
dd4e0abf-02b2-4c18-bce8-91960ea7737d,2015-01-23 10:17:05 UTC
b931e5a1-16cf-4d8d-acf4-15717c3f9bbc,2015-01-23 10:17:03 UTC
eaf76ba3-e1bf-441a-ba16-56cdeb822e34,2015-01-23 10:17:01 UTC
ee86616f-0e07-433a-8217-7b5a116d3be3,2015-01-23 10:16:59 UTC
54ed7ca2-84f2-476f-bdb4-e64234550c2d,2015-01-23 10:16:56 UTC
02e33a64-2441-4073-8a2b-d46417892ece,2015-01-23 10:16:55 UTC
b9615a24-8cf1-4633-baff-df93c13f512e,2015-01-23 10:16:54 UTC
224f09a5-9acb-4110-a7c1-6ec63d9bb4c0,2015-01-23 10:16:49 UTC
8ad8b401-026f-46fd-94b3-be0e5a811356,2015-01-23 10:16:52 UTC
b18e7905-ddda-47bb-aca0-60ffd0f328d8,2015-01-23 10:16:47 UTC
bfed85e9-e3b3-4b97-9017-44b5b2c9fd98,2015-01-23 10:16:45 UTC
fe6efeaa-9fd0-4314-8f56-7b0187ab2ac4,2015-01-23 10:16:42 UTC
6ccbf218-d2f4-4385-a51c-181818d2f513,2015-01-23 10:16:39 UTC
c461999f-1a04-44cf-aa41-7207006bf39c,2015-01-23 10:16:36 UTC
b1a14eaf-f9d0-490f-866d-f5b5c1f44352,2015-01-23 10:16:33 UTC
0974399d-2c0e-49a8-a569-a68dcc903974,2015-01-23 10:16:29 UTC
75081bff-2f82-414f-a8f5-0e0ba32e725d,2015-01-23 10:16:27 UTC
2153d322-3991-4ce2-b4e7-f98a68499468,2015-01-23 10:16:23 UTC
f5a70739-72f9-46d7-a8fd-88244f280b35,2015-01-23 10:16:20 UTC
e848e417-d6c3-4532-a658-d7a55a9ed195,2015-01-23 10:16:17 UTC
9691e371-c28a-4a17-adcb-fda038462364,2015-01-23 10:16:14 UTC
e8187878-7798-473c-835a-1b5d443ab727,2015-01-23 10:16:11 UTC
e754dff7-e27e-400c-9110-92d84e3b83ea,2015-01-23 10:16:07 UTC
b37f92eb-8382-42bc-896e-ea716fa60ae7,2015-01-23 10:16:04 UTC
8c7ad08a-8284-4bfe-893d-b916924cb9cc,2015-01-23 10:16:01 UTC
19a0093b-8666-4004-bc77-0b1adebc1b3f,2015-01-23 10:16:00 UTC
42bf9e1c-018c-4fff-b342-185531330a3e,2015-01-23 10:15:58 UTC
55964120-8632-4530-94ae-5a4c95f1d99b,2015-01-23 10:15:52 UTC
578f8327-f71c-4d64-a70f-7d82f17a5897,2015-01-23 10:15:55 UTC
8ba0a436-9926-4910-a023-50a2a6ef62e5,2015-01-23 10:15:46 UTC
9f3fe740-80a0-4271-a536-63933e78301a,2015-01-23 10:15:49 UTC
ecef820a-e34f-42fb-8583-33f45b6ffa26,2015-01-23 10:15:43 UTC
dc5258d6-9031-46b1-98b1-679ec657f843,2015-01-23 10:15:40 UTC
25e65d83-8206-4964-95a7-bc37ddcae520,2015-01-23 10:15:38 UTC
b0a5e336-71d8-4aaf-8792-9d4ade2d3764,2015-01-23 10:15:35 UTC
e251fa49-e2fb-4ba6-b4d1-30d175f50126,2015-01-23 10:15:32 UTC
8193b4d3-cfbc-4b4c-97bc-f0f9541cef12,2015-01-23 10:15:29 UTC
a65678bf-6ebb-49ef-8029-2370d468b21e,2015-01-23 10:15:23 UTC
5519669c-da51-4616-b1ee-92ae29c9d03f,2015-01-23 10:15:25 UTC
a7ba30d2-67fd-4949-b7bf-94d752ad68a6,2015-01-23 10:15:20 UTC
b36e3872-1c12-4250-9802-c30430ea8595,2015-01-23 10:15:12 UTC
00978a36-fad7-4c47-af51-2e6d1bb73157,2015-01-23 10:15:15 UTC
fe248b2f-47db-48f1-a00f-99077a9b7073,2015-01-23 10:15:09 UTC
20a3606f-2b50-429b-9a55-7155e375d587,2015-01-23 10:15:18 UTC
e6c1f005-342d-42c5-9cef-928b4ef04bc5,2015-01-23 10:15:07 UTC
c7ba6429-d823-461e-a2ea-b5409f7a8c07,2015-01-23 10:15:04 UTC
e95cb4dc-fc32-498f-97e9-c197ebfa9aeb,2015-01-23 10:15:01 UTC
461a0a2e-5668-4111-b756-14f2c6983658,2015-01-23 10:14:57 UTC
bbe24e4e-3278-47fb-99ba-9a63283f2447,2015-01-23 10:14:55 UTC
15ccc443-8fff-4821-a97c-a90dde6b935b,2015-01-23 10:14:59 UTC
b8a13cd5-ff65-4c17-8156-0ce0395e93bb,2015-01-23 10:14:53 UTC
003e9f35-ff58-488d-a0a8-592173615212,2015-01-23 10:14:51 UTC
84468ee4-5782-42eb-8d58-a945e6ffe031,2015-01-23 10:14:49 UTC
e1888268-fcbb-4724-8efe-1ae4730b0c7c,2015-01-23 10:14:44 UTC
fdb23cba-2778-4033-8a82-258be8a3b551,2015-01-23 10:14:46 UTC
8c1cd50d-b8d0-4d6e-be15-11796b39e11a,2015-01-23 10:14:41 UTC
c1fef4cb-0ab8-46cf-be67-8553dc3d4118,2015-01-23 10:14:39 UTC
e8be712c-a9a1-4470-bcc3-9f0f183ec725,2015-01-23 10:14:37 UTC
77128866-24e6-4e37-a044-d869610dd263,2015-01-23 10:14:34 UTC
7a7fa908-ab43-4a97-ae48-69e71d1c6f6a,2015-01-23 10:14:31 UTC
22912ebc-6a15-4449-bc61-c6e23d02b9da,2015-01-23 10:14:27 UTC
0d5baf11-04e1-4ddf-bc22-2f697cffbc80,2015-01-23 10:14:24 UTC
ca5f8f67-35bb-479a-8679-ed5f4b8f2cb6,2015-01-23 10:14:20 UTC
01845028-2489-473f-a0fb-d5476805d302,2015-01-23 10:14:22 UTC
84425fa2-2889-4533-9361-748ea43c4fca,2015-01-23 10:14:18 UTC
6b07e97a-3db7-424d-9038-0647779492b8,2015-01-23 10:14:15 UTC
ea56a667-9105-4236-982f-d2148bdbff76,2015-01-23 10:14:13 UTC
c4dd9e65-fbe7-4865-b6ef-9bddb08b7840,2015-01-23 10:14:11 UTC
beba18a7-6ab9-4003-9ee9-f0345dce1006,2015-01-23 10:14:07 UTC
cb739412-b330-40dc-bee4-f2fca7811438,2015-01-23 10:14:05 UTC
6280ab6f-8657-4a9e-ac85-c9b658b9eb77,2015-01-23 10:14:03 UTC
2a615282-fe52-485c-bc14-0a21dfaac37a,2015-01-23 10:14:01 UTC
1087cdb5-18b1-4d57-a1e7-7db39f3519b5,2015-01-23 10:13:56 UTC
45ff0ada-db88-48cb-912c-93f33a7640ae,2015-01-23 10:13:58 UTC
8feff9ff-84ec-45a1-b3a9-89dc2cc1d635,2015-01-23 10:13:53 UTC
fff30d94-4115-456b-b606-dd8596df91a8,2015-01-23 10:13:51 UTC
ef7f5e5b-ea4d-4b2f-a3c1-99bedc044be0,2015-01-23 10:13:49 UTC
a2f65e4d-9851-45c5-82ab-2a0bf95cf909,2015-01-23 10:13:47 UTC
3b997a25-215d-46f1-a099-8acfc4a28639,2015-01-23 10:13:41 UTC
5cce6ecf-ab63-4905-a649-da4d2baa82dc,2015-01-23 10:13:43 UTC
d721cfb9-6772-4126-af8f-1181e9f3c8de,2015-01-23 10:13:39 UTC
14b5583b-c213-46f7-a92c-61afba7f9855,2015-01-23 10:13:35 UTC
63d9e33d-9c96-45e9-9b3e-d1769742fd98,2015-01-23 10:13:37 UTC
a47fa117-74d7-4292-bf84-e9dae04eb523,2015-01-23 10:13:32 UTC
5d8e5690-766a-4d9e-8155-32360b981e24,2015-01-23 10:13:29 UTC
4e45ba76-e4a9-410f-8317-0c51050a98de,2015-01-23 10:13:24 UTC
01de1be4-cd30-4036-8d2c-73db4e31a651,2015-01-23 10:13:26 UTC
d48d394f-d556-4adc-922d-fb3fed8009b5,2015-01-23 10:13:22 UTC
5507551d-e31a-4ef1-b4e0-b7569423c0cd,2015-01-23 10:13:20 UTC
e45c59a1-de2d-41d1-8bf2-2dd1767f1f27,2015-01-23 10:13:18 UTC
6a096d98-d057-4b86-af45-5f5dbf740bde,2015-01-23 10:13:16 UTC
65641676-df3e-43d1-a6e7-28388c0d4b8e,2015-01-23 10:13:14 UTC
b9bd7479-d539-4274-9f67-560a5b01c0c0,2015-01-23 10:13:12 UTC
2e666faf-02d6-4c09-b541-39820c169ea9,2015-01-23 10:13:09 UTC
6a994165-cad6-4298-a72d-6034c628584f,2015-01-23 10:13:05 UTC
e62d798e-b7ec-4751-ac90-c9660914d124,2015-01-23 10:13:07 UTC
848e87c5-941d-455c-b73e-ea3ab4ac3617,2015-01-23 10:13:03 UTC
dfff5672-2ecd-4db4-8a11-795932cd0726,2015-01-23 10:13:01 UTC
373fe340-6e40-44bc-abc7-66910117bdff,2015-01-23 10:12:59 UTC
1498a160-e094-42a3-a7b8-7e05f4138f4e,2015-01-23 10:12:57 UTC
f9fc61e3-2677-4271-ab67-038a727e2d85,2015-01-23 10:12:54 UTC
8e4101b2-1520-44ce-a046-10050481429a,2015-01-23 10:12:52 UTC
30e1589d-e10c-48ef-a9cd-3aadb4485b42,2015-01-23 10:12:50 UTC
5dcf063a-7dfe-4543-959b-cc549b7aa244,2015-01-23 10:12:48 UTC
3515ce83-beb7-431b-8bea-c8ef42edbec0,2015-01-23 10:12:46 UTC
d2998a87-37ad-47b3-b888-61f819a7ad67,2015-01-23 10:12:44 UTC
44a0b21b-82b9-4038-aee6-1ec08f53c8ae,2015-01-23 10:12:41 UTC
d982deea-ff9e-4a4a-b345-e6b68c8d7b93,2015-01-23 10:12:39 UTC
f6d4dad9-0fa8-4e65-a4bd-cc3b36aded02,2015-01-23 10:12:36 UTC
8e4f92ef-2a98-4ea6-a50e-4a8e2e51f1b2,2015-01-23 10:12:34 UTC
fd6b87d0-313e-4314-bbae-b21141d126da,2015-01-23 10:12:30 UTC
d1160ca1-7a55-42db-aa6f-fbcd7bb7c223,2015-01-23 10:12:32 UTC
b8adc62f-ce00-419e-8019-34c340ba86fe,2015-01-23 10:12:27 UTC
180b121b-7ab6-4b91-b670-5b245c264dcc,2015-01-23 10:12:25 UTC
092129e6-7571-4bc6-b133-f3ce7a5ca72d,2015-01-23 10:12:23 UTC
a8058287-948d-4fe3-9428-687360acf7d5,2015-01-23 10:12:18 UTC
eca302f1-a66d-46a7-a8da-396e65206ef6,2015-01-23 10:12:16 UTC
5374e4f4-c38a-47de-b0d6-da04144cd16b,2015-01-23 10:12:20 UTC
a164f8df-95ff-4d6b-a291-11e239f04988,2015-01-23 10:12:13 UTC
15fdc6b5-bb3b-4c42-bc4f-ecaa5a262dcf,2015-01-23 10:12:11 UTC
fef2d41c-c90b-417a-90b9-99cf728e0cfb,2015-01-23 10:12:09 UTC
bff290f9-2678-4f66-b029-0e2b240b425c,2015-01-23 10:12:07 UTC
557acacf-1f4f-4c8d-99ff-5ea3303f14d7,2015-01-23 10:12:05 UTC
552b9801-9495-4db9-8d68-b441978a714a,2015-01-23 10:12:03 UTC
622e885f-9699-48ec-84b7-73211ffe58a7,2015-01-23 10:11:58 UTC
e353f97e-41b1-47b8-9c9e-4559c9f3b10c,2015-01-23 10:12:01 UTC
7dd1cdf0-3ed1-4d5c-a00e-90726a32c300,2015-01-23 10:11:54 UTC
e3f7b160-14fd-4b94-a205-7a4ca09ba40f,2015-01-23 10:11:56 UTC
c76a770a-fd44-41f4-aa5a-e478790183b3,2015-01-23 10:11:53 UTC
e27415f5-8e5a-4d27-92b4-b6e1a110ac41,2015-01-23 10:11:51 UTC
65b42b2b-7d7f-4b6c-bd35-beef1faf5863,2015-01-23 10:11:49 UTC
61bd0698-1a86-4ed4-9069-00234931f1bd,2015-01-23 10:11:46 UTC
4edcd775-a8eb-4947-932b-bdc0f8947481,2015-01-23 10:11:44 UTC
91c3c81e-6c69-4958-9acb-0ef3ea808ea4,2015-01-23 10:11:42 UTC
34fa7960-2656-49c5-b80f-123301c9d8fb,2015-01-23 10:11:39 UTC
a2d3dcb5-d78e-4a40-aa51-62fe635b6fdb,2015-01-23 10:11:37 UTC
e3825dfb-16e6-4857-8918-ddc559159fb5,2015-01-23 10:11:32 UTC
14849b6f-7c92-41f8-9def-409a158a2334,2015-01-23 10:11:35 UTC
36e18401-70d9-4ce7-9cff-fd120be2bd9a,2015-01-23 10:11:30 UTC
54100cb4-924f-4900-af77-4e5dbb7e1811,2015-01-23 10:11:28 UTC
1c4dca58-1c42-4c34-8891-93f259f7a627,2015-01-23 10:11:25 UTC
2e099582-efe2-49f4-b4ed-ede085452249,2015-01-23 10:11:23 UTC
872f47ba-708b-479d-8c1d-0848c27fc026,2015-01-23 10:11:21 UTC
ae01a87a-3335-459c-88a9-2739eff43582,2015-01-23 10:11:18 UTC
72792ab7-7872-44ad-b037-62d45060e9a1,2015-01-23 10:11:16 UTC
e7dd2ed7-c3ea-4c31-99b8-a131152d899d,2015-01-23 10:11:14 UTC
f239934c-675e-4a09-8dbb-87f23c5d890e,2015-01-23 10:11:12 UTC
dc4fe691-6ecb-4c4c-b16c-e0b82bcd8845,2015-01-23 10:11:09 UTC
f74f240d-25d0-41af-bffc-1ef538d5b80e,2015-01-23 10:11:07 UTC
29e26e79-e121-4309-a5d7-fb97dd3999ff,2015-01-23 10:11:05 UTC
18ef3d42-260f-4f5b-b889-a9a7e69f69a8,2015-01-23 10:11:03 UTC
dbab875e-3366-449c-9aff-23b00268ad8b,2015-01-23 10:11:00 UTC
9f500c29-e4ab-4ab8-a78a-c029e6dc7b26,2015-01-23 10:10:58 UTC
506cc44a-765f-4cd9-b488-e41548e54d9e,2015-01-23 10:10:55 UTC
9ae584b0-e640-4882-91d6-5ceb58da6904,2015-01-23 10:10:48 UTC
e47dcad6-fc31-43a8-a7bf-d6b905cf035f,2015-01-23 10:10:51 UTC
9d58a2fc-4184-417b-8b05-2682438d8a32,2015-01-23 10:10:46 UTC
92e05af4-8d7c-4ccb-a6f8-c1f6e7d8ff27,2015-01-23 10:10:40 UTC
0c983037-68a1-41c6-af6b-77ec0af6bdb2,2015-01-23 10:10:43 UTC
47f01f62-1cde-468f-85d0-2561041802fe,2015-01-23 10:10:31 UTC
327f7ef3-a663-40f5-9c4d-8c768cbb8629,2015-01-23 10:10:37 UTC
c5ec405a-c180-4bb4-bc61-96edde1e5074,2015-01-23 10:10:34 UTC
80802a9c-6ce6-4fca-a8cd-20ac35d0a8f7,2015-01-23 10:10:28 UTC
7c8cb1f9-e3f3-4686-8cc0-262b04b417d5,2015-01-23 10:10:26 UTC
0e5e2498-c4ba-4e0e-a368-2c991b3d3123,2015-01-23 10:10:20 UTC
d02af525-9dba-4c04-a57a-0c8661b21e8d,2015-01-23 10:10:23 UTC
65a15a14-e28c-4be8-bbe4-bb40984699a8,2015-01-23 10:10:15 UTC
5c75b13e-722e-4a82-b88e-b4bcdfa6ea42,2015-01-23 10:10:17 UTC
3d63201e-9a2e-4b77-ab2d-691b08ab74cb,2015-01-23 10:10:12 UTC
644f3f23-2959-42ff-aee5-7f94417d9769,2015-01-23 10:10:07 UTC
9d7a7579-fb34-463d-928e-b98514fbe5f5,2015-01-23 10:10:10 UTC
140f6661-979b-4a6d-8467-ec1ae6c9066d,2015-01-23 10:10:05 UTC
2d532377-cf4d-4687-a5c3-a65e7de9e7b6,2015-01-23 10:10:03 UTC
66875510-6c46-4940-afaf-a797daecadf7,2015-01-23 10:10:01 UTC
e5f88baf-bcae-4f96-b2dc-b146c8331970,2015-01-23 10:09:59 UTC
7ad4bae3-71d5-4d94-8326-eae3279c898b,2015-01-23 10:09:56 UTC
ae45bb03-cf36-4a83-b91c-df253e2a5d7a,2015-01-23 10:09:54 UTC
53270eb7-1236-42b8-8b81-06ffadff8e83,2015-01-23 10:09:52 UTC
cf8ec4fa-4029-438a-9272-2c80020d02fb,2015-01-23 10:09:48 UTC
11765448-7cc4-4768-94db-7124d490954d,2015-01-23 10:09:50 UTC
ac99fa97-4945-43b4-a9f8-46063ffad9bf,2015-01-23 10:09:45 UTC
780d2447-d64b-4699-bf1e-dbd4a4b647da,2015-01-23 10:09:43 UTC
c36b8082-6e7b-4954-accb-f588b2776898,2015-01-23 10:09:40 UTC
4ca9ad7d-248c-4bf7-afb7-3cb97b2b39e4,2015-01-23 10:09:35 UTC
16d125ca-665c-4514-9116-57e95a1f3264,2015-01-23 10:09:38 UTC
c9c0105f-e12e-424d-91ef-2b82edafc668,2015-01-23 10:09:32 UTC
61db47bc-c23a-4e3b-bd6b-663b7897c5b6,2015-01-23 10:09:27 UTC
b991cbd4-3368-42f1-99f5-7a396b88dae0,2015-01-23 10:09:29 UTC
7c7ca477-fd16-4e74-baa7-0295cafe6f20,2015-01-23 10:09:25 UTC
ee3df5dc-afe8-4c93-a44e-4df049d40aaa,2015-01-23 10:09:21 UTC
664ce058-13b2-4a64-8314-bf7f4fd5a8fc,2015-01-23 10:09:23 UTC
1a4783e9-4aed-46ea-9648-9ce1bc623623,2015-01-23 10:09:16 UTC
7b339e10-bf4a-4af5-9fd3-1fd6aa530c00,2015-01-23 10:09:18 UTC
337c2ba4-cb0e-4331-8729-c1187192aad3,2015-01-23 10:09:14 UTC
d4f59671-7cb7-4590-9aa2-0ebec8c46c58,2015-01-23 10:09:09 UTC
621b3da2-bd96-4ed0-abef-26cabe3e2748,2015-01-23 10:09:12 UTC
25295d80-87dc-41b9-b0b5-2bc3d2b71fd8,2015-01-23 10:09:06 UTC
eb865eac-f53e-4ecf-a3b1-1066136471c9,2015-01-23 10:09:02 UTC
53d3688e-9fa8-465d-9b3e-71e5c7054823,2015-01-23 10:09:04 UTC
ddcfae37-887c-4960-a1c5-453f995f7c8b,2015-01-23 10:09:00 UTC
5dc4df5f-784b-498d-becd-73498a3891a3,2015-01-23 10:08:58 UTC
d035b41c-3495-4e27-8178-8d4a3e1c0547,2015-01-23 10:08:56 UTC
9197cc97-d599-4ecb-af61-26b05d377cc5,2015-01-23 10:08:53 UTC
801a86f3-1e83-4c9c-b94f-786a653ba5ca,2015-01-23 10:08:51 UTC
8b51d5e7-b528-4a14-804b-4aa8dea1ac71,2015-01-23 10:08:49 UTC
457f0a72-c46b-4963-8771-b4f82379ed8c,2015-01-23 10:08:47 UTC
95f7ae59-c08c-4fa9-b99d-ac77e638a746,2015-01-23 10:08:45 UTC
423ac32b-d95e-4cc2-98fd-aa810eba284a,2015-01-23 10:08:42 UTC
d42e99d0-d11c-4e0c-8891-9ffc41b2b043,2015-01-23 10:08:40 UTC
4791594c-3801-4497-9fed-619b6aff3f31,2015-01-23 10:08:35 UTC
b6dd2eed-098e-4e88-a9b8-e8f0e3a4ca70,2015-01-23 10:08:38 UTC
33cbead3-de13-43b1-ae81-ffefb5bc363b,2015-01-23 10:08:33 UTC
d97cf9ac-f954-4e5d-8821-e9eaea04a8b1,2015-01-23 10:08:31 UTC
de2b8a80-78a9-4cc3-af48-6969e7e3e901,2015-01-23 10:08:29 UTC
7ea2d8cc-afbd-42de-acde-c5a10e0181e4,2015-01-23 10:08:24 UTC
daadc726-efef-4444-94aa-196974e0bc6a,2015-01-23 10:08:21 UTC
f1318cb4-8d0b-4c71-8137-d3898c03f7c1,2015-01-23 10:08:19 UTC
3e951e92-8bb7-47b3-a51c-1a5dce45be12,2015-01-23 10:08:26 UTC
331f51fe-39a2-4741-b97a-bd0e2d27e7d0,2015-01-23 10:08:17 UTC
2dbb6079-0bcc-485b-bc21-342e7553140a,2015-01-23 10:08:13 UTC
383e9082-788c-422c-9c52-b53d59477ee0,2015-01-23 10:08:15 UTC
ce1a0291-1e99-4e89-a06e-86c0b4425780,2015-01-23 10:08:11 UTC
b0f0e3c8-cfc9-4bb8-9fac-bd29cdc516ac,2015-01-23 10:08:08 UTC
f2d5c129-654e-4989-9f2e-3ad3318970a4,2015-01-23 10:08:06 UTC
6b0aae93-8926-4763-8136-5851c8077895,2015-01-23 10:08:03 UTC
feaee42b-4abd-449e-8a43-2a02e61897fb,2015-01-23 10:08:01 UTC
f37655b1-5aa0-447b-83c4-8a9474c94ff3,2015-01-23 10:07:59 UTC
2375a1bb-3fac-4907-af8f-5c2f1496142c,2015-01-23 10:07:56 UTC
f8d522f1-56b3-41c1-aa77-f04cec41622f,2015-01-23 10:07:54 UTC
b540d4f4-328d-4c9c-b6f8-97a239945c77,2015-01-23 10:07:51 UTC
7332a954-7918-483e-aafc-b22023f4a1ce,2015-01-23 10:07:49 UTC
bf1b274d-81c9-4655-88aa-7879f8b7be83,2015-01-23 10:07:45 UTC
f6925011-db32-4794-80df-a7079d9f229b,2015-01-23 10:07:47 UTC
3f5ec3fc-07d8-497e-a5a1-4fa93ad1b706,2015-01-23 10:07:42 UTC
ba14a6d8-ac08-4419-a49b-638fd50c9e93,2015-01-23 10:07:40 UTC
1d87ff22-4985-4d90-bd01-0fc822bd87a3,2015-01-23 10:07:36 UTC
be43001f-ebaf-4650-8aca-8da9431ff8dc,2015-01-23 10:07:38 UTC
c3867245-560c-4006-91b5-207472b31817,2015-01-23 10:07:34 UTC
882e9369-0c98-4086-93e9-62609f7ddf5d,2015-01-23 10:07:31 UTC
4eb00b31-8f0a-4d2a-88e8-88e2fe75e1d4,2015-01-23 10:07:28 UTC
82e43f19-d23d-4837-9ab6-f63ed5dff9cc,2015-01-23 10:07:26 UTC
1c7a3673-293f-4bc7-b3be-2e0a3aaafc9c,2015-01-23 10:07:23 UTC
48c28490-1d9c-4c16-9c5f-a5bf13c5cb2b,2015-01-23 10:07:21 UTC
4c57827e-2cc0-4f59-a7fc-29666d5b0605,2015-01-23 10:07:19 UTC
b361a1c3-d7af-4089-8a86-75137026e692,2015-01-23 10:07:17 UTC
7aefd3af-4991-4a67-9943-2c57ef9e1893,2015-01-23 10:07:15 UTC
8edb1b12-da15-47bd-bcda-f301dd063a2e,2015-01-23 10:07:13 UTC
b9331ad3-a0b8-48cf-8734-7dbf4441ea2e,2015-01-23 10:07:10 UTC
e403d576-8564-4556-9e75-1ba28f2366bd,2015-01-23 10:07:08 UTC
e26b03c6-a0cc-4576-b5eb-1176d4b686bf,2015-01-23 10:07:05 UTC
4cf0f9c8-4b64-4487-afc6-eb3ebc075550,2015-01-23 10:07:01 UTC
3ae1f6af-243a-4389-88af-1f9db983f897,2015-01-23 10:06:59 UTC
a5f0a979-f5c1-4416-a2d6-51e615c5d39f,2015-01-23 10:07:03 UTC
292fdd91-92eb-4e4a-bc97-d32b41a8da4b,2015-01-23 10:06:56 UTC
b218bc40-8fcc-4974-a4c6-cec34674840b,2015-01-23 10:06:54 UTC
c365cc3d-cfe8-46d1-a203-97ab340134aa,2015-01-23 10:06:52 UTC
25be6e6a-47d1-42d6-bfe2-99af09045189,2015-01-23 10:06:48 UTC
0cfd40b2-2432-4847-a0e9-a97de4f792d4,2015-01-23 10:06:46 UTC
5bb96306-92b6-44fe-bb0f-27261d76f522,2015-01-23 10:06:50 UTC
44de5eec-7ceb-4f37-b765-20337542258a,2015-01-23 10:06:44 UTC
33e874a2-0169-4a3b-af6e-686c9d411b5f,2015-01-23 10:06:39 UTC
cae8b5cd-debd-4c21-8678-cac69ed0e977,2015-01-23 10:06:42 UTC
57d223ad-da75-46b4-bb09-8d32fcc27aef,2015-01-23 10:06:37 UTC
4f13ec66-45c3-4dcb-9812-f85989f725ac,2015-01-23 10:06:32 UTC
707a664d-0340-4cbd-b424-276877b52648,2015-01-23 10:06:34 UTC
015d01f3-1f3a-456e-80bd-8815a3b252f4,2015-01-23 10:06:29 UTC
dd8f9aba-651e-4242-ac82-f6531cbdf8b9,2015-01-23 10:06:26 UTC
699a1b28-364b-407d-ad71-70f1ede18ffb,2015-01-23 10:06:24 UTC
8a80c539-fa79-4dd9-bf39-ea506dc74759,2015-01-23 10:06:22 UTC
98964695-5aa8-4900-9d46-9522efc51ce4,2015-01-23 10:06:17 UTC
3a0c8802-0285-4753-8274-16a5aaa72121,2015-01-23 10:06:20 UTC
12f938a8-a969-4936-a149-b6ef0b7ea5b8,2015-01-23 10:06:15 UTC
6c7c4b4b-729b-459f-8940-33279b11442c,2015-01-23 10:06:13 UTC
a76788d6-d554-4fc9-a9d7-40ec2be6ac76,2015-01-23 10:06:11 UTC
5bb3f459-92ac-4121-b0db-5f3738e47227,2015-01-23 10:06:07 UTC
023cd653-fc82-459c-86bc-7cbef5a2d553,2015-01-23 10:06:05 UTC
48200e46-df6b-4a9e-a76c-f8865373fbec,2015-01-23 10:06:03 UTC
69211ef6-9f4a-4953-94d4-c6a17ab9d33c,2015-01-23 10:06:01 UTC
c34ae7b8-2dc3-4578-bc25-e6de8e06f899,2015-01-23 10:05:59 UTC
0640bb4c-9447-4c28-a8d4-76ebf386329a,2015-01-23 10:05:54 UTC
7a806629-faed-4d7c-bd65-7b9eaca27511,2015-01-23 10:05:57 UTC
e284eff4-e1ae-4769-bdb3-ae3b24900b70,2015-01-23 10:05:51 UTC
e0e0c784-b285-4fff-9d37-d1403b8bfc8b,2015-01-23 10:05:49 UTC
f4077775-1350-4a78-8028-aa1569d08a87,2015-01-23 10:05:43 UTC
405945d1-b854-4fd6-8227-ca93e86e2882,2015-01-23 10:05:46 UTC
64b46088-fa1d-4964-809b-599fe4a45eb9,2015-01-23 10:05:41 UTC
484130d5-2126-4e76-9802-6e262a56cd6d,2015-01-23 10:05:38 UTC
07b3493d-80bd-405d-826f-7a141e6a5d75,2015-01-23 10:05:33 UTC
5f20f77b-5239-4f2e-9479-4050e1ba3354,2015-01-23 10:05:36 UTC
eac91ae1-d960-45d3-a6a4-96fb0717dfb6,2015-01-23 10:05:30 UTC
fa51c092-6c89-4bca-a7b2-56298d982668,2015-01-23 10:05:27 UTC
8457bc3b-d260-4fee-875b-304514261265,2015-01-23 10:05:24 UTC
b29602a4-8569-4310-80ed-17758655359d,2015-01-23 10:05:21 UTC
b87d9f5b-0176-47f3-9506-8c3da2fbf2a4,2015-01-23 10:05:17 UTC
dd4a3300-4da8-41b4-b176-c3051585f821,2015-01-23 10:05:19 UTC
f42cb900-05ad-4bda-93c6-1bcea536f9c5,2015-01-23 10:05:14 UTC
fe7c972e-af6e-4800-a476-41eb0bff94d8,2015-01-23 10:05:11 UTC
11f68c15-4f6c-4b46-b89b-4a66fefe239e,2015-01-23 10:05:08 UTC
c70afabe-d5ea-4393-9654-d963508e9b2d,2015-01-23 10:05:05 UTC
713d7a5c-868b-45d2-a03e-71345cb7ee49,2015-01-23 10:05:03 UTC
d47cb895-b956-4037-9ab5-dbef0e933bbc,2015-01-23 10:04:59 UTC
d1911172-f4c1-4631-bd62-5098fe08fc5f,2015-01-23 10:05:01 UTC
2aac10fb-04dd-4af4-b7f1-0c42ca37d3b5,2015-01-23 10:04:55 UTC
3c055f14-a212-47cd-b42d-f5a55aaef7f4,2015-01-23 10:04:53 UTC
50a89cd2-02e7-4e40-acae-7c6ad2f3f44e,2015-01-23 10:04:51 UTC
a57b3636-2d9e-45c1-993e-83ee28cc9034,2015-01-23 10:04:49 UTC
722d5084-c377-4e76-b9ff-399a35448c53,2015-01-23 10:04:47 UTC
2869ab74-ad90-4555-8ca6-71b4c89dd219,2015-01-23 10:04:40 UTC
7ed53b3e-c815-40ee-8c75-4d422e9f3d25,2015-01-23 10:04:45 UTC
0559cdea-5edb-46d7-9628-0eefb1991ddc,2015-01-23 10:04:42 UTC
60b33798-a33f-43ae-a039-40eb2d334ba8,2015-01-23 10:04:38 UTC
09c0b0d1-54a0-4e5e-b819-d7a5139ae52e,2015-01-23 10:04:36 UTC
e31c19a5-bbe3-4759-be38-d77ae60d84f0,2015-01-23 10:04:33 UTC
c5870172-c58a-46db-8074-09c99646819e,2015-01-23 10:04:31 UTC
981a16f1-ec4b-4959-abeb-57231fe1d1cb,2015-01-23 10:04:29 UTC
c4905e1c-103c-49a8-afc0-6727027d7646,2015-01-23 10:04:26 UTC
4efe60cd-344c-4e75-95ed-10b3f79913df,2015-01-23 10:04:24 UTC
6d3f4619-f249-40e8-b65d-6b905a0077b0,2015-01-23 10:04:21 UTC
745d9870-5b60-4858-83d0-5efacbe30932,2015-01-23 10:04:19 UTC
38803ee6-aebc-4dba-b2ff-3e442a764546,2015-01-23 10:04:17 UTC
803c6902-3250-4bc2-b05d-74f5dd08d4f6,2015-01-23 10:04:12 UTC
c1f52570-77b1-4e59-b30c-ed90de24a653,2015-01-23 10:04:14 UTC
f8c110b7-104d-4001-b449-284361a5e2a4,2015-01-23 10:04:09 UTC
96bba625-4a41-4c09-92f5-07bc9b890812,2015-01-23 10:04:06 UTC
5efc8bef-42fd-46ea-9882-13d6ac3d744d,2015-01-23 10:03:59 UTC
4f2f7fa6-36cc-4f73-b869-7488ebbdc7e4,2015-01-23 10:04:04 UTC
3c6eac8b-7646-4074-9c68-58076ccbb23c,2015-01-23 10:04:02 UTC
537a3e3d-3fe7-4167-bb48-47cdf853ee80,2015-01-23 10:03:57 UTC
f68fd6de-11c5-40d2-b9fe-ecc47ee4068b,2015-01-23 10:03:55 UTC
caf5a0c9-2a8f-4b65-9391-6e1731dfdda9,2015-01-23 10:03:52 UTC
7337679f-e871-465e-b586-e76fa91d8ee5,2015-01-23 10:03:50 UTC
7e7ede40-96f2-48ae-8275-ed143f3a995a,2015-01-23 10:03:46 UTC
21e04395-e762-4fab-be6a-2ec168518329,2015-01-23 10:03:48 UTC
6d120f5e-2867-4672-8bf5-c750cbf07356,2015-01-23 10:03:44 UTC
485a15a4-7bd3-4f63-a45b-68ccfc224705,2015-01-23 10:03:42 UTC
7a01664a-c8c1-4905-b28c-cfe0c42bcd06,2015-01-23 10:03:37 UTC
f890fecd-b460-4467-8ece-6a8e19fb1377,2015-01-23 10:03:39 UTC
cf5f33e1-254a-4b58-a011-2d0173bd4987,2015-01-23 10:03:35 UTC
4bc55500-e9d1-4b27-85a4-2436ae6a80ee,2015-01-23 10:03:32 UTC
7233f760-37d1-4354-a2f1-53c2bbf93788,2015-01-23 10:03:29 UTC
7d172506-3724-4da9-ac86-dd9357dde4f3,2015-01-23 10:03:27 UTC
ab3ca223-e72c-45be-afc6-1b7043af2242,2015-01-23 10:03:25 UTC
5795b197-3164-4a81-afa7-e745b82cb2a7,2015-01-23 10:03:22 UTC
edbd39c9-4d01-4e11-a162-3296352619ad,2015-01-23 10:03:20 UTC
2b8e7292-d13a-403f-957b-fda4e5896ac1,2015-01-23 10:03:18 UTC
fe713228-9145-4dc4-a81e-43bacb68127f,2015-01-23 10:03:15 UTC
d3864862-cc6c-4773-99e2-c48b0f9f359c,2015-01-23 10:03:10 UTC
91f24a12-7938-43db-95f5-59a865ee666d,2015-01-23 10:03:13 UTC
efd4b664-666f-45a9-8053-df9ac30a9aec,2015-01-23 10:03:07 UTC
ba9573f4-6cdb-4d84-be7c-504cfd36a58a,2015-01-23 10:03:05 UTC
332e52f1-e1c1-4c2b-a43c-343ca2538891,2015-01-23 10:03:02 UTC
3d790b78-03b0-4132-bd0a-4f631f42a18b,2015-01-23 10:03:00 UTC
bbfe21f9-59d4-450a-b52e-4374cd0df519,2015-01-23 10:02:55 UTC
6c8b3611-1079-43b2-aece-1734c7bb1501,2015-01-23 10:02:58 UTC
cb8d8d41-8931-4981-8221-6145cd5fea83,2015-01-23 10:02:52 UTC
a8601e86-e588-4c6e-83b6-dea606dc6b06,2015-01-23 10:02:50 UTC
afb52bf9-c00b-4434-9bf6-956c5f9d216f,2015-01-23 10:02:47 UTC
b1859473-dba8-4054-ab3b-4a9ad2b0c1d0,2015-01-23 10:02:44 UTC
d1ec3397-e789-441f-82b6-75fa4102d865,2015-01-23 10:02:42 UTC
3b84a164-0fa5-4631-86ca-cbeed7308015,2015-01-23 10:02:39 UTC
a4d79fe0-2d97-42e8-ab5c-860e51d6967f,2015-01-23 10:02:36 UTC
0689823c-0a30-489b-95f4-2f5afc81e885,2015-01-23 10:02:32 UTC
9ff0c48a-e0aa-498c-9d41-093abd31e5b2,2015-01-23 10:02:29 UTC
b4b2d0af-6811-4f75-9e02-710a8a54ef0c,2015-01-23 10:02:27 UTC
38b984e9-8b83-43a0-a376-6b84166e4962,2015-01-23 10:02:21 UTC
63d680d6-a8ae-4d64-97a1-a864b8ffc8de,2015-01-23 10:02:24 UTC
966611e5-2206-4c49-bb02-54e9539e618d,2015-01-23 10:02:18 UTC
4b8622a7-ce75-420b-97c3-9624a2bf5d13,2015-01-23 10:02:14 UTC
b409c9ff-a613-49fc-9685-3ab516ee7556,2015-01-23 10:02:08 UTC
dbfc6839-996e-44bc-8154-d3961d9c7c44,2015-01-23 10:02:11 UTC
3bd16ac4-64a9-45a8-8d5d-2db641b7cd4d,2015-01-23 10:02:05 UTC
e4efa710-78ed-4b59-bbfe-85cd99dafa8e,2015-01-23 10:02:01 UTC
83a96ab8-cbab-451d-9b3f-914f24ed6244,2015-01-23 10:01:58 UTC
30be43b1-0699-45e4-be45-5f03aae8631a,2015-01-23 10:01:49 UTC
a6c270cc-f3dc-420e-ba5c-28a83340ce3f,2015-01-23 10:01:55 UTC
5e3c7331-8085-4c51-9910-dc49c5f25fa5,2015-01-23 10:01:46 UTC
1fc424c8-1e49-4e60-aea9-e0d6266daea6,2015-01-23 10:01:52 UTC
5fa7c60c-4fb3-4acb-9008-1b419999a8e0,2015-01-23 10:01:43 UTC
22ae863d-fc59-4125-a0e1-5ecfd3700a5c,2015-01-23 10:01:40 UTC
5c199abc-3b5c-41d3-b413-9fb594b16c84,2015-01-23 10:01:37 UTC
dcf2877f-d684-47ee-83f4-eb8247b86e2c,2015-01-23 10:01:29 UTC
c700c571-43ab-4884-8a4c-3b4ebcc7fc19,2015-01-23 10:01:25 UTC
68a0e08f-09b9-4917-b468-6d5bcaa5936e,2015-01-23 10:01:33 UTC
8e2fbcf7-ec99-4ee3-9fd6-236632364018,2015-01-23 10:01:22 UTC
939c1487-ca78-4b37-8914-3a2489340036,2015-01-23 10:01:19 UTC
f20b0930-582d-41a0-8b1b-b8009a02aba9,2015-01-23 10:01:11 UTC
1a387142-058f-4b10-bd6e-9ec9d9f47ba4,2015-01-23 10:01:06 UTC
6bde72cb-8ab0-41ee-9e3d-fb751b13b2cd,2015-01-23 10:01:15 UTC
93087579-6801-4f1b-b6dd-5534433a780d,2015-01-23 10:01:03 UTC
f88eedc0-b139-4802-b1ec-bdf472de43d8,2015-01-23 10:01:00 UTC
af6fbb0c-0555-4c3f-855d-a414ee5210bd,2015-01-23 10:00:57 UTC
aa2a87ac-cf45-4e47-ad5b-99516f68bead,2015-01-23 10:00:53 UTC
8f0eeafe-b8dc-4da2-b2e5-6b417ed7a5f9,2015-01-23 10:00:49 UTC
0c278fb4-8639-4db1-a1b9-9216284cee2a,2015-01-23 10:00:46 UTC
cdd4080b-6641-4412-b9e4-884e7b258da0,2015-01-23 10:00:42 UTC
2674bb8f-30e9-46eb-bac8-8f2f10ed7450,2015-01-23 10:00:39 UTC
a85497b3-3cb6-4f09-82f6-1e80d8a1b04e,2015-01-23 10:00:35 UTC
6955ce8a-ef9d-4334-afc3-4f3f76d404e9,2015-01-23 10:00:28 UTC
41b051bf-0fbf-431a-bac3-5dbf0bf483e8,2015-01-23 10:00:31 UTC
f164edcf-694c-4d8b-93d8-c2f95e849e60,2015-01-23 10:00:17 UTC
155cf4c9-b424-4126-996f-6a8d4ce34f1f,2015-01-23 10:00:25 UTC
d3ad5209-72fc-4d7a-a841-ff6aa0eb5397,2015-01-23 10:00:21 UTC
9fc54b4f-95e4-4260-bc8e-b82e855f2454,2015-01-23 10:00:12 UTC
5414152b-8503-497a-b2d5-fabb95e83f64,2015-01-23 10:00:02 UTC
cfd2a6ba-3c6d-4271-b9fd-a21800dcfcbd,2015-01-23 10:00:06 UTC
4300c2e0-0e3a-41d3-8351-3e732254b097,2015-01-23 10:00:00 UTC
307caab9-5a59-46cc-bd8d-e5c18ebdb263,2015-01-23 09:59:57 UTC
368189f4-aa39-48ed-bec0-d06cd25ed267,2015-01-23 09:59:55 UTC
3545fbfb-e7e6-4e2f-91e7-2d73f32d66d1,2015-01-23 09:59:53 UTC
7049f8ff-f731-46f3-ba6e-b78bcf8a093b,2015-01-23 09:59:51 UTC
22f52508-a488-4530-9add-8af96a979825,2015-01-23 09:59:49 UTC
201149df-aa09-49a4-a79a-411b74e4a615,2015-01-23 09:59:47 UTC
5b885dd6-c10f-4c14-b982-7927651345bf,2015-01-23 09:59:44 UTC
2d317582-8b3a-45c7-ae16-f92311235f7a,2015-01-23 09:59:42 UTC
0c1ecbd8-8ae6-41cf-b66d-e94b0c50df11,2015-01-23 09:59:38 UTC
5a47f01c-9e12-45e2-8c00-c8de9a63e504,2015-01-23 09:59:36 UTC
9fd0144b-fe4e-4788-8161-eee16fdbad73,2015-01-23 09:59:40 UTC
dc585dc3-f06f-4c61-857c-e3ac732a16cd,2015-01-23 09:59:33 UTC
18c959d8-eef4-48ac-afe9-aee83e514a72,2015-01-23 09:59:31 UTC
d3b911d9-5255-4f5d-a773-5ccf442b3a76,2015-01-23 09:59:29 UTC
11d30ba9-20b2-4fe6-ae17-5f3e8e819681,2015-01-23 09:59:27 UTC
c56f58d0-ca73-44b4-95d2-0f497d4c77aa,2015-01-23 09:59:25 UTC
02e4b0fa-8533-4e03-b4b2-8dff38c81d09,2015-01-23 09:59:22 UTC
c1b41c62-c975-4542-ab18-b884cd80e1a1,2015-01-23 09:59:20 UTC
4e63f25e-5bdb-49aa-86f0-60186c69f07d,2015-01-23 09:59:18 UTC
c44b8d2f-dcc6-478b-b007-f8e7f785c8c6,2015-01-23 09:59:16 UTC
60c682ef-dabd-422b-abae-81324c57ed27,2015-01-23 09:59:13 UTC
b70dc1b9-7e0b-4353-8312-cc3578b2657a,2015-01-23 09:59:11 UTC
4932ce01-423e-4b3f-bee2-993e2163d9b4,2015-01-23 09:59:09 UTC
30399b06-0ba2-4003-bf31-7489309e63a9,2015-01-23 09:59:07 UTC
3042ccea-e4a8-4496-a089-ac90eb922494,2015-01-23 09:59:05 UTC
68108980-ee42-494c-9316-4b08820963b6,2015-01-23 09:59:03 UTC
07ae0a05-4694-436f-8e75-c29f41b0c457,2015-01-23 09:59:01 UTC
32cc058e-386c-465c-bc49-8d905bb69151,2015-01-23 09:58:58 UTC
201c66db-6e64-4353-85b3-7b34e4cd1551,2015-01-23 09:58:54 UTC
18864186-781e-4762-aee2-c02f336ffb75,2015-01-23 09:58:56 UTC
e05d331f-2b0e-4d19-8689-870d01d4bcf7,2015-01-23 09:58:52 UTC
42f76b6b-5fb3-4b26-983f-2821408a0d81,2015-01-23 09:58:50 UTC
30208ff5-bec4-44eb-a443-7e839837be3f,2015-01-23 09:58:48 UTC
1abacdc1-db30-45c3-83a0-2d368ba2fbad,2015-01-23 09:58:46 UTC
16baf990-b2c9-4bda-84b6-80e936586d94,2015-01-23 09:58:43 UTC
9a273663-b236-425f-be20-d4cde0fe19a2,2015-01-23 09:58:41 UTC
e4ad584c-feac-4261-8727-67acbd3b2d42,2015-01-23 09:58:39 UTC
b6794f0d-cd1c-4417-b503-d2e53cfff4bc,2015-01-23 09:58:34 UTC
fbf2d447-e9ea-440f-a7d7-5bc1e66c9157,2015-01-23 09:58:37 UTC
54a70655-392a-4230-928b-80f48675f402,2015-01-23 09:58:30 UTC
91f8e085-0473-4db8-9044-f62e45d03ac9,2015-01-23 09:58:28 UTC
fbc88f7d-197d-4525-b84b-58593d9adec6,2015-01-23 09:58:25 UTC
6f423c5b-5132-4a64-841c-394a27eda0cf,2015-01-23 09:58:22 UTC
73e0d44c-5f4d-4043-9b0a-38894b5d9b4f,2015-01-23 09:58:18 UTC
d5164cba-9c41-41b2-a695-52ff04551280,2015-01-23 09:58:20 UTC
31577789-75d6-4937-9b0f-67c2a0fde3e3,2015-01-23 09:58:16 UTC
e7683da7-48dd-4059-a18a-20f159db5e99,2015-01-23 09:58:12 UTC
2835c976-1666-4f68-aa0a-08b0a24dbba4,2015-01-23 09:58:14 UTC
2dc8ae9a-d025-44ad-9cd6-ef29c1c5fba3,2015-01-23 09:58:10 UTC
27e51cdc-1cca-4c9c-bca5-601c85c985c6,2015-01-23 09:58:05 UTC
2af345d0-1919-40cf-ac50-e48b65bed695,2015-01-23 09:58:08 UTC
59502ff3-6d9f-4fd6-a22a-45a7155f2a50,2015-01-23 09:58:03 UTC
064a6ffe-4a00-4d8f-ae4a-985125b04e20,2015-01-23 09:57:59 UTC
72d1a513-2e4c-439a-b87f-a4b986dacb53,2015-01-23 09:58:01 UTC
d4696018-06aa-4950-bd04-e4c6716ef01e,2015-01-23 09:57:55 UTC
f01d4608-e170-4e1a-8070-ba852b909d0d,2015-01-23 09:57:57 UTC
030dd094-4f91-4094-a97e-6479c350af73,2015-01-23 09:57:48 UTC
df2e394c-de3c-49a0-b8af-8d2a50ac6b19,2015-01-23 09:57:52 UTC
e9e982bc-c21d-441d-84b9-423f2977ffcd,2015-01-23 09:57:51 UTC
d9944f7f-b1fb-46d9-a3fa-8d1dfe1638d5,2015-01-23 09:57:46 UTC
ba76d9ee-e2b2-4fa0-abc3-1113d1fc9921,2015-01-23 09:57:44 UTC
a29ad13a-2cf7-4881-b88d-db0276acd56a,2015-01-23 09:57:42 UTC
05ccdb74-7646-495c-9681-fbb6357707b6,2015-01-23 09:57:40 UTC
17d86daa-2a70-438f-94be-1f059e5576e2,2015-01-23 09:57:38 UTC
8ba501f1-2aa0-4fc9-9e40-e66e472e9bcc,2015-01-23 09:57:35 UTC
0aded567-5903-4e8e-8144-e6e06e47fd03,2015-01-23 09:57:33 UTC
97e5e2d1-00eb-43cf-86e9-9b183d53a3e2,2015-01-23 09:57:30 UTC
20f317b4-50a4-4734-8456-7f886c26bdb8,2015-01-23 09:57:28 UTC
e509528b-2f29-432c-9a97-689ceb34a673,2015-01-23 09:57:24 UTC
578cc770-c34d-4bf4-bfa6-a81d3c469662,2015-01-23 09:57:26 UTC
6520e5fa-7e12-4941-bb4d-b78efb1e50f9,2015-01-23 09:57:22 UTC
961e34b7-b606-493f-aaec-daa4f3d6ef07,2015-01-23 09:57:19 UTC
39697694-9f35-4fe3-a202-b44b8bf56eed,2015-01-23 09:57:17 UTC
c47ce566-1e66-47ec-bac5-fdfb47bf5ac9,2015-01-23 09:57:15 UTC
ea58334f-068e-45fd-b054-01fee8d30adf,2015-01-23 09:57:11 UTC
c04fb77e-41d1-4caf-bf69-4b05c83d1020,2015-01-23 09:57:09 UTC
78600b87-e101-4d29-849c-a94334b03654,2015-01-23 09:57:13 UTC
77a1a8d3-ac85-4759-a799-f4c690da6de4,2015-01-23 09:57:06 UTC
9d1b50dc-747d-4e97-9226-d25864606294,2015-01-23 09:57:02 UTC
c77517dc-e68a-4cda-9896-2bbf6942a3d6,2015-01-23 09:57:04 UTC
f81dd94f-4654-46c1-8c62-6ae53ea50e19,2015-01-23 09:57:00 UTC
22dc0e50-fb7f-47c2-885a-abd4f484eebf,2015-01-23 09:56:55 UTC
0e43d718-dfa2-41d2-bad9-060708663bea,2015-01-23 09:56:58 UTC
13b23ac7-5b9e-4365-b424-cfb3a6b96244,2015-01-23 09:56:53 UTC
bd2e2c1f-946f-40f5-a629-4423398e1eb9,2015-01-23 09:56:51 UTC
64cf4094-74f5-4a70-b888-81dbc744d045,2015-01-23 09:56:48 UTC
b35a1f7d-f952-4777-9c14-2327ec830e6a,2015-01-23 09:56:42 UTC
f3ded22f-ff3b-4b57-8974-f21cbccfef8a,2015-01-23 09:56:44 UTC
285292d7-f2ab-46de-8446-775c61b95cc0,2015-01-23 09:56:46 UTC
0d13b355-721d-478c-8007-d7dc57c1f8b1,2015-01-23 09:56:37 UTC
9b443fcc-2612-44ba-abc7-128570544257,2015-01-23 09:56:40 UTC
41543279-0f5a-4600-b119-52f875605c9b,2015-01-23 09:56:35 UTC
ac6f23cd-5847-43fd-961c-d51c0653eb81,2015-01-23 09:56:32 UTC
a117724a-22b9-4051-a6e9-fe7ad5b47a30,2015-01-23 09:56:30 UTC
c184ab6f-7480-4133-a1b3-a31e810b22ce,2015-01-23 09:56:27 UTC
71150bbc-f4a5-4f7d-a5d4-c09cdf6de297,2015-01-23 09:56:22 UTC
8d600940-c473-419d-9984-f8ed062711e9,2015-01-23 09:56:24 UTC
7604812b-67be-48cb-8570-dd26132f79f4,2015-01-23 09:56:19 UTC
a61e7d8a-b387-4147-89c2-65e06d582922,2015-01-23 09:56:16 UTC
ef0e11da-4d5e-430e-96f7-ecd03be0300b,2015-01-23 09:56:13 UTC
3d5a4f42-1c08-4a57-8fed-7dbc59f0bee6,2015-01-23 09:56:11 UTC
baf322fb-2efc-4606-b682-9b615f72de7d,2015-01-23 09:56:08 UTC
a3a85718-9543-470d-8671-3a75d5d15f77,2015-01-23 09:56:00 UTC
3ce1576c-588f-4935-8d74-24bc342c88be,2015-01-23 09:56:02 UTC
2580764d-5554-4f9d-a2b0-0ce2106d7957,2015-01-23 09:55:56 UTC
e566b6b3-297c-43f3-a361-46afbb288a3d,2015-01-23 09:55:53 UTC
3e042913-312f-46a7-8b89-24740c81ad4a,2015-01-23 09:55:51 UTC
0e2bc10b-ec68-43d3-8b64-fe3dca9553d4,2015-01-23 09:55:48 UTC
d01000dc-ff3e-4b46-ad44-c5b3d321fa32,2015-01-23 09:55:46 UTC
7400c5c1-e5d5-4e31-823f-c06e068f99dc,2015-01-23 09:55:41 UTC
7b4cd160-2de3-4fe3-a151-7c272a72d26a,2015-01-23 09:55:31 UTC
346cb73f-942e-4565-9c39-19ef15a8220d,2015-01-23 09:55:36 UTC
f3afb2f6-28fe-459e-89ef-84015626460a,2015-01-23 09:55:28 UTC
85107eda-fb58-460b-be9e-c1b295933f66,2015-01-23 09:55:25 UTC
b1a1e3e5-cb2b-4492-88d5-9d2e97f89d8d,2015-01-23 09:55:19 UTC
cbbd3693-e9a7-485e-936d-8f8950eba1af,2015-01-23 09:55:16 UTC
11e5c303-a73c-4576-bc9a-ecb40303659f,2015-01-23 09:55:12 UTC
02de05ca-7607-441f-9e2e-743c886d0446,2015-01-23 09:55:09 UTC
51521d52-9ab8-4d50-bda6-4650834f12ea,2015-01-23 09:55:05 UTC
bdc71381-5ad3-450d-a971-1ee60fddd13d,2015-01-23 09:54:57 UTC
b45d4db4-8ae4-4754-94eb-40958479dfbd,2015-01-23 09:54:59 UTC
5bc9e1de-fd2a-4dbc-b386-e5eaff2677d1,2015-01-23 09:54:54 UTC
862208c4-7a2a-4ba2-8439-1d9e7cc5e363,2015-01-23 09:54:50 UTC
6dd6fc5b-50c5-443b-825a-1c5b5142e957,2015-01-23 09:54:45 UTC
d80456a3-5962-401b-8dae-7e22d3c2cbee,2015-01-23 09:54:48 UTC
dfd3c5a7-f912-4d1e-ae18-bff96b0aa43e,2015-01-23 09:54:42 UTC
eab1b8ef-d917-4b29-b0c4-d323d0494f5e,2015-01-23 09:54:39 UTC
8d318c25-1b8c-483a-a3f7-f7f488af8261,2015-01-23 09:54:33 UTC
02d0d3a5-58a2-467e-9519-3af98387b3bf,2015-01-23 09:54:36 UTC
50091e11-c3f7-46c8-898d-39871ba0569e,2015-01-23 09:54:29 UTC
5a32bc17-8919-4d1a-b60b-bae1c600e536,2015-01-23 09:54:27 UTC
80a168c5-a428-435f-900d-ac338c4cac33,2015-01-23 09:54:25 UTC
f810d251-4266-483d-9097-48c111e9b8ee,2015-01-23 09:54:22 UTC
ee753965-ed9f-432d-bc27-26a60b4beb59,2015-01-23 09:54:17 UTC
d590578f-d3a3-43b1-b337-00452fde92a0,2015-01-23 09:54:15 UTC
bef6e18f-1fff-476a-8611-00432c97b68d,2015-01-23 09:54:12 UTC
ed536d38-5384-4239-bc61-088ddb299742,2015-01-23 09:54:10 UTC
a1b452ae-e175-4cda-b4c7-937571a1af2a,2015-01-23 09:54:06 UTC
8bc2bfbd-7e66-482e-86a7-834e26f47e06,2015-01-23 09:54:04 UTC
991d8a37-863f-4bc9-96a9-f2ee4eb01f40,2015-01-23 09:53:59 UTC
7c869a30-cb85-4fff-8217-ff6ae909f13d,2015-01-23 09:54:01 UTC
504f5d64-edf2-4f4a-aa2f-05c29b671c5a,2015-01-23 09:53:56 UTC
38f02c92-5ae4-4c7d-b1ca-e854958a1474,2015-01-23 09:53:54 UTC
a795cdaa-4c52-447a-97e9-9c7326e9a862,2015-01-23 09:53:51 UTC
606d2646-5f61-4c82-9897-0bf0e5e47bba,2015-01-23 09:53:49 UTC
d884e6e0-eb7e-4096-a75c-0ddedbd01c9a,2015-01-23 09:53:46 UTC
2a0c87b3-c65f-40b6-9497-1fb107c3b780,2015-01-23 09:53:42 UTC
ac579b5e-f821-4f2d-b1ee-dcfa3e6e4396,2015-01-23 09:53:39 UTC
0733b474-3690-4e66-96f8-f38c03549f61,2015-01-23 09:53:37 UTC
90531e92-e4f6-4d04-b050-e725736bfe52,2015-01-23 09:53:34 UTC
7dd2e26b-dc51-4a68-ab78-9be5df9661be,2015-01-23 09:53:31 UTC
6d4cec89-d0a4-4ec4-8480-fd753fae00cf,2015-01-23 09:53:28 UTC
4d763358-a65e-4808-8da0-7115e900cb20,2015-01-23 09:53:25 UTC
dba0a03a-f02c-4313-b398-cea3e76214cb,2015-01-23 09:53:20 UTC
8e002822-d6c8-4c9d-a812-3db32093839f,2015-01-23 09:53:23 UTC
2e3fcfb2-dc3d-471a-a552-321929eb7ff3,2015-01-23 09:53:17 UTC
aba361fc-c0ab-4df5-9e83-9b9213d83af5,2015-01-23 09:53:15 UTC
b4dc1037-d9ad-4d2d-8e4c-aa96d1c87f60,2015-01-23 09:53:10 UTC
98ee92da-d1dc-4551-9527-0acba3771cab,2015-01-23 09:53:12 UTC
6bd1a1c9-6b5d-439b-8dc8-931a2a692f3a,2015-01-23 09:53:07 UTC
df6cf280-6dfc-418b-abd4-430404296dfe,2015-01-23 09:53:05 UTC
7331957a-8e98-45e5-b575-51a037762a16,2015-01-23 09:52:58 UTC
ca5dedfe-1244-4f86-9233-26c2784a3b28,2015-01-23 09:53:00 UTC
853621bf-45ca-427e-a2f1-f5716376f8e6,2015-01-23 09:52:55 UTC
814cfd14-3dd1-425d-afb1-142cb825aff5,2015-01-23 09:52:50 UTC
1657ce7e-0e15-4936-9e34-47a3ac290c94,2015-01-23 09:52:52 UTC
3ec1e72a-1fc4-4e1f-9952-5dc2a894c0c5,2015-01-23 09:52:45 UTC
d12c9c12-8752-4550-a292-8a0602a1a7cd,2015-01-23 09:52:48 UTC
76da2d63-ba11-4bc6-8671-5a3e8852e0d3,2015-01-23 09:52:42 UTC
59f0ec7a-3330-4de7-8297-8dfb71e7a4c2,2015-01-23 09:52:34 UTC
39e077b8-725b-4896-958b-e83ebcb73625,2015-01-23 09:52:40 UTC
1014301d-3fd2-41de-9da0-8215697a06f5,2015-01-23 09:52:37 UTC
12446115-4323-418a-9bb3-dd6e7b3240f1,2015-01-23 09:52:29 UTC
ac8095b7-1807-4aa8-bcbd-617f50a520ea,2015-01-23 09:52:31 UTC
ee44cfb5-68fa-4075-ae13-206324863b75,2015-01-23 09:52:26 UTC
fc2c90a8-b540-44c4-a25e-8b41a692018a,2015-01-23 09:52:14 UTC
fa5e0213-3ce9-486d-9953-ec22ce6789a9,2015-01-23 09:52:18 UTC
487205c8-51d0-492e-b703-ee8e0fcaa4c9,2015-01-23 09:52:21 UTC
652239ff-4499-4cfd-a1ff-535fce06701d,2015-01-23 09:52:06 UTC
2aceeaec-1626-4f6c-a68a-0678b63789d9,2015-01-23 09:52:11 UTC
3d1e577e-9781-46aa-85ce-8e21dbea14c8,2015-01-23 09:52:04 UTC
8acb2847-457e-42c2-b63a-4b71fbfa98dc,2015-01-23 09:52:00 UTC
51294f91-1238-4fb8-ae2f-7bbbfffa4ece,2015-01-23 09:51:57 UTC
b74baaa7-a419-478f-aa9b-10a84fe82615,2015-01-23 09:51:55 UTC
dfe6196a-d072-4486-893b-f2d4ba52a8e6,2015-01-23 09:51:53 UTC
adbfbeb9-abd0-4941-8130-06e81a50b21b,2015-01-23 09:51:50 UTC
0b7b836c-99af-4acc-b4da-aaafc0ed8760,2015-01-23 09:51:48 UTC
cc453e4e-d280-41a1-87a6-b871efb3f66e,2015-01-23 09:51:44 UTC
508508a1-c2d7-4e46-8c57-95f1edfae595,2015-01-23 09:51:42 UTC
441b84ab-160c-48f0-9db6-c4ee06501a7f,2015-01-23 09:51:36 UTC
1b5f5d3a-cc90-42a9-a147-65f00bbcc1c3,2015-01-23 09:51:38 UTC
4c228082-8cf1-4a27-bf16-059afa57ffe9,2015-01-23 09:51:34 UTC
ae2b23fb-9817-43f6-af40-abb9247d6972,2015-01-23 09:51:26 UTC
41aa6c07-b90a-434c-a78e-834eb95abfd3,2015-01-23 09:51:28 UTC
b4c4eeb6-2c40-4d96-986f-b8e5c042bb9c,2015-01-23 09:51:23 UTC
f3b4804c-2b2c-47eb-9410-257acf64403e,2015-01-23 09:51:21 UTC
4b50953e-4317-4f74-a8f8-ce8dba3670fa,2015-01-23 09:51:17 UTC
31ad1c68-d1de-4623-82d8-ad0c8adc4b5b,2015-01-23 09:51:15 UTC
7c5bbcfc-acb3-4842-99d9-8f22def47e47,2015-01-23 09:51:13 UTC
a77d5d99-be50-4ff5-8e45-bae8818bd70d,2015-01-23 09:51:07 UTC
6d362901-3e22-432b-bbe6-593464503e13,2015-01-23 09:51:01 UTC
85b71583-6556-467d-b27f-bbb232973a9f,2015-01-23 09:51:05 UTC
75c3f080-4c7a-4f57-a603-4d42c27a176c,2015-01-23 09:51:10 UTC
0c5e1bc6-0945-4511-9bc6-49e3cd2c8e50,2015-01-23 09:50:59 UTC
095522f7-5753-432e-8657-02597e6f3895,2015-01-23 09:50:56 UTC
c0949ede-60dc-42ff-a0ee-066f2485d1fe,2015-01-23 09:50:54 UTC
8158593d-9883-4ab4-8635-57b20e29a952,2015-01-23 09:50:52 UTC
1e64428b-4dc6-4c34-b00f-338d5beb7d78,2015-01-23 09:50:44 UTC
eb4d4513-f3b0-45ab-88d9-92d6b512b05f,2015-01-23 09:50:49 UTC
c16c863d-13d7-4861-aa6a-9d221ecfff1b,2015-01-23 09:50:41 UTC
e820fd74-1e7a-4ffa-a0c5-fc80960ab9f5,2015-01-23 09:50:35 UTC
8e37c52f-3694-44f9-833b-263726923007,2016-02-26 13:02:57 UTC
b214f1c2-e56f-4c60-a163-d615ea5f413b,2016-02-05 12:07:12 UTC
8e37c52f-3694-44f9-833b-263726923007,2016-02-26 13:02:57 UTC
72de41b6-24e8-4a82-9565-4b5e452c2a6a,2015-04-02 11:05:01 UTC
84ac48aa-a727-4b7a-98ab-6aa8670278c0,2015-04-02 11:05:06 UTC
537a56ab-316c-49f5-9a3a-8a20700a3294,2015-04-02 11:05:11 UTC
5b943d8b-f281-4b90-a719-44264a85408e,2015-04-02 11:05:16 UTC
d18ad836-e90d-47b5-ad1c-133ccbd0b82b,2015-04-02 11:05:21 UTC
a4630626-b7da-47b3-8be0-e98ff04b23ea,2015-04-02 11:05:25 UTC
784f637e-7495-4d4e-9e20-6a2ee49b0c12,2015-04-02 11:05:30 UTC
cc5657b0-eb51-4df0-9787-706ce8fabdcc,2016-02-04 01:25:27 UTC
43444b75-f9c2-4960-9434-c8127a273936,2015-11-18 08:12:14 UTC
33fca3c1-3bc4-4a2f-99d3-13e2caa61f3a,2015-04-02 11:03:08 UTC
1645f30a-6c0c-4e0b-b5dc-1704e3b39f76,2015-04-02 11:03:03 UTC
027ad1ad-46fd-4045-9af0-d92631f46df1,2015-04-02 11:02:58 UTC
1e8777c0-c68a-4664-ae1c-ad17a65d1eb2,2015-04-02 11:02:52 UTC
8c098e99-74bf-455b-ad8b-d61870baf268,2015-04-02 11:02:47 UTC
f71321a5-6db8-43f5-a554-6bcf14828975,2015-04-02 11:02:42 UTC
d3697c5a-2b0d-424d-8d9a-1c425b78a2c3,2015-04-02 11:02:37 UTC
549ae030-7e68-493d-8360-12f72b2284ec,2015-04-02 11:02:16 UTC
0ed96f4f-6921-4dda-a315-722c0db86026,2015-04-02 10:59:37 UTC
6ff0f45f-311c-4742-98cd-d8e5835284bf,2015-04-02 10:59:33 UTC
5c958e2f-63f0-4975-8cff-06fce4ef4ec2,2015-04-02 10:59:15 UTC
38c76695-2f19-40fd-b284-680a64965238,2015-04-02 10:59:10 UTC
d6b4e7a7-e060-4f22-a595-a7c92cf8c0d8,2015-04-02 10:58:47 UTC
47f970c3-d8d4-4c54-9164-4e3687ae3c39,2015-04-02 10:58:43 UTC
bacc7ee5-62d1-45cd-83c3-1f3f71f4ede1,2015-04-02 10:58:38 UTC
aa3cc774-9901-4686-b1ae-684f36160c7c,2015-04-02 10:58:30 UTC
e007cd0a-fc80-4a73-a0da-12f07e7c1948,2015-04-02 10:58:25 UTC
199c6672-07e2-41d9-99ea-38bd8ec70da2,2015-04-02 11:07:32 UTC
1e07f405-e1c7-47a2-93be-319c4d3dd066,2015-04-02 11:07:27 UTC
a54c481e-816b-4c44-8915-831a188765bc,2015-04-02 11:07:22 UTC
c5c5068f-5f3f-438f-b0d7-7857841a8dcf,2015-04-02 11:07:17 UTC
e44845b3-5612-47c3-b049-24ec002f548f,2015-04-02 11:07:12 UTC
7d0b917e-4963-470e-973b-f551f8a2c964,2015-04-02 11:07:07 UTC
605f0f80-11eb-484b-aa60-570688149c48,2015-04-02 11:07:03 UTC
6aa78ebd-a3c1-404f-a2d6-7e856f24a43f,2015-04-02 11:06:58 UTC
9e212198-c976-4277-b15f-7aa6bd2aed74,2015-04-02 11:06:53 UTC
1fe7f101-d4bd-4cf1-bb3b-cf96278c05ef,2015-04-02 11:06:36 UTC
b772c55b-7b96-44cf-b434-b5778304d16b,2015-04-02 11:06:30 UTC
14710b14-7fc7-471f-9020-165603ab21b6,2015-04-02 11:06:25 UTC
09a268af-cbd8-4390-8f32-e61acd0ee8b1,2015-04-02 11:06:20 UTC
368b7c07-b3dd-45e4-8d80-fb541cfff5d8,2015-04-02 11:06:15 UTC
17d51b08-2bd5-47f2-a498-a50867898f14,2015-04-02 11:06:11 UTC
5a32b5b4-e89e-43bd-96cb-37d4c1e7fe5c,2015-04-02 11:06:06 UTC
734a52c3-5561-4162-92f9-004424b737d3,2015-04-02 11:00:00 UTC
5fc00188-5ff1-4a16-9c82-a1c3d41a6b79,2015-04-02 10:59:55 UTC
fa4e7c1c-7754-4668-9eb6-29ced493fd47,2015-04-02 10:59:51 UTC
62d8ba1d-2e1f-4140-9c12-2683f7e3c85c,2015-04-02 10:59:46 UTC
e5139148-e53f-47be-a157-2bdc42fba7ca,2015-04-02 10:59:42 UTC
a98e487c-c6b0-41f0-8493-89d25a275a8b,2015-04-02 10:58:21 UTC
e50ac1ac-019e-4464-bf4a-d8bc599f2e54,2015-04-02 10:58:16 UTC
11fe939f-4985-4cb3-80a7-ad4d01b1c798,2015-04-02 10:58:11 UTC
33673e78-26fc-41cd-a6ee-743c054bc597,2015-04-02 10:57:39 UTC
40323f92-b5d8-49a3-92b3-4f0013f8156d,2015-04-02 10:57:35 UTC
7b875568-1d5a-4ae1-80e3-9c627ef75e2e,2015-04-02 10:57:30 UTC
2770ea3c-96ba-400a-89ca-348b9f484c5f,2015-04-02 10:57:25 UTC
7074a615-5096-469e-8c38-7b36cded59c2,2015-04-02 10:57:20 UTC
3a77da2f-fd0e-45f7-8041-821363a9cdcc,2015-04-02 10:57:15 UTC
cc029440-295e-4ad2-abb5-bed4a81d7682,2015-04-02 10:57:03 UTC
6ec55e27-24f7-4041-a959-0bc26b3011ce,2015-04-02 10:56:57 UTC
0233a4fb-fb88-4f62-93b0-74328e8c4b7b,2015-04-02 10:54:33 UTC
e2fef6eb-b597-4d53-b5c7-0c61997ff0e4,2015-04-02 10:54:28 UTC
83be2136-b1d7-4651-943b-24809b759c9e,2015-04-02 10:54:24 UTC
45ee8161-a458-49ea-b177-603580b7249b,2015-04-02 10:54:19 UTC
d4bedeee-192b-4565-80d0-1e0c37561962,2015-04-02 10:54:14 UTC
0db42bee-99a3-4c70-a97d-f494f607e580,2015-04-02 10:54:09 UTC
8cec3e0b-0d3f-4029-988b-ffc1f137bbad,2015-04-02 10:54:04 UTC
151b0390-f550-4227-9825-82a7d9ab862b,2015-04-02 10:53:58 UTC
3d7ab8cd-2385-4b9a-b3d6-7446febf2e07,2015-04-02 10:53:53 UTC
0db42bee-99a3-4c70-a97d-f494f607e580,2015-04-02 10:54:09 UTC
8cec3e0b-0d3f-4029-988b-ffc1f137bbad,2015-04-02 10:54:04 UTC
cdd38774-ffdb-4320-a284-47e5946f20d8,2015-04-02 10:53:37 UTC
28b32de8-f49b-43b4-8bfd-508ad6faa47d,2015-04-02 10:53:17 UTC
30b8a57a-5445-49c6-9eba-09c9f3f509ec,2015-04-02 10:53:12 UTC
c9abae04-ab34-485b-83ef-f8c057f2f7e1,2015-04-02 10:53:06 UTC
bd24cbad-6074-4f37-a122-fe913bb95c9c,2015-04-02 10:53:01 UTC
acac7c23-d4d4-44f9-91c2-85811a705735,2015-04-02 10:52:56 UTC
be5fae2c-3e04-4361-ad89-998ae81931a1,2015-04-02 10:52:52 UTC
5d6e85d8-41a1-4730-b759-50f5ffe32f05,2015-04-02 10:47:09 UTC
5cff2b3a-46dc-41d1-8b4e-274c68e3491d,2015-04-02 10:57:08 UTC
88ddcf8a-3269-4525-ae86-9bf011ea55fe,2015-04-02 10:46:28 UTC
582739a0-c641-4e19-9f72-8e5cafd13f3e,2015-04-02 10:46:23 UTC
7b2bad30-40e3-4a5e-bd73-bda84425d284,2015-04-02 10:46:16 UTC
98346f25-8b3b-43c4-9b2c-c8e63f83fd62,2015-04-02 10:46:11 UTC
7161eeff-523c-4f47-9a59-b94cab764f33,2015-04-02 10:46:06 UTC
58191572-d23c-4195-a85a-8c576ea10ad6,2015-04-02 10:46:01 UTC
11109195-905d-4df1-be60-291fd61f6c20,2015-04-02 10:45:55 UTC
e5273591-39e0-4fc2-a22b-7ebc3e1d5477,2015-04-02 10:45:47 UTC
93253804-ae2b-401c-a119-775c5f1b17a6,2015-04-02 10:45:42 UTC
b1f2a5b7-2dad-4c2a-974d-6c4aba21964d,2015-04-02 10:45:26 UTC
9adbd819-9c45-4f16-b25e-71a8fcc7ac57,2015-04-02 10:45:21 UTC
d84efc94-e1f9-4a45-ba46-b928850308e3,2015-04-02 10:44:56 UTC
48f39bb7-f6ba-4782-bf56-630f59363c95,2015-04-02 10:45:15 UTC
d759fbcb-5da8-4094-ae30-a10c054cb3dd,2015-04-02 10:45:03 UTC
dde7a4ca-1579-40cc-8d17-adccbffc42d7,2015-04-02 10:41:31 UTC
c5c0d7ce-ac86-469b-a218-01fc105559f5,2015-04-02 10:41:25 UTC
b5230c49-6eae-476d-84fc-c5a03deb6e81,2015-04-02 10:41:21 UTC
9f2621e7-3611-4938-a1ee-641f786758d6,2015-04-02 10:41:14 UTC
0e06bcb0-e9a8-404b-8f9d-28606b104e67,2015-04-02 10:41:08 UTC
5ca0bc59-4447-41a8-88e4-8806e7f68056,2015-04-02 10:41:36 UTC
9bd7109b-df97-48aa-9eb1-4442ad66e4ac,2015-04-02 10:40:13 UTC
dda4d986-c2e3-4131-bd51-02d33867c8bc,2015-04-02 10:39:52 UTC
d13f281c-2d6f-489e-bcf4-6d280be38688,2015-04-02 10:39:41 UTC
4088505f-d01a-48bb-8f89-75af4d37f1c6,2015-04-02 10:40:25 UTC
6b113f40-2ad5-4e66-bbd4-2127508f86bf,2015-04-02 10:40:18 UTC
d9c2b3c8-fd66-43c5-a45b-ebcfb4608c8c,2015-04-02 10:40:07 UTC
ec837177-c646-48a8-bc57-eb1eb921e651,2015-04-02 10:40:02 UTC
32e2e1e8-5a2d-4be6-85b5-221dea842d08,2015-04-02 10:39:57 UTC
af56cfc2-57ac-4a58-a5ba-f661f3340ad1,2015-04-02 10:39:47 UTC
ec837177-c646-48a8-bc57-eb1eb921e651,2015-04-02 10:40:02 UTC
32e2e1e8-5a2d-4be6-85b5-221dea842d08,2015-04-02 10:39:57 UTC
ec837177-c646-48a8-bc57-eb1eb921e651,2015-04-02 10:40:02 UTC
d9c2b3c8-fd66-43c5-a45b-ebcfb4608c8c,2015-04-02 10:40:07 UTC
7f993691-3bb3-4006-b7e4-bec537e1d1ea,2016-04-21 15:36:22 UTC
2f6ab38a-4387-4e81-aca3-91985da751bd,2015-04-02 10:37:07 UTC
2f6ab38a-4387-4e81-aca3-91985da751bd,2015-04-02 10:37:07 UTC
52bab3b8-8a7d-41c1-b73a-b01c9b29a52e,2015-04-02 10:37:02 UTC
98363d01-01a7-46a8-8ad1-ec3a8d232e2d,2015-04-02 10:36:57 UTC
a8a68452-fc6c-4cb3-ae37-06a1eb572700,2015-04-02 10:36:52 UTC
f68a2f55-58ec-4e3d-bb1d-b5c417d50166,2015-04-02 10:36:46 UTC
a8a68452-fc6c-4cb3-ae37-06a1eb572700,2015-04-02 10:36:52 UTC
848d9f65-922a-4e1b-9d0a-eee547e0b948,2015-04-02 10:36:41 UTC
7f3b822e-e62d-42b1-ab87-c69c6300aabe,2015-04-02 10:36:33 UTC
9c6d0d16-9ad8-49d5-8f18-8cbad376cac6,2015-04-02 10:36:27 UTC
22cfacd9-0e3f-4bd4-b73e-031641b74223,2015-04-02 10:36:22 UTC
6bc0187b-e15e-442c-949a-9617e343dad8,2015-04-02 10:36:17 UTC
2f5532fd-20b9-4109-b79b-a2f8795c0a22,2015-04-02 10:36:11 UTC
e9d98075-3cb5-471f-a739-f8c771706d1d,2015-04-02 10:36:05 UTC
11a1ae0f-25af-47f2-82eb-26c113dd09e5,2015-04-02 10:55:51 UTC
9c6fb77d-ae29-48e5-8139-43a128d91d18,2015-04-02 10:55:47 UTC
deed9e77-93c6-434c-8402-aeb6126bf46e,2015-04-02 10:55:43 UTC
747b9ccf-8b08-412a-bb6f-e10cf4f6f37d,2015-04-02 10:47:50 UTC
376529f2-f1d2-4235-bac3-4bc271e6e9d7,2015-04-02 10:47:35 UTC
d43d60c9-f832-4d9c-a225-9a4d678d62fd,2015-04-02 10:47:29 UTC
0389235a-8258-4ac9-b400-89779277452c,2015-04-02 10:47:24 UTC
47b43bfb-a1ea-49b0-a55d-73eee381f86c,2015-04-02 10:47:18 UTC
1e33774d-ca70-4a56-bb5f-2143220719a3,2015-04-02 10:47:04 UTC
d1ebf04c-c168-486f-80f5-bd08265474f0,2015-04-02 10:46:59 UTC
5fe80625-fe59-4c9f-9195-1504b363a3d1,2015-04-02 10:46:54 UTC
d0e306c0-3864-407c-bf18-dc2dccd9a692,2015-04-02 10:46:50 UTC
6888d5b9-7583-4ec7-bc46-9ee13b1f5403,2015-04-02 11:04:41 UTC
476e2bc2-b9ae-4dc2-9abc-4876db5c1f21,2015-04-02 11:04:36 UTC
6888d5b9-7583-4ec7-bc46-9ee13b1f5403,2015-04-02 11:04:41 UTC
31419478-249d-456c-b46e-e52f81ccdf79,2015-04-02 11:04:31 UTC
4f465336-51a2-45d3-a306-f77bdc413d65,2015-04-02 11:04:27 UTC
783340c8-1934-4aa3-abc5-1de137087eea,2015-04-02 11:04:22 UTC
26734463-d9ff-45ac-9303-5cbd4cc9417f,2015-04-02 11:04:17 UTC
a852c935-b314-4871-8b7b-168b8f2f7e34,2015-04-02 11:04:12 UTC
8b7f9321-3eb3-4ea7-9718-76a249b798d2,2015-04-02 11:04:07 UTC
24a5acc9-e686-41d9-ad4b-369764188323,2015-04-02 11:03:46 UTC
709e4b75-9dd1-42ac-9e27-7cf8b2132d72,2015-04-02 11:03:42 UTC
9d174011-04be-4074-8b8c-ba415a43fdf9,2015-04-02 11:03:36 UTC
1c2e89a7-7023-4e17-9b8c-ef4a15fbb1c3,2015-04-02 11:03:30 UTC
fcceabd9-c039-41c5-91a6-cd3cf231355a,2015-04-02 11:03:26 UTC
8c5cbbc1-972e-443a-bdd1-4a923060b3f8,2015-04-02 11:04:02 UTC
a0ca95b2-ab32-40ce-bf7d-164f1898a07a,2015-04-02 11:03:21 UTC
c66f6c24-c11e-4eac-b239-4137163a1fe6,2015-04-02 10:43:21 UTC
30ddae2f-d8ea-4093-9570-208b0d4aa4ab,2016-01-28 10:28:07 UTC
d535c6f3-bcb6-4954-b77f-36122587d489,2016-03-15 12:57:24 UTC
7b875568-1d5a-4ae1-80e3-9c627ef75e2e,2015-04-02 10:57:30 UTC
975fcd98-4aeb-49f8-a81d-85d2ebbb8cb2,2015-04-02 11:05:41 UTC
37e8da0c-8884-4116-903d-a66e3c023df8,2015-04-02 11:05:36 UTC
7fcd5289-966a-40ce-add0-e3e26bd28595,2015-04-02 11:02:10 UTC
d4436cd5-9a34-4a32-9f63-f82ba974483d,2015-04-02 11:02:05 UTC
8d127e54-f623-4e56-9807-8d05a0134b2c,2015-04-02 11:02:00 UTC
b4700d34-def9-4f3a-a6ac-9bd70168e0e6,2015-04-02 11:01:56 UTC
243170ef-596b-45b0-bb3d-9ca9618a7548,2015-04-02 11:00:55 UTC
638db33a-fe73-45fd-96e2-7dcf8281ff16,2015-04-02 11:00:46 UTC
8b540987-300d-4f81-8c76-0a9ff77b6326,2016-10-28 13:23:52 UTC
161c9166-acda-4688-99f0-a6b89ec838ea,2015-08-28 11:38:18 UTC
ec8d5fee-b6a1-4636-822f-d9e468189669,2016-02-16 15:09:37 UTC
3414271a-f2d6-4c18-8f77-d3bf648d9a95,2015-04-02 11:01:51 UTC
a6dd1377-c001-460a-96b1-750b7b07a4ef,2015-04-02 11:01:45 UTC
43961355-8158-4d70-ad7e-7d57bae8a8eb,2015-04-02 11:01:40 UTC
8321a1bc-35b6-49c7-9ad9-064e4e802701,2015-04-02 11:01:35 UTC
b4c84f16-90b6-4c84-bb25-b79b7612bd0c,2015-04-02 11:01:29 UTC
0e073b1c-70ca-4a62-ab27-4260284b2cba,2015-04-02 11:01:05 UTC
d20e4678-08b6-440e-835d-fd81828bca0e,2015-04-02 11:01:01 UTC
c39db6ff-a588-4aed-8713-7bc41c99c053,2015-04-02 11:00:51 UTC
3e9b9ab1-59f6-496a-a9b0-0fee376e7ffb,2015-04-02 11:00:37 UTC
9e4c1548-0917-4c02-86ff-01782b4938b0,2015-04-02 11:00:31 UTC
d8dc80e7-6d32-4675-9b6a-f0cb04c5cc23,2015-04-02 11:00:27 UTC
16e7acde-fe77-4f85-b4f7-d76674cc2bd0,2015-04-02 11:00:22 UTC
91a2bfa7-0aaa-4e2b-94b1-57f308ebcaed,2015-04-02 10:57:53 UTC
91a2bfa7-0aaa-4e2b-94b1-57f308ebcaed,2015-04-02 10:57:53 UTC
754f19cf-e9ba-4c5b-a19a-e5b16a186baf,2015-04-02 10:57:48 UTC
760653f8-633a-4e77-917f-c792dffb3a14,2015-04-02 10:57:44 UTC
a685ed0a-3d30-4344-9470-eb3bb96ede10,2015-04-02 10:55:03 UTC
16c90617-90a9-4568-b56d-49e6889da7bc,2015-04-02 10:55:38 UTC
bf425d79-76f8-41c8-ada0-acff1351e696,2015-04-02 10:55:32 UTC
6c3fd8be-8112-4487-a5c4-ef4600ae1d2b,2015-04-02 10:52:20 UTC
f92e9916-00ff-4519-a4b9-e724507a3b5a,2015-04-02 10:52:15 UTC
6c3fd8be-8112-4487-a5c4-ef4600ae1d2b,2015-04-02 10:52:20 UTC
58eff47d-13d7-40af-ba46-d1fc6047f690,2015-04-02 10:52:03 UTC
f87f927d-391c-4c17-8fc7-0bc813cff694,2015-04-02 10:52:08 UTC
f92e9916-00ff-4519-a4b9-e724507a3b5a,2015-04-02 10:52:15 UTC
6c3fd8be-8112-4487-a5c4-ef4600ae1d2b,2015-04-02 10:52:20 UTC
0ac83285-77d5-416b-9580-c9d959a80249,2015-04-02 10:51:58 UTC
90dedf2b-75e4-47b6-8ed9-9e68df162f7d,2015-04-02 10:51:54 UTC
0ac83285-77d5-416b-9580-c9d959a80249,2015-04-02 10:51:58 UTC
ec58bd10-59a2-4204-a6f9-2b1b102b6919,2015-01-23 10:20:54 UTC
64fc1fbe-f0a1-484b-a48b-542c488d76ca,2016-02-15 09:34:17 UTC
64fc1fbe-f0a1-484b-a48b-542c488d76ca,2016-02-15 09:34:17 UTC
4997572e-fa25-4633-81fd-df8bd69f10d0,2015-04-02 10:51:21 UTC
c97f35a5-e67f-4d67-b43d-c870ca5612c4,2015-04-02 10:51:16 UTC
5b0fd471-9af4-42f6-9a46-fbf6d75672d1,2015-04-02 10:51:06 UTC
a96db0d9-ff03-4f17-91c4-b07db7a0e8c3,2015-04-02 10:51:01 UTC
f908a214-6837-4cc9-90eb-0ce91c32b597,2015-04-02 10:50:56 UTC
184e2a3f-6f98-41df-8c3b-f8498fb0a90f,2015-04-02 10:50:52 UTC
3c31e0db-ef9f-496c-9f50-47643e0de141,2015-04-02 10:50:47 UTC
b99137af-6336-496f-bda6-70ee80cd66b2,2015-04-02 10:50:42 UTC
03cb8323-3d39-4ba8-9d20-0859156b0512,2015-04-02 10:50:34 UTC
a908295b-5ea4-4028-930d-1d472c02bad2,2015-04-02 10:50:14 UTC
436d823e-2465-4460-a22d-50986698fe21,2015-04-02 10:50:08 UTC
39cf50ec-19bd-4ab9-8a8b-b1ed4dc9bb6c,2015-04-02 10:50:03 UTC
bd03b666-5a3a-4e3a-bd50-8e996dab09df,2015-04-02 10:49:58 UTC
ae21b0ee-51da-46d3-9d12-a23fe65b8e52,2015-04-02 10:49:53 UTC
a2c9e13f-127a-4214-96ee-6cb105465eec,2015-04-02 10:49:46 UTC
34cb1407-586c-4ab0-8335-3101110f4daa,2015-04-02 10:49:39 UTC
1d25808b-b1ed-41ab-af6c-ad22805a598a,2015-04-02 10:49:29 UTC
f5cd2a43-b5a4-40a0-a225-55744cd2f072,2015-04-02 10:49:23 UTC
65394e2e-dadc-4e33-81bf-f63d73d557ac,2015-04-02 10:48:56 UTC
c071db4d-8c5d-447c-b377-dc14d407f497,2015-04-02 10:51:45 UTC
1fdac673-6bee-4b63-b092-0feb0bcacba9,2015-04-02 10:48:46 UTC
293e4a4c-78d8-4df1-90ac-0be51afd07c4,2015-04-02 10:52:37 UTC
b214f1c2-e56f-4c60-a163-d615ea5f413b,2016-02-05 12:07:12 UTC
8d64411f-036a-474b-8569-a1a1c3968e62,2015-04-02 10:48:38 UTC
5ba4eff9-05f8-4896-9283-201497360d30,2015-04-02 10:48:32 UTC
f0d5b3d7-d48c-41a1-bb00-3248c20d9ffc,2015-04-02 10:48:27 UTC
00839126-ea7b-4740-a052-ea8cf9bc94ea,2015-04-02 10:48:22 UTC
31adcbd7-b6ac-4583-98ee-e94240182d01,2015-04-02 10:48:17 UTC
00839126-ea7b-4740-a052-ea8cf9bc94ea,2015-04-02 10:48:22 UTC
d1764f96-6ae6-481f-85a3-045aa07fb472,2015-04-02 10:48:12 UTC
76c3dd95-f75e-4c9d-8d05-7865d47ec38c,2015-04-02 10:43:16 UTC
bfef30fc-81fe-43d7-acb6-9ac4612793a4,2015-04-02 10:43:06 UTC
05150f25-27df-48ec-8ec6-ebe43faa2f38,2015-04-02 10:43:00 UTC
a2ff172e-180e-42ad-84e3-40d1876adf33,2015-04-02 10:42:39 UTC
2f655ba8-0ab2-46ff-a02c-99cae16963a4,2015-04-02 10:41:53 UTC
eee98a47-d582-4dbc-9a22-78ad511daa64,2015-04-02 10:41:47 UTC
5f3a97be-bd59-4876-abe1-468a3402829d,2015-04-02 10:41:42 UTC
65175c8a-8b5f-4048-b15a-011e2fae8006,2015-04-02 10:43:11 UTC
f3cc1f59-62a2-4218-be24-267ea2adb134,2015-04-02 10:42:55 UTC
73fe5979-15ee-4053-974a-698c5cdb3da4,2015-04-02 10:42:51 UTC
6e48e6d6-85cc-46da-aac7-33d126c19f8e,2015-04-02 10:42:46 UTC
468303b6-9b0f-4e65-a45a-2869cdf01285,2015-04-02 10:42:10 UTC
fa5f7d6e-7003-439e-bc24-71b4566d67b7,2015-04-02 10:41:58 UTC
dd742684-b87e-4e89-803f-ef9d269bcf46,2015-04-02 10:40:43 UTC
99fae780-6e98-49cf-97b4-52d178f4c9b8,2015-04-02 10:40:38 UTC
0ad29f08-ebd8-4b15-a6e0-c5aa9c484841,2015-04-02 10:40:31 UTC
b7a82bba-ab7a-429b-a07b-10b8f0f5e4f5,2015-04-02 10:38:15 UTC
19b405bd-e2f9-4257-9f80-99565d1cbc48,2015-04-02 10:38:10 UTC
be9829a6-9d17-4b06-907a-a45a5b09e753,2015-04-02 10:38:39 UTC
fe9103b5-03c5-4507-a49f-6da5519e1e25,2015-04-02 10:38:31 UTC
dcd2c2e2-ab8e-4a19-bdec-2297896f8dae,2015-04-02 10:38:26 UTC
36764bda-80d8-4398-9095-0643478f6dd3,2015-04-02 10:38:21 UTC
a3dfa5ee-30a5-498b-8a43-5079172a9f80,2015-04-02 10:38:04 UTC
221dbd34-494b-457b-9131-a96878909f03,2015-04-02 10:37:57 UTC
9d9912be-fca7-4690-81e6-b80014018385,2015-04-02 10:37:53 UTC
f75835ad-358c-487c-a113-5e050d9b838d,2015-04-02 10:37:48 UTC
8b540987-300d-4f81-8c76-0a9ff77b6326,2016-10-28 13:23:52 UTC
8b540987-300d-4f81-8c76-0a9ff77b6326,2016-10-28 13:23:52 UTC
8b540987-300d-4f81-8c76-0a9ff77b6326,2016-10-28 13:23:52 UTC
dd742684-b87e-4e89-803f-ef9d269bcf46,2015-04-02 10:40:43 UTC
99fae780-6e98-49cf-97b4-52d178f4c9b8,2015-04-02 10:40:38 UTC
0ad29f08-ebd8-4b15-a6e0-c5aa9c484841,2015-04-02 10:40:31 UTC
248053ca-5f8c-41bd-bd8e-d5b2f7cf9e34,2015-12-01 09:00:22 UTC
7f993691-3bb3-4006-b7e4-bec537e1d1ea,2016-04-21 15:36:22 UTC
3647be1f-5b33-4680-98a2-1c7ccc8f092b,2016-02-01 17:00:01 UTC
ffbb9e52-8abb-4a04-b9a8-4103b572923c,2015-12-15 16:27:48 UTC
b214f1c2-e56f-4c60-a163-d615ea5f413b,2016-02-05 12:07:12 UTC
5e557a74-8f51-43b4-a41c-9dec394a8a3a,2015-12-18 15:37:38 UTC
30ddae2f-d8ea-4093-9570-208b0d4aa4ab,2016-01-28 10:28:07 UTC
161c9166-acda-4688-99f0-a6b89ec838ea,2015-08-28 11:38:18 UTC
ec85898c-3af7-4833-8fce-29316b2feca5,2016-02-09 14:10:33 UTC
6cf50d6e-5917-4aaa-9a87-01e89519d6b0,2015-12-04 17:56:40 UTC
d86fcb1c-e5de-44ac-9a11-bff2b0bef317,2016-01-21 16:33:05 UTC
49b5d489-37a4-4bb2-b394-dbfb1999dfb6,2016-02-12 07:00:25 UTC
28e3a4fb-c3e4-4552-848c-8dd96f5309bf,2016-01-06 11:59:51 UTC
362b1cfd-f1a5-4d1a-9b33-b3a25486f5cc,2016-02-12 13:18:03 UTC
cfaab405-d02c-4d2f-9d78-511883fe5db3,2016-02-26 15:53:48 UTC
6ead177d-5636-4df9-8843-7977b51ac705,2015-02-26 10:05:11 UTC
dd3c2e99-e292-4de6-bbb8-543342a8f7d2,2015-11-17 15:33:36 UTC
851221e6-7f96-4887-8032-e30d5a7c5c29,2016-02-25 11:17:08 UTC
702076e7-34d0-4ae7-bab0-1f137e52cf43,2016-01-28 07:06:30 UTC
3e3f5682-6d10-4bda-a9a4-e1c31ee01d55,2016-02-26 15:02:49 UTC
d7e418c9-9838-4431-99af-6c9bb179f46e,2015-12-17 16:31:47 UTC
2d3b8ceb-0cc6-4bac-ae2d-da9ccf3e2358,2016-02-26 12:02:48 UTC
a478db62-2b80-475c-99c2-644d76e265fc,2015-11-20 11:01:02 UTC
c621ccd7-97f5-42c9-9a4c-b128156c3a8a,2016-01-28 07:07:46 UTC
95f08ccc-1756-4fed-bae0-2ec51ce488bf,2015-11-18 12:15:06 UTC
51665b2d-eee0-4973-8581-d0bb8b2c528b,2015-09-16 11:43:04 UTC
2f6c8921-7826-414b-bb3f-94e715769231,2015-04-21 08:59:21 UTC
850c32b6-8aaa-4228-ade9-e1c4e5c9623e,2016-02-10 12:34:11 UTC
0669e11d-16ec-4aa8-b199-2011d55edc35,2016-02-16 16:10:00 UTC
3432d136-dbeb-409d-832f-949d99b55b0f,2016-02-19 12:00:04 UTC
33a8a078-c447-4ecb-bcdb-0397991ea19a,2016-01-22 15:37:23 UTC
b5ea3c2a-cbb9-4d55-9181-d15d7094d1f9,2016-01-22 15:02:23 UTC
139d65ba-387a-4716-b4df-855df8880cd5,2016-01-18 16:08:21 UTC
e645ca56-bca5-462e-aacd-98a2b18482b2,2015-06-19 08:02:20 UTC
8e0dce86-6ba9-443c-82a7-639524e9fa6f,2016-03-07 14:52:00 UTC
8f5c3baf-5591-48ee-80f9-abd742468ce8,2016-02-25 15:55:35 UTC
d9ca5e58-1d62-4943-82a1-c71adfd84f8e,2015-12-04 11:09:33 UTC
0cb3dccd-fba5-432d-bfd9-f97b95d3b94e,2016-02-09 15:01:52 UTC
86f0be5b-4ccc-4451-8443-2c104c3e36d2,2016-02-10 10:39:45 UTC
021c8c65-a49e-49f8-9460-94367cbc73b1,2016-02-25 16:00:03 UTC
21afe9be-1c34-4be4-8011-a290ec6b8968,2016-02-05 11:57:35 UTC
eb1fe7e6-ff18-4041-8081-4026065396f1,2015-12-08 12:42:26 UTC
0fb577e0-6c08-4013-a4ec-797d2ed4d66f,2016-01-04 14:20:25 UTC
ec85898c-3af7-4833-8fce-29316b2feca5,2016-02-09 14:10:33 UTC
8e0dce86-6ba9-443c-82a7-639524e9fa6f,2016-03-07 14:52:00 UTC
ffbb9e52-8abb-4a04-b9a8-4103b572923c,2015-12-15 16:27:48 UTC
5e557a74-8f51-43b4-a41c-9dec394a8a3a,2015-12-18 15:37:38 UTC
39f50172-2850-4e31-81ea-e21d08864a04,2014-11-18 09:20:38 UTC
7161eeff-523c-4f47-9a59-b94cab764f33,2015-04-02 10:46:06 UTC
b214f1c2-e56f-4c60-a163-d615ea5f413b,2016-02-05 12:07:12 UTC
2f6c8921-7826-414b-bb3f-94e715769231,2015-04-21 08:59:21 UTC
e1ef354f-9a18-498a-94ea-d0fcbfb31e48,2015-12-22 16:05:19 UTC
64fc1fbe-f0a1-484b-a48b-542c488d76ca,2016-02-15 09:34:17 UTC
ac640d42-ee17-4604-8e73-00a1e1871c9d,2015-04-02 10:49:34 UTC
34cb1407-586c-4ab0-8335-3101110f4daa,2015-04-02 10:49:39 UTC
e1ef354f-9a18-498a-94ea-d0fcbfb31e48,2015-12-22 16:05:19 UTC
6ead177d-5636-4df9-8843-7977b51ac705,2015-02-26 10:05:11 UTC
199c6672-07e2-41d9-99ea-38bd8ec70da2,2015-04-02 11:07:32 UTC
7f993691-3bb3-4006-b7e4-bec537e1d1ea,2016-04-21 15:36:22 UTC
d67fb48c-817b-4af4-85d2-e70de6fcd913,2015-11-19 07:29:29 UTC
9a429145-6413-4d54-9384-9a9902c5e396,2015-08-21 07:37:35 UTC
ffbb9e52-8abb-4a04-b9a8-4103b572923c,2015-12-15 16:27:48 UTC
a8a68452-fc6c-4cb3-ae37-06a1eb572700,2015-04-02 10:36:52 UTC
efbe07bf-9276-400a-80e6-f53a2f2435ec,2015-01-27 11:25:40 UTC
64fc1fbe-f0a1-484b-a48b-542c488d76ca,2016-02-15 09:34:17 UTC
64fc1fbe-f0a1-484b-a48b-542c488d76ca,2016-02-15 09:34:17 UTC
64fc1fbe-f0a1-484b-a48b-542c488d76ca,2016-02-15 09:34:17 UTC
27f31d59-c512-4f06-bb05-b28aa41d6412,2014-10-21 10:26:35 UTC
64fc1fbe-f0a1-484b-a48b-542c488d76ca,2016-02-15 09:34:17 UTC
64fc1fbe-f0a1-484b-a48b-542c488d76ca,2016-02-15 09:34:17 UTC
64fc1fbe-f0a1-484b-a48b-542c488d76ca,2016-02-15 09:34:17 UTC
16e7acde-fe77-4f85-b4f7-d76674cc2bd0,2015-04-02 11:00:22 UTC
64fc1fbe-f0a1-484b-a48b-542c488d76ca,2016-02-15 09:34:17 UTC
1c2e89a7-7023-4e17-9b8c-ef4a15fbb1c3,2015-04-02 11:03:30 UTC
7fcd5289-966a-40ce-add0-e3e26bd28595,2015-04-02 11:02:10 UTC
d4436cd5-9a34-4a32-9f63-f82ba974483d,2015-04-02 11:02:05 UTC
b4700d34-def9-4f3a-a6ac-9bd70168e0e6,2015-04-02 11:01:56 UTC
3414271a-f2d6-4c18-8f77-d3bf648d9a95,2015-04-02 11:01:51 UTC
243170ef-596b-45b0-bb3d-9ca9618a7548,2015-04-02 11:00:55 UTC
638db33a-fe73-45fd-96e2-7dcf8281ff16,2015-04-02 11:00:46 UTC
7ed1a678-9504-4d8b-b882-f7d759da0096,2015-04-02 11:00:41 UTC
8534bfa4-cf7b-4228-b364-b9110c04d80f,2015-01-23 10:23:34 UTC
e8d232c5-8a7f-4963-b047-b1342e05fa56,2015-02-11 11:29:36 UTC
18bd4373-679e-4f4a-83f6-e4542676fb4e,2015-01-23 10:24:02 UTC
8f5c3baf-5591-48ee-80f9-abd742468ce8,2016-02-25 15:55:35 UTC
8e0dce86-6ba9-443c-82a7-639524e9fa6f,2016-03-07 14:52:00 UTC
8e0dce86-6ba9-443c-82a7-639524e9fa6f,2016-03-07 14:52:00 UTC
e2fef6eb-b597-4d53-b5c7-0c61997ff0e4,2015-04-02 10:54:28 UTC
64fc1fbe-f0a1-484b-a48b-542c488d76ca,2016-02-15 09:34:17 UTC
64fc1fbe-f0a1-484b-a48b-542c488d76ca,2016-02-15 09:34:17 UTC
64fc1fbe-f0a1-484b-a48b-542c488d76ca,2016-02-15 09:34:17 UTC
64fc1fbe-f0a1-484b-a48b-542c488d76ca,2016-02-15 09:34:17 UTC
64fc1fbe-f0a1-484b-a48b-542c488d76ca,2016-02-15 09:34:17 UTC
64fc1fbe-f0a1-484b-a48b-542c488d76ca,2016-02-15 09:34:17 UTC
64fc1fbe-f0a1-484b-a48b-542c488d76ca,2016-02-15 09:34:17 UTC
48431e75-e8e4-46c6-b4a7-3462de23044a,2015-01-23 10:22:59 UTC
64fc1fbe-f0a1-484b-a48b-542c488d76ca,2016-02-15 09:34:17 UTC
30ddae2f-d8ea-4093-9570-208b0d4aa4ab,2016-01-28 10:28:07 UTC
64fc1fbe-f0a1-484b-a48b-542c488d76ca,2016-02-15 09:34:17 UTC
95f7ae59-c08c-4fa9-b99d-ac77e638a746,2015-01-23 10:08:45 UTC
64fc1fbe-f0a1-484b-a48b-542c488d76ca,2016-02-15 09:34:17 UTC
ffbb9e52-8abb-4a04-b9a8-4103b572923c,2015-12-15 16:27:48 UTC
27f31d59-c512-4f06-bb05-b28aa41d6412,2014-10-21 10:26:35 UTC
64fc1fbe-f0a1-484b-a48b-542c488d76ca,2016-02-15 09:34:17 UTC
88dedcf1-242e-4404-bfc7-15f5962c1107,2015-01-23 10:22:43 UTC
d5ba041e-fbb7-4e48-a17d-f0365e2d67b3,2015-01-23 10:21:24 UTC
9d174011-04be-4074-8b8c-ba415a43fdf9,2015-04-02 11:03:36 UTC
d3ad5209-72fc-4d7a-a841-ff6aa0eb5397,2015-01-23 10:00:21 UTC
853621bf-45ca-427e-a2f1-f5716376f8e6,2015-01-23 09:52:55 UTC
e8d232c5-8a7f-4963-b047-b1342e05fa56,2015-02-11 11:29:36 UTC
