25aacd68-dc0c-4041-9c3a-df59a5357c23,2011-10-11 16:11:43 +0100
96ae61d6-c2a1-48cb-8e67-da9d105ae381,2011-10-11 16:11:43 +0100
569a9ee5-c195-4b7f-b9dc-edc17a09113f,2011-10-11 16:11:43 +0100
2e7868a8-38f5-4ff6-b62f-9a15d1c22d28,2011-10-11 16:11:43 +0100
fd62c5a4-714d-47fe-a612-595d1739251c,2011-10-11 16:11:44 +0100
ebd15ade-73b2-4eaf-b1c3-43034a42eb37,2011-10-11 16:11:44 +0100
de4e9dc6-cca4-43af-a594-682023b84d6c,2011-10-11 16:11:44 +0100
db994552-7644-404d-a770-a2fe659c661f,2011-10-11 16:11:44 +0100
4c717efc-f47b-478e-a76d-ce1ae0af1946,2011-10-11 16:11:44 +0100
b548a09f-8b35-4104-89f4-f1a40bf3136d,2011-10-11 16:11:44 +0100
d65d4203-01f5-4920-a3b1-f614bfd8e83e,2011-10-11 16:11:44 +0100
7cd6bf12-bbe9-4118-8523-f927b0442156,2011-10-11 16:11:44 +0100
9adfc4ed-9f6c-4976-a6d8-18d34356367c,2011-10-11 16:11:44 +0100
1994e0e4-bd19-4966-bbd7-f293d6e90a6b,2011-10-11 16:11:44 +0100
06056197-bc69-4147-aa28-070bca132178,2011-10-11 16:11:44 +0100
d994e55c-48c9-4795-b872-58d8ec98af12,2011-10-11 16:11:44 +0100
dcc907d6-433c-42df-9ffb-d9c68be5dc4d,2011-10-11 16:11:44 +0100
234148b2-66d6-457c-9d06-2bf2b98533ca,2011-10-11 16:11:44 +0100
93f52ac4-7eb5-47bf-acfe-c11d1c8e8d76,2011-10-11 16:11:44 +0100
3cba3de4-da66-470b-ac4a-75a0bd05f7cc,2011-10-11 16:11:44 +0100
7f6b788d-1e91-4f87-b315-8a44fb773182,2011-10-11 16:11:44 +0100
db674609-f9d6-4700-b5c7-31ae810a661b,2011-10-11 16:11:44 +0100
4f9fe232-e7a2-48e8-99b1-8f7828680493,2011-10-11 16:11:44 +0100
6667cce2-e809-4e21-ae09-cb0bdc1ddda3,2011-10-25 16:24:56 +0100
c36bd301-d0c5-4492-86ad-ee7843b8383b,2011-11-02 11:30:37 +0000
9a9111aa-1db8-4025-8dd2-e08ec3175e72,2011-11-16 17:05:58 +0000
fb40955a-d2ff-4993-a052-91a7558cbb79,2011-11-16 17:06:26 +0000
9e2fa982-1cf6-400e-bfce-c8222a2efce3,2012-01-10 15:27:42 +0000
cae0cb98-8c71-416e-b7af-c46f535219fd,2012-01-10 15:28:02 +0000
1a22a221-513b-4a8d-ae97-e3668b6d5568,2012-01-10 15:28:21 +0000
c8406408-8376-45e0-95b4-7e74cef2c260,2012-01-10 15:28:48 +0000
bf70fb51-06d0-4625-85bb-410bdf42cddc,2012-01-10 15:29:02 +0000
5d6f9583-991f-413d-ae83-be7274e5eae4,2012-01-10 15:29:18 +0000
530bbbdf-8b69-45e2-b0aa-ba1e868076ac,2012-01-10 15:30:25 +0000
b6d83795-a693-4f88-90fb-a5f67cd680a3,2012-01-10 15:30:37 +0000
5e946baf-6dde-4916-a55e-8d44e0cdfe58,2012-01-10 15:30:49 +0000
c2da0e5f-4706-4fe8-be25-eaca49dd1f86,2012-01-10 15:31:06 +0000
2cff7e4b-452d-4322-9222-ecf89ea5caaf,2012-01-10 15:31:19 +0000
43b6c342-c6b7-4ef1-93d2-98f0a9130ccc,2012-01-10 15:31:30 +0000
fb79ea06-ac7a-4373-8335-2da06c77819f,2012-01-10 15:31:58 +0000
cb2b9743-d253-40c1-a037-c5770a7b90cd,2012-01-10 15:32:21 +0000
11d5e611-df1c-4b90-b4cf-d6d56058268c,2012-01-10 15:33:00 +0000
d65a2eb9-10c8-462a-8627-dd97691caf9b,2012-01-10 15:33:10 +0000
27ed5a13-e8e3-4dc1-9775-902d351e9ef4,2012-01-10 15:33:42 +0000
e0a272d7-82da-495a-a8c5-cc3787817271,2012-01-10 15:34:00 +0000
fd6cee28-ac4c-4fb5-9f46-54d24a500818,2012-01-10 15:34:13 +0000
d740d375-ec0c-43fb-91c8-ca2bf5701093,2012-01-10 15:34:30 +0000
dbf69c86-d5f7-4785-8f8e-26d74240d7fb,2012-01-10 15:34:43 +0000
e8391764-e67c-4de9-86e0-ff2adf160593,2012-01-10 15:35:34 +0000
8d56bb52-2f79-4b6d-9fc6-6d7dcc4f7586,2012-01-10 15:35:46 +0000
e8fae147-6232-4163-a3f1-1c15b755a8a4,2012-01-10 15:36:01 +0000
da332ae4-d021-4800-aa53-826058a46923,2012-01-10 15:38:54 +0000
114b27e6-7305-45f1-b3fa-c546fa169634,2012-01-10 15:39:07 +0000
a787a14d-3bdd-44fc-820a-f821efd74f81,2012-01-10 15:39:23 +0000
240f72bd-9a4d-4f39-94d9-77235cadde8e,2012-01-10 15:41:12 +0000
3a96a1e0-21e3-4aae-8e84-f90860ed3dbf,2012-01-10 15:41:47 +0000
819510fa-f484-4a44-bb30-430c24797efe,2012-01-10 15:42:40 +0000
5c54ae52-341b-499e-a6dd-67f04633b8cf,2012-01-10 15:44:35 +0000
8ece113b-f63c-44e1-8673-768cc78bf919,2012-01-10 15:45:33 +0000
891aa2d1-7c17-4997-880c-939e0b0d4367,2012-01-10 15:49:00 +0000
8d40ed48-ef2a-42af-a02b-bd4cc84cabc1,2012-01-10 15:49:11 +0000
6f757605-ab8f-4b62-84e4-99f79cf085c2,2012-01-10 15:49:24 +0000
70580624-93b5-4aed-823b-76042486c769,2012-01-10 15:49:38 +0000
304d93a6-dd72-4a52-8858-387d8d83a309,2012-01-10 15:49:52 +0000
14e2f2c2-6606-4f3f-92ed-24dedce86e3b,2012-01-10 15:50:28 +0000
23a24aa8-1711-42b6-bf6b-47af0f230295,2012-01-10 15:50:48 +0000
f3dc9b48-1119-4130-9bc4-98f5e3fd7fab,2012-01-10 15:51:02 +0000
685a3312-e096-4fde-b6c7-c8cf324d4784,2012-01-10 15:51:19 +0000
f72a155e-a9d9-46a4-b195-d6fa90a23de0,2012-01-10 15:51:47 +0000
8bf5624b-dec2-44fa-9b6c-daed166333a5,2012-01-10 17:12:42 +0000
3e5a6924-b369-4eb3-8b06-3c0814701de4,2012-01-11 12:16:58 +0000
ae98edb5-87b4-4a69-a31a-e0e5298f949d,2012-01-11 12:25:24 +0000
489e651f-34c8-4b34-bdd7-e13c2324cde3,2012-01-11 13:20:53 +0000
ffa569b0-8f28-4145-a489-8d3749d78d8e,2012-01-11 14:14:39 +0000
6c97de66-80ac-4eca-9a19-92d16442e72f,2012-01-11 14:15:59 +0000
447f8075-1c8c-40d3-8119-3e45ea9e6496,2012-01-11 14:16:59 +0000
02e01dc9-a4c4-46d9-b496-a618c89afe62,2012-01-11 14:19:20 +0000
590039e7-1976-48fa-b84d-d688d4661269,2012-01-11 14:20:38 +0000
ad5f6169-ac7b-4382-9eb6-e58af71a2f00,2012-01-11 14:23:15 +0000
844d0880-14b1-4de1-bfb6-f233f3d5ae1d,2012-01-11 14:25:34 +0000
83f6e93f-bb2c-46ab-9b02-394f972b7030,2012-01-11 14:26:53 +0000
73f390ba-72b1-433e-9b8c-66cf628a2a86,2012-01-11 14:27:58 +0000
b760c595-862e-4210-8f23-1a19dd07f4e7,2012-01-11 14:30:57 +0000
ebae4517-422f-44dd-9f87-13304c9815cb,2012-01-11 14:31:31 +0000
cd90918d-e15b-4d9a-939d-deabc465c824,2012-01-11 14:32:57 +0000
b045c8df-d3c4-4219-88d8-264dc9ee5cc8,2012-01-11 14:33:54 +0000
3cf62435-602b-4dc5-ac32-b01d635d0cc7,2012-01-12 15:02:10 +0000
b8e51cc0-de20-47a7-8d36-aec6736d3884,2012-01-30 14:21:24 +0000
fbc49af1-eb3a-4d17-9503-a3c249b8eee4,2012-02-08 16:32:26 +0000
56026645-0033-45ca-b988-8629a31a9882,2012-02-08 16:32:27 +0000
9132bf20-dee3-45bb-af5d-9d086bcffe77,2012-02-08 16:32:38 +0000
5f96af07-b11d-4447-8553-c6bdd8c0f0d5,2012-02-08 16:32:40 +0000
8931f5ab-889d-4228-ab3a-633762b36319,2012-02-08 16:32:42 +0000
a0f1fbc3-783b-42cb-b583-3934a6c2e652,2012-02-08 16:32:46 +0000
bcad7427-0a73-47ff-8199-82df7faf83b5,2012-02-08 16:32:47 +0000
e5fe8c83-8a3a-46df-a95c-6ea154b05103,2012-02-08 16:32:48 +0000
c4e35ca7-01ed-4b2c-97cb-b31d9ebdb4dd,2012-02-08 16:32:51 +0000
e83c99b4-d96e-4772-88bc-2973e9412475,2012-02-08 16:32:52 +0000
2111aeb0-1638-4ca6-ac85-c4064b70ad0b,2012-02-08 16:32:53 +0000
a24bcb07-b88b-4e9c-ab06-98527242b78e,2012-02-08 16:32:54 +0000
bfeb444f-2430-4f20-a7b8-5f1748813cc2,2012-02-08 16:32:57 +0000
bb4afa19-6b2f-4bf7-9725-22a259c90c73,2012-02-08 16:32:58 +0000
9aa9d352-2c7d-41e1-8965-612fcc24d282,2012-02-08 16:32:59 +0000
3c16fddc-350e-4b2f-abfe-1a7c1821bd28,2012-02-08 16:33:00 +0000
e97bdf95-cf01-462a-988b-84e42ef69c76,2012-02-08 16:33:02 +0000
ca22a0db-0bd8-4d89-b080-c4e80b49884d,2012-02-08 16:33:10 +0000
b512e829-9473-490b-bac1-4be4eec8d7de,2012-02-08 16:33:11 +0000
24484a19-997b-4702-8500-a059b26e951b,2012-02-08 16:33:16 +0000
844f5a92-4ea1-4a40-90f2-1ad9c9d6778b,2012-02-08 16:33:23 +0000
0eb3df59-aad1-4cb2-89f5-1de8032d0095,2012-02-08 16:33:28 +0000
5ddb26f6-caad-4b14-97a7-fabcfa25d4bc,2012-02-08 16:33:33 +0000
f79ac634-94d4-459c-9788-b3f3b1f9a293,2012-02-08 16:33:35 +0000
16438d29-2b3f-4200-a3e6-e71b609e84f7,2012-02-08 16:33:39 +0000
33fca0f5-1f62-493c-a059-5a1e98441f0c,2012-02-08 16:33:40 +0000
1bd53730-69f4-46e5-8f11-6a5b3934c5bc,2012-02-08 16:33:41 +0000
2d9aa015-eb03-461b-a82d-ce420c635d25,2012-02-08 16:33:43 +0000
4a76efdd-cf13-4eee-ad61-e13c3e6bf45e,2012-02-08 16:33:44 +0000
1cfddf1c-85b5-414b-81d4-d9892e090890,2012-02-08 16:33:45 +0000
aa59fde3-e687-445e-a5e9-036e515002ab,2012-02-08 16:33:46 +0000
9ec60cf3-32f6-454b-803e-1ce494baa554,2012-02-08 16:33:49 +0000
4c3d83bd-00fc-432c-9b1a-2d4d16008976,2012-02-08 16:33:51 +0000
898a7d06-0d77-4190-bc14-c4c4a4768f44,2012-02-08 16:33:52 +0000
6ee60260-9821-4908-8363-6b94f079e384,2012-02-08 16:33:55 +0000
8819799d-d7cd-4b1f-8dcc-d8db9670c707,2012-02-08 16:33:56 +0000
e81e15cf-90b2-43f3-b3f5-c48735531c23,2012-02-08 16:33:57 +0000
085eb0d3-4696-4252-a7b0-71913cdba56b,2012-02-08 16:33:58 +0000
5d407b48-22dd-4b4c-86d3-d0dc67ea729a,2012-02-08 16:33:59 +0000
b2fc37d1-bc47-4bef-aa62-e9f01a5f7f32,2012-02-08 16:34:01 +0000
fcb99346-0249-4bee-a65e-82961c0169be,2012-02-08 16:34:03 +0000
fdadc7ea-bd78-4a7a-a6eb-a8f657356994,2012-02-08 16:34:05 +0000
6a2e54ca-60b3-4436-b546-7430fbafbb23,2012-02-08 16:34:06 +0000
7f34c9c5-4e1f-4688-9731-3b44ddd3ede2,2012-02-08 16:34:07 +0000
e6b23b05-05fc-4b9c-b8fb-4752a439a243,2012-02-08 16:34:08 +0000
0d88b3ae-ca0e-4374-9995-c364ce3f74a3,2012-02-08 16:34:09 +0000
0bf06d87-d3a8-47c2-b823-e180d933a58c,2012-02-08 16:34:11 +0000
7d365379-2e0e-4b45-a8e6-3de68d8dbbf0,2012-02-08 16:34:12 +0000
5a99eabd-85c8-401a-9179-f2c11a928e98,2012-02-08 16:34:13 +0000
0fa07490-7bbb-4cb3-b7e8-ae0fd7ab68fe,2012-02-08 16:34:14 +0000
f3674dcf-fbe7-4077-8b8a-e5e09fd0d5d4,2012-02-08 16:34:16 +0000
b0f55845-c93e-44d3-bf04-56261181a845,2012-02-08 16:34:17 +0000
ffc70f77-4ee8-4a6b-a5f2-54657ee4f4c6,2012-02-08 16:34:18 +0000
cbc24f1d-6413-40a3-8ff7-fbb5bbbc7889,2012-02-08 16:34:19 +0000
bd692b3d-2d4c-43d9-aa85-32c465e1984a,2012-02-08 16:34:21 +0000
49856c04-7866-41a9-ad46-341c94be1962,2012-02-08 16:34:28 +0000
16628142-57b2-4611-bc03-5912785acee3,2012-02-08 16:34:29 +0000
4dbcc134-bdcc-4f67-be6c-9a3f6b4918f1,2012-02-08 16:34:31 +0000
04da446d-df33-496b-a3c0-368e1d97fbb7,2012-02-08 16:34:32 +0000
d3ce4ba7-bc75-46b4-89d9-38cb3240376d,2012-02-08 16:34:34 +0000
55aacfdf-a236-4d4f-be82-201014f061a3,2012-02-08 16:34:37 +0000
d682a499-3446-4520-b333-af62cb35a105,2012-02-08 16:34:38 +0000
5416838d-cdd3-4172-94db-caafd966fdf3,2012-02-08 16:34:41 +0000
e219513b-81a9-418d-9ac8-3476bd4995e5,2012-02-08 16:34:42 +0000
baf7f75e-00c3-41b1-accc-c082ef5f83d7,2012-02-08 16:34:43 +0000
7a1b7347-6040-4b8c-9687-b18a0125b5e6,2012-02-08 16:34:45 +0000
43559ac9-1d97-43c2-b77d-0541c799c643,2012-02-08 16:34:46 +0000
0060cddd-0be2-42d5-8a7e-89c766951185,2012-02-08 16:34:47 +0000
15e81063-675e-42e3-b4b9-957b1d0680ba,2012-02-08 16:34:49 +0000
e0bbdd5d-5e58-437e-ad1f-4134f90c02ed,2012-02-08 16:34:52 +0000
01a2126f-c810-4120-94f0-1a5d657c71b1,2012-02-08 16:34:53 +0000
8fc36a1b-b4f2-4b58-b86d-d160a9c161bb,2012-02-08 16:34:55 +0000
521ef7a8-cd3c-410a-913e-97b27c686f61,2012-02-08 16:34:56 +0000
b24f28d7-97ea-4c31-b5bd-114111f87b9a,2012-02-08 16:34:58 +0000
1986a54b-eea9-45b5-8534-6830fec6fbfc,2012-02-08 16:34:59 +0000
154e05f5-4d77-4d92-89e8-ee0ad1064ac4,2012-02-08 16:35:04 +0000
e5e72d77-be67-44bf-be40-3ee08e12964f,2012-02-08 16:35:09 +0000
c5bfac93-8575-4b9e-af4f-12feafa46881,2012-02-08 16:35:10 +0000
882bef25-6922-4fbb-9049-7bc2575646f6,2012-02-08 16:35:11 +0000
9d6ec831-77c1-4140-9ebd-8cbf87245565,2012-02-08 16:35:17 +0000
283a5e75-445b-47d7-8b46-a2bd74fb8232,2012-02-08 16:35:19 +0000
6a285ab2-f068-40d8-a4a7-1db8cb42da45,2012-02-08 16:35:20 +0000
9db1fb50-bf20-4cf0-a00d-5a95654b7d7e,2012-02-08 16:35:21 +0000
4d14dda6-55a5-4bfa-9e4b-25dda8207b37,2012-02-08 16:35:22 +0000
99dd36d9-5e9f-4c04-a21e-175d1e680988,2012-02-08 16:36:17 +0000
c4e41647-ad69-4e96-843b-05fa7867bbc0,2012-02-08 16:36:18 +0000
b9fc8528-81d1-419b-8748-6c00be71044b,2012-02-08 16:36:19 +0000
863ffacd-d313-49c1-b856-58fe0799fd41,2012-02-08 16:36:21 +0000
cc46a817-e7f3-4b60-9f5e-a004dc32ba44,2012-02-08 16:36:24 +0000
b969a617-7c4b-4d3b-97ef-41656ef688c9,2012-02-08 16:36:25 +0000
38eb5d8f-2d89-480c-8655-e2e7ac23f8f4,2012-02-08 16:36:35 +0000
013872d8-8bbb-4e80-9b79-45c7c5cf9177,2012-02-08 16:36:36 +0000
a124d48a-7c10-48c9-9a1a-514f9d59cdbf,2012-02-08 16:36:41 +0000
12c1fef7-2477-409c-bc14-839eeac85bca,2012-02-08 16:36:43 +0000
d2f1fdad-1c75-49d2-8395-6689312ce992,2012-02-08 16:36:44 +0000
f285e31f-e2ba-4014-a0d9-013365f27166,2012-02-08 16:36:46 +0000
8fe1001f-009c-4c19-b4b1-f6c4327484bb,2012-02-08 16:36:50 +0000
de2cca29-9491-4392-838a-8ce619ef9ae2,2012-02-08 16:36:58 +0000
1c117305-51f8-497a-9372-9330d1e59497,2012-02-08 16:36:59 +0000
3d4c4dd4-4bdd-4493-aebf-a6f89db95aed,2012-02-08 16:37:01 +0000
97fa8d93-bdc4-476f-8f10-1c426383734b,2012-02-08 16:37:08 +0000
5a0dd987-eea3-470c-97fa-e346c5cff682,2012-02-08 16:37:10 +0000
d38f09d9-fdd0-4755-9946-e0f1c7de8fdb,2012-02-08 16:37:11 +0000
0432ce78-0eba-4f37-814c-528a05f72dbd,2012-02-08 16:37:12 +0000
673fea70-eba1-4218-8d13-84aa9bbfd20c,2012-02-08 16:37:17 +0000
4f3914c9-9b7f-48e7-85fd-30cd98d6c9fe,2012-02-08 16:37:19 +0000
f12ec794-c57e-4ffc-a2eb-aeeb07f12905,2012-02-08 16:37:20 +0000
7e3bacb0-231d-48a2-be62-2fae4cb94e0b,2012-02-08 16:37:22 +0000
6ed5afe4-c914-48a6-a783-710fc5d1d4b4,2012-02-08 16:37:24 +0000
141baba8-f1c1-404d-9e3d-13db046e7b39,2012-02-08 16:37:25 +0000
8559ab3b-383c-428c-b57c-7604e22ce8e2,2012-02-08 16:37:26 +0000
03fa0510-eeb1-41a6-a7d7-cb45185b2a2e,2012-02-08 16:37:27 +0000
1f3efab6-9890-4ccd-9dff-647907b21dba,2012-02-08 16:37:28 +0000
124c53f6-67ce-48a1-9b13-10dd26500b70,2012-02-08 16:37:32 +0000
e71e4ae0-7b14-48f0-9cc9-8150ce5d0cd3,2012-02-08 16:37:36 +0000
a2a82282-91a6-467e-b396-494cf770d02c,2012-02-08 16:37:52 +0000
0fb2c31d-c6dd-4be9-9a0b-297edc5b4930,2012-02-08 16:37:53 +0000
3f99ade1-1078-4a38-8b20-b14fa9ad90ee,2012-02-08 16:37:56 +0000
664625d0-5799-4a70-9e79-95a1df8cb887,2012-02-08 16:37:57 +0000
cffae6e9-47d4-4f92-a026-753f5b32d0ad,2012-02-08 16:37:58 +0000
9466746e-bf99-4962-b87a-06d27d7e7a78,2012-02-08 16:38:00 +0000
5bf3b781-5f71-4f16-891e-4254c9398094,2012-02-08 16:38:06 +0000
763d15dd-c454-4f5b-876d-838a6cfc2fae,2012-02-08 16:38:07 +0000
48ab7323-b4b7-41a4-bb8e-487ebdd5cdae,2012-02-08 16:38:08 +0000
8010b372-ea79-467b-9221-da7a2330ea72,2012-02-08 16:38:10 +0000
6c16969d-d8df-4580-aa3b-6e6982f62cd5,2012-02-08 16:38:11 +0000
7ad091b4-9098-4abd-aae3-1d2b790ee11e,2012-02-08 16:38:12 +0000
5da4ab94-39b2-40cf-99ae-1af4f6b4206d,2012-02-08 16:38:13 +0000
3d41fee8-845c-456f-857b-12cc35763003,2012-02-10 11:01:38 +0000
aaa6186d-9753-4532-b500-6ab745045231,2012-02-10 11:19:44 +0000
dbae9ee3-b1da-4fda-8dd6-8f2c568c9b1d,2012-02-10 11:29:38 +0000
6e025dd8-a7f3-4d9e-8936-eb93f5419dc8,2012-02-24 13:38:45 +0000
f8d90636-4655-4a20-865d-95a51fe4380b,2012-02-24 13:51:35 +0000
2f19ac9b-692b-4d33-a2b0-201daf0cd92f,2012-02-26 15:34:39 +0000
8c3b5dee-0e61-4d0b-888d-5c510c6b80ac,2012-02-26 15:40:07 +0000
37d2c134-1285-4907-a366-611617cfe44c,2012-02-27 12:38:09 +0000
c3704b95-a9b8-4dcc-84f4-5af987813d18,2012-02-27 12:42:18 +0000
9d2fc568-068a-45ec-9ee1-ba65abb4a4e9,2012-02-27 12:44:13 +0000
fbc7160d-50dc-4b6b-bd1e-ec0300b8610e,2012-02-28 12:01:39 +0000
493c404d-956f-492e-b07f-500f16eca8a5,2012-02-28 17:05:01 +0000
47b15cdf-cd1b-47e7-883f-792b284e4526,2012-02-28 17:24:14 +0000
05b3ff92-52c9-4577-b08e-7514b40c98ff,2012-02-28 17:39:59 +0000
d85bc1fb-fca0-4d10-b9ff-a637ed4110bc,2012-02-28 17:46:40 +0000
906f6d40-ba00-48ae-9c41-a0964dfa1b81,2012-02-28 17:47:41 +0000
28d6fb6e-d601-4cc4-802b-e060474e0f7e,2012-02-29 10:50:13 +0000
5f7442a4-8c5c-4674-a4ac-ff403119f947,2012-02-29 10:55:25 +0000
0fac336b-7685-4b1b-bdf1-37e4e964bf67,2012-02-29 11:00:29 +0000
68c38333-e325-4446-a514-86a958f740bb,2012-02-29 11:06:14 +0000
1bfc68b1-30d5-4924-8e2d-b4b9eed71b26,2012-02-29 11:16:13 +0000
26e55584-4db9-4476-a527-a3c5cb1eb6d2,2012-02-29 11:17:20 +0000
576ef8b8-7d03-402a-a849-8da28ca72151,2012-02-29 12:30:12 +0000
6e414d7c-61af-4113-b039-435e461ddaf2,2012-02-29 13:38:28 +0000
020e53fd-8dad-4387-8f05-66ec045f6769,2012-02-29 13:39:25 +0000
53e21b5a-ee6e-42b5-9c8b-5e060d4fda9d,2012-02-29 13:47:06 +0000
46d4b289-88ec-4123-be2e-ea7d3bcf73a1,2012-02-29 13:52:16 +0000
57636ab1-bff6-4512-a559-c943f85cba3c,2012-03-09 13:54:03 +0000
80d7633e-2e65-46f0-8328-d71692ca3cc4,2012-11-09 12:22:02 +0000
234e02d3-ec77-4a99-b523-e4f5993d7a38,2012-11-09 12:47:46 +0000
b8a6a8f2-d04f-4346-90c1-d28898565866,2012-11-09 12:52:20 +0000
03291b96-fa53-4dd9-8268-8975ee6bc94c,2012-11-09 13:02:02 +0000
50fdc300-48b8-4ac8-8dc3-7bc1ef054da1,2012-11-09 13:46:54 +0000
2a3c8f3c-4cd8-4c84-adf4-2ef07c212ec3,2012-11-09 14:15:23 +0000
855e9471-8f8e-49cb-b613-28058188ced7,2012-11-09 14:47:15 +0000
d622096e-34ec-47ab-9d17-b185458bccf2,2012-11-09 15:12:50 +0000
86f177d5-bf19-4fd2-8b78-fe37482b100d,2012-11-09 15:14:26 +0000
724a1175-b20d-4de9-bbbc-c2c6f2ac2863,2012-11-09 15:16:17 +0000
25ee0af2-ee25-4dde-b5dd-1b75b0bad76e,2012-11-09 15:18:03 +0000
dc960890-6e46-417e-bc8d-2404f086bccd,2012-11-09 15:29:59 +0000
dab2e4db-e548-49d0-afe1-0c06a20fc195,2012-11-09 15:46:56 +0000
b64de654-e360-4cdd-ac99-f0c93a20c0ca,2012-11-09 16:37:56 +0000
feb0ab2b-dc16-4fc7-abff-8668618d6987,2012-11-09 16:40:29 +0000
e3115d57-8ee5-4bbf-96e0-f167c8729a6e,2012-11-09 16:41:45 +0000
9e28ceb5-667e-4950-bd82-22dec742f20d,2012-11-12 10:28:58 +0000
efe5af99-f8ae-4dd3-867b-e29119f65fe4,2012-11-12 10:40:33 +0000
f1e5373d-6b82-47a4-9dfe-595f060360f6,2012-11-12 10:44:33 +0000
7e6ad32c-a97f-48cb-a3aa-b0d134d639fa,2012-11-12 10:46:09 +0000
8ac8728f-ae2e-4e4b-ac38-819bbf55269e,2012-11-12 11:22:08 +0000
2fc4bc8b-5937-4c8c-86dd-7de689b21022,2012-11-12 11:23:52 +0000
30b3709d-2140-4795-b511-0256f62eb6ca,2012-11-12 11:54:01 +0000
939c2f15-f739-4e98-80ba-675be1f462d8,2012-11-12 11:58:59 +0000
1841971f-d489-4da3-9c2b-5c9c0f6c5009,2012-11-12 12:04:20 +0000
92cb30a3-5da7-4309-afcd-72603723ef3f,2012-11-12 12:05:56 +0000
956ecc87-b889-4c41-ac39-ba6a6ba48e97,2012-11-12 12:10:32 +0000
2766247d-5731-46f7-9dfe-fc74f243929d,2012-11-12 12:12:52 +0000
dd0229b4-f5c2-4049-a485-cf1470dfd53d,2012-11-12 12:14:12 +0000
bcd239a4-68bd-402a-963f-b8647a4c8e46,2012-11-12 12:15:57 +0000
a3fc9456-1a58-4549-9672-c3528fd75632,2012-11-12 12:17:13 +0000
d82fa952-4654-41e8-8ac0-8e1c7aecb531,2012-11-12 12:18:33 +0000
a090e915-247a-4a63-a283-f22f948f27b3,2012-11-12 13:01:54 +0000
384b4ae9-e039-4897-be06-cf61e3599d91,2012-11-12 13:03:55 +0000
0cd45244-7fac-4c82-9657-d2633892c6db,2012-11-12 13:11:10 +0000
828140a0-769b-4a61-b37f-5528df4edb33,2012-11-12 13:13:08 +0000
8cf971c3-7fb2-4c14-b7e6-ba8119a13705,2012-11-12 13:17:02 +0000
88079297-1d6c-4e30-9fc4-9cc879c3c702,2012-11-12 13:22:50 +0000
fbeb7cc1-c9a0-4cc6-9550-6dd87c262f5f,2012-11-12 13:28:57 +0000
92963897-7720-443f-81aa-65bb6be7e6f5,2012-11-12 13:29:57 +0000
fae8eb44-b6ce-4795-82f9-fc9a9058265a,2012-11-12 13:32:15 +0000
c746a78d-c490-44da-8ed5-7733fc8da353,2012-11-12 13:34:42 +0000
dfe3c6ad-238b-4330-924a-33000e5b0df0,2012-11-12 13:37:10 +0000
524fdeea-0b6e-404f-8ce8-2b3b7a853d66,2012-11-12 13:39:35 +0000
cd90ce57-4f15-464a-8b3b-d3ea24c04429,2012-11-12 13:41:29 +0000
5c29e774-0d4a-4d08-9200-4b051a9695b7,2012-11-12 13:43:49 +0000
e3a01f96-9331-4d57-b8fe-f0efe05e7b0e,2012-11-12 13:47:41 +0000
5e757ef5-434b-4a72-bef5-6227c01afab1,2012-11-12 13:54:30 +0000
0897872d-3f43-43b0-8d68-7f03d2440274,2012-11-12 13:58:53 +0000
5600e779-18df-493c-980e-e95b132a0bb5,2012-11-12 14:13:54 +0000
ab9a4afd-4e0f-4e76-8b9c-4c2afe955ac1,2012-11-12 14:15:32 +0000
bb74310b-0d52-49d8-bd38-72df8f868950,2012-11-12 15:01:32 +0000
efc4c66c-2876-49bc-b8fd-52ef1dfe211b,2012-11-12 15:43:55 +0000
e1239732-600c-486f-894b-e7fde07e5935,2012-11-12 15:48:49 +0000
f3139802-fa73-4275-90f1-92232198a52e,2012-11-12 15:51:26 +0000
d1461afd-ce85-40f9-bcae-4841ed9be1aa,2012-11-12 16:23:09 +0000
e6f0d3e8-33c5-4639-a093-19b76a8714a1,2012-11-12 16:39:49 +0000
143c2558-4495-477c-b433-7e357273fc48,2012-11-12 16:40:54 +0000
b511923a-f055-4c62-a138-6204e50d3efc,2012-11-12 16:48:12 +0000
0c9e53f3-e5fc-4a23-9095-4868ffb4537d,2012-11-12 16:49:31 +0000
1c5e8c3b-0918-4cf5-a252-a9a7245d8c5a,2012-11-12 16:50:41 +0000
4019c5c7-fba6-4b57-bf3e-3f6b01af1ae8,2012-11-12 16:53:41 +0000
b775fc36-4c81-4f4c-95b8-8bd13c07772c,2012-11-12 16:57:01 +0000
e7e47593-78d2-4f08-86bd-32a54bdbd766,2012-11-12 17:01:15 +0000
5a4e80a1-aaf8-40b1-bfda-9153bb79733e,2012-11-12 17:09:12 +0000
ed629212-17e1-44cd-b41a-52103cdaaea9,2012-11-12 17:15:36 +0000
1248e572-5f97-4c70-bba8-b8e2da8b45bf,2012-11-12 17:35:10 +0000
a8a3406a-d2bf-418d-b2d7-26f06c9747ee,2012-11-12 17:51:27 +0000
1d2551af-6a93-4666-8977-e82ed4a8a336,2012-11-12 17:57:40 +0000
8a252529-24b3-43a7-a1ef-de90f413000a,2012-11-12 18:02:00 +0000
63ba61da-3566-4f67-b960-a76a23c3898f,2012-11-12 18:03:50 +0000
04261dc0-e80f-482b-98e6-f0998394ec72,2012-11-12 18:05:07 +0000
c815749f-a60c-43c6-91b1-895aceba412f,2012-11-12 18:06:58 +0000
6752d15f-19e3-4235-afa0-96f191f18c54,2012-11-12 18:08:34 +0000
f46df4d8-dfa3-40a1-bd9a-6d6148ce43be,2012-11-12 18:10:36 +0000
3b5c4f57-19c0-4501-8818-f1da500e8495,2012-11-12 18:13:02 +0000
74c41a82-c057-4a8f-8cb5-3683cfc1e45c,2012-11-12 18:16:14 +0000
5aeea609-52dc-4cc6-ab47-c5936a3bcee5,2012-11-12 18:45:39 +0000
ece080aa-adc5-41fc-b2c9-4e10cd6ae265,2012-11-12 18:48:36 +0000
d0b8a90d-5be6-4f7b-80b0-00213fa50169,2012-11-12 18:56:58 +0000
debb39a6-cc57-442e-8673-65af9bd0e624,2012-11-12 23:28:15 +0000
b80fab8b-6ed4-426a-bb8d-f4b614437671,2012-11-12 23:30:44 +0000
18d0b663-f4ad-4ead-b6e0-4efab7454456,2012-11-12 23:35:21 +0000
d514dc11-5204-452e-9c43-1c040fdb6005,2012-11-12 23:36:40 +0000
de9cee94-b1c6-45b4-a371-dbead4a9b6a5,2012-11-12 23:38:22 +0000
6293a5cd-80b1-4d6d-8f8d-9fb58b37d81e,2012-11-12 23:39:50 +0000
78dfc32b-b1ef-44ca-924c-a2cf773e87ca,2012-11-12 23:42:23 +0000
63dfedcf-0b7a-4890-ab98-affa70b15738,2012-11-12 23:48:03 +0000
0698337c-7475-4578-9498-e1cbf2c2ff84,2012-11-12 23:51:19 +0000
ba3417fb-5a6e-4635-86f6-7ec051f1e328,2012-11-13 00:00:37 +0000
1400bcfb-c0f2-4e1c-b8fb-1135a2b83088,2012-11-13 00:02:49 +0000
9c66b9a3-1e6a-48e8-974d-2a5635f84679,2012-11-13 00:09:07 +0000
1ad98e10-6422-4202-9d39-e341787d527c,2012-11-13 18:03:33 +0000
c39fbb1f-d643-4087-b210-ddb88c45336b,2012-11-13 18:18:32 +0000
1343f283-19e9-4fbb-86b1-58c7549d874b,2012-11-13 19:27:16 +0000
f07b4bb8-8af6-42da-a161-3d90027e980c,2012-11-13 19:35:41 +0000
ce54091b-f918-40c7-8a94-2242571b3507,2012-11-13 19:45:56 +0000
4ecebcc6-8cb0-4906-bd84-8541fbc8f7b3,2012-11-13 19:48:27 +0000
3e40a8d5-a3fd-4b7a-9e60-7df3849a8e42,2012-11-13 19:56:16 +0000
d3cfb789-27b7-4f4e-82a0-a29c9ca0c363,2012-11-13 20:02:23 +0000
7dba9cc9-b522-460a-8f24-77f7be003a39,2012-11-14 10:06:49 +0000
740574ed-f753-4c56-9f2e-3176520d65a2,2012-11-14 21:55:21 +0000
a9a27d7f-c0d2-4a1b-9ad2-baf38f4dc1db,2012-11-15 06:15:37 +0000
5f8931ae-479b-473c-b6b8-967fed23d10a,2012-12-04 19:25:11 +0000
73833cda-22ca-4711-87f9-73a98814315d,2012-12-06 11:40:18 +0000
73068a99-7122-4cad-a876-35ca0b0778b4,2012-12-06 12:08:30 +0000
28441569-a901-4d7a-8b11-c0411ad008e2,2012-12-06 15:19:16 +0000
80a4898c-0540-4f6b-9ad5-17b67faf058e,2012-12-11 16:32:13 +0000
e43a338e-c266-45be-b8e8-5e17f9a7f7ce,2013-01-04 12:22:05 +0000
e54fd95b-b175-48f5-a406-bd36396f38a3,2013-01-04 12:45:35 +0000
9ada320d-b9c6-4a67-92c5-10a5aee9ba10,2013-01-25 18:15:43 +0000
4082456a-b07f-4a36-8fc1-f063b8921243,2013-01-28 13:58:03 +0000
354bc716-9654-4b5e-b24d-172588e24ca3,2013-01-29 10:47:41 +0000
3df55660-43a9-4494-8146-a0a492a975b6,2013-01-29 14:01:44 +0000
ec61fac5-95e9-46bb-8429-7129aab6d96d,2013-02-07 18:41:09 +0000
52b8ed10-ed3e-43a3-9bc6-4967c3867e16,2013-02-08 16:49:25 +0000
77311cfc-4947-4a94-8b96-5412b1a359ab,2013-02-08 16:59:34 +0000
64f4bc11-2a27-46a1-b246-b16c8243c91b,2013-02-08 17:05:00 +0000
e10280ca-1e4d-4819-af01-cf2950ff65b5,2013-02-08 17:19:25 +0000
5c5ce8b0-8a4a-44d4-a37c-9a5595025d14,2013-02-08 17:21:27 +0000
ceb78367-8aa4-494b-ab44-71bdaeff939f,2013-02-08 17:24:10 +0000
767f262c-9c80-44c2-9614-53d505ecc34b,2013-02-12 12:41:52 +0000
9f80fe62-b229-4517-9e32-f560b5c518ce,2013-02-12 18:22:52 +0000
83724558-8e63-4fd2-9fc3-8ba968174644,2013-02-12 21:21:45 +0000
c2082391-55b3-404c-90a2-2df73a43633a,2013-02-12 21:25:07 +0000
0f950b2a-0396-475b-896f-975bd811ad7c,2013-02-12 21:29:18 +0000
8e0d056a-96f7-4240-8ae5-7bd7aa7ce94c,2013-02-12 21:31:54 +0000
fb4c4650-17ee-428b-8961-0051b027baa9,2013-02-18 19:46:43 +0000
64642a32-f3f6-40ab-99ea-7abd5053081f,2013-02-22 12:57:00 +0000
aee6b528-c1f5-404c-bc69-d584e63e20a5,2013-03-06 18:40:25 +0000
b5bd9a64-4315-492e-9679-3e2f6799c769,2013-03-06 19:53:38 +0000
613ca78b-1269-4e0b-9a9f-2acbaa4c398a,2013-03-06 20:07:48 +0000
7fc0e673-49b7-4e95-9cfc-bed33f9b9b9e,2013-03-06 20:10:08 +0000
ab5cc717-daaa-4491-89ed-292433358ccc,2013-03-06 20:15:07 +0000
171abbf3-beca-46b9-a0c3-4b4ff1e8c8ed,2013-03-06 20:20:16 +0000
07cebb86-ead7-4b80-ac96-fbd68a8d8b6f,2013-03-06 20:29:03 +0000
928b7987-72a2-485f-bf70-7d7c1238bc0c,2013-03-06 20:34:13 +0000
0c9b6c77-7e98-4a39-98a2-8e56b201217c,2013-03-06 20:43:46 +0000
705dbea4-8bd7-422e-ba9c-254557f77f81,2013-03-12 14:15:18 +0000
75fcbd7a-e253-4498-bcf6-7e4c1ddf995f,2013-03-18 15:14:41 +0000
39a657d9-6482-4ee6-af90-cf9914ae2439,2013-03-21 10:39:04 +0000
3808b369-f1d6-44d3-a5b2-a7b7ac931106,2013-03-21 14:47:21 +0000
403b037a-5975-46d3-bb3b-02405ca964b8,2013-03-21 14:59:00 +0000
5a1467ef-2946-4d06-831d-8153d25d6ff4,2013-03-22 15:26:51 +0000
dad552a3-bb63-4825-a3ec-f06c4409bda4,2013-03-25 13:00:03 +0000
b48f2dab-c504-41b6-8c95-1da4cf97065f,2013-03-25 13:04:26 +0000
697bf058-5764-467c-8969-32102447953b,2013-04-12 14:27:32 +0100
e1cbab66-b0d3-4186-917c-afd4f3fb6967,2013-04-17 14:45:38 +0100
47ced70c-1c03-42d8-8ead-4e7270563864,2013-05-13 10:03:08 +0100
0d1ad2e2-b336-48af-965d-1f26ba51a6af,2013-05-29 15:19:07 +0100
dade1d0f-5a69-4b57-8798-f60c1a75e706,2013-05-29 15:30:10 +0100
830a6924-20ee-4390-9d8b-409632dae5ba,2013-05-29 15:36:37 +0100
8dc110c3-4b94-4dd0-b5c6-217a6102a298,2013-06-06 12:50:04 +0100
ae20564a-68e3-4da9-a331-a2df8060e2e2,2013-06-19 11:23:44 +0100
957eb4ec-089b-4f71-ba2a-dc69ac8919ea,2013-06-19 14:04:05 +0100
c39170d6-85de-408e-87cf-37d0005bb791,2013-06-21 15:23:40 +0100
e0f81015-d2a5-4f08-be6e-c68aa8f9f43f,2013-06-24 10:58:29 +0100
518ea730-81db-4d3b-8080-50cd6e0784cd,2013-07-10 10:58:36 +0100
04148522-b0c1-4137-b687-5f3c3bdd561a,2013-08-05 11:45:07 +0100
37c13dbd-1662-4c14-8a09-d4f921851e00,2013-08-29 10:17:19 +0100
6ba90ae6-972d-4d48-ad66-693bbb31496d,2013-09-12 10:52:26 +0100
183520bb-7f82-487d-91d4-bb079cc259a2,2013-09-13 11:56:06 +0100
4623aadb-f96e-4bfb-b6fb-007dab3c5185,2013-09-16 16:59:04 +0100
036eacbb-80b5-471d-8793-293b7cdc68e2,2013-09-17 10:02:27 +0100
e3a2fb8d-6b69-4bce-9c51-38e8e2d128c9,2013-09-24 15:15:22 +0100
c9109663-0128-4db4-b513-a9cdfb691034,2013-10-21 12:58:26 +0100
33f69a27-4bee-4f4a-bd3c-7ec62562be74,2013-10-30 17:16:43 +0000
83579fe6-c696-4bea-9eab-f33fedd4d277,2013-11-05 16:22:24 +0000
0a4fbc59-b9c3-47e6-8092-4bdf4e4d16db,2013-11-20 15:44:36 +0000
bb371e6d-6c48-495a-bc64-494856345e99,2013-11-27 16:56:05 +0000
d39237a5-678b-4bb5-a372-eb2cb036933d,2013-11-28 09:56:13 +0000
7b38b48c-aad8-48f6-8bfa-1c48e07ef483,2013-12-06 10:20:56 +0000
e952f0a0-e912-4d71-b127-1b116339265c,2013-12-12 16:56:44 +0000
b02a8db0-6bbb-4010-9584-1a6623dc7012,2014-01-05 19:57:36 +0000
c175500c-c1f1-46e3-9e4d-02ef02202264,2014-01-05 20:03:21 +0000
53a94971-b4db-48e4-b2c8-2e452f0f090d,2014-01-05 20:07:23 +0000
b61e9dd6-8797-4179-830d-7ef98dd00d55,2014-01-05 20:10:47 +0000
7c75bfa9-f13b-4d1e-b083-1fb75d5f7a76,2014-01-05 20:15:18 +0000
4e66f90b-17fe-4d83-83f8-92f42f3071ab,2014-01-05 20:19:31 +0000
98fe93e5-1c17-49cb-97bd-01bdc822f9db,2014-01-10 18:43:31 +0000
546e6646-80df-433a-ad10-6dea80ebd8ca,2014-01-15 12:00:03 +0000
deaee9ef-4979-45b9-afc6-6cdb56abd2e3,2014-01-16 15:44:41 +0000
13670958-b893-46a7-8044-af0d6a873e7e,2014-01-27 14:33:03 +0000
77c1621f-a392-4393-9d8c-9969cd98c1e7,2014-01-27 14:33:07 +0000
e2768146-3fe2-4a81-b1b5-9c931deca22b,2014-01-27 14:33:09 +0000
b2590ca4-2e95-48a5-96bf-88e0548920f7,2014-01-27 14:33:11 +0000
fc490b59-de8a-4fa8-b5cc-4d9de65b329b,2014-01-27 14:33:13 +0000
e7c374b2-35c8-4b7d-a6d5-7f2e9f8f3556,2014-01-27 14:33:26 +0000
3b2ac159-ff1e-44d1-b692-eb9bc537be9c,2014-01-27 14:33:31 +0000
53e57623-3d6f-47c2-a839-a59a9981aba9,2014-01-27 14:33:32 +0000
6cc81e25-a8a7-41ff-b328-5441ca39d57d,2014-01-27 14:33:36 +0000
6b012ebf-20c4-4125-929f-8867ad2a2b4e,2014-01-27 14:33:37 +0000
7a3419a5-6454-4841-a48e-d14b27cd6bf9,2014-01-27 14:33:38 +0000
621d5440-c479-4874-8fe1-9da4d99c0d56,2014-01-27 14:33:40 +0000
982f64d9-33ab-4263-a5aa-102c778cd77c,2014-01-27 14:33:43 +0000
dfa0264d-870c-49b4-91c9-d19b1ab8dbe0,2014-01-27 14:33:52 +0000
be3caae9-863f-4372-afa4-19820fb06ee5,2014-01-27 14:33:56 +0000
4d3a7139-fdf1-4f0a-8d39-ffca7c6f1335,2014-01-27 14:33:58 +0000
4c5f5a7b-c27d-4e73-9451-c955dd86face,2014-01-27 14:34:03 +0000
e39a9b23-be55-43e1-a000-98d495808c61,2014-01-27 14:34:19 +0000
a8b0dc0b-d13c-4c39-8d6d-454b74cb3e9f,2014-01-27 14:34:24 +0000
d6e01278-c1e5-4e96-a553-5e3a6bebf236,2014-01-27 14:34:26 +0000
985addde-0b12-4921-b674-9625a390aefe,2014-01-27 14:34:39 +0000
85349141-6d3e-4296-b17c-d9cc73356855,2014-01-27 14:34:48 +0000
349a1dec-3a77-42a1-b5a4-056f733b70af,2014-01-27 14:35:10 +0000
04b788e1-8d6a-412e-a15a-1c1390328e47,2014-01-27 14:35:40 +0000
aaebe7e8-f73a-4f53-a20d-1a1caca4e289,2014-01-27 14:35:51 +0000
3d326d8d-369c-453d-ab8d-32fdfebb299c,2014-01-27 14:35:53 +0000
a3773e86-b0b1-4c96-b1f4-5fff487cca39,2014-01-27 14:36:01 +0000
beeae01e-d8c1-4d6c-af84-bb7b62ee5808,2014-01-27 14:36:02 +0000
7d938082-dd73-4f8c-bd7e-01b237cfaf56,2014-01-27 14:36:22 +0000
384c5237-c897-46f8-8699-27a084cc35d0,2014-01-27 14:36:35 +0000
b5acf936-fd43-4f8b-aad1-70797793e6a1,2014-01-27 14:36:47 +0000
9ee25ea4-7984-4584-a33b-98e469c321b1,2014-01-27 14:37:14 +0000
692a3012-ddc7-4859-a270-74962ac62ef0,2014-01-27 14:39:04 +0000
598b5cb5-83fc-4446-9445-ff5db968f4e5,2014-01-27 14:40:29 +0000
2e7825a0-6205-42a9-a77e-24001a53c974,2014-01-27 14:40:32 +0000
25678866-86c3-430e-aef0-6a40ea41d22a,2014-01-27 14:40:38 +0000
e1f85de1-010e-4961-98d7-6bad785d6724,2014-01-27 14:40:40 +0000
d879a016-2e79-41a9-b89f-e6f302721e97,2014-01-27 14:40:45 +0000
e9492f8f-5721-4489-86c7-809617724565,2014-01-27 14:40:49 +0000
8b2f6030-0b5e-4614-9649-094808d0982a,2014-01-27 14:40:52 +0000
af13245b-3cf0-4d82-b51e-b519b850bef2,2014-01-27 14:40:54 +0000
8d13f031-9806-4ce0-a8f5-752f4c5223da,2014-01-27 14:40:56 +0000
7caf5447-3f0a-427d-9a8c-b9db4eba593e,2014-01-27 14:40:59 +0000
9140b9eb-3b35-4618-a7ee-b56a22648751,2014-01-27 14:41:00 +0000
80f207d0-47ac-4b41-8d92-d47a5ef7ef2b,2014-01-27 14:41:01 +0000
3f43ee0c-1989-4d2b-87db-773cec90fb0b,2014-01-27 14:41:04 +0000
ef7ff4ec-2d2b-4db4-b125-fe409ef93256,2014-01-27 14:41:06 +0000
7491e7f6-30e2-41e3-be5e-9551266bd938,2014-01-27 14:41:07 +0000
86f2b699-88de-468f-bb37-97e4147a2d0f,2014-01-27 14:41:08 +0000
43d3710a-ffa5-44ac-81dc-dc52fa7e3b32,2014-01-27 14:41:10 +0000
3db907c7-3670-4607-9d6b-29f37769225b,2014-01-27 14:41:12 +0000
3d8854c6-3284-4bcc-a758-390b2e8c362b,2014-01-27 14:41:14 +0000
db4dea60-5bde-4546-b8ce-886fdfb7f30a,2014-01-27 14:41:16 +0000
cd9291d8-a04e-4afb-b680-528b8f917f47,2014-01-27 14:41:18 +0000
d135c610-7d94-4e0c-ada9-295232bc6030,2014-01-27 14:41:19 +0000
9512962f-16a5-4962-9760-15653a66105a,2014-01-27 14:41:21 +0000
4d028d6d-bd73-42a3-99ed-7060250c4a4c,2014-01-27 14:41:23 +0000
ab0829ad-485b-41f8-b7f6-013a1f8a37da,2014-01-27 14:41:26 +0000
9d5e9caf-1a1f-4911-9209-8fd084fd683c,2014-01-27 14:41:28 +0000
5c276d43-8451-4a32-8395-9f7a67f16653,2014-01-27 14:41:29 +0000
936366b7-727c-4b11-95db-299f4bfcf880,2014-01-27 14:41:30 +0000
67afa984-be4d-4ac4-b557-d65271d0318b,2014-01-27 14:41:32 +0000
d35b09ca-b14a-4938-81eb-80ab0fe0b03f,2014-01-27 14:41:33 +0000
f4ef8906-47c6-45df-9330-7ecb8ffb66c5,2014-01-27 14:41:34 +0000
4da86e25-94ff-4f5b-982f-8503e33aa697,2014-01-27 14:41:36 +0000
faa9e8d2-d5b8-4a09-875c-4617d481c32f,2014-01-27 14:41:38 +0000
bc9a5403-9ee4-40a4-8d14-cc7a24202d68,2014-01-27 14:41:39 +0000
4eed1a78-2d66-4cf8-ac22-61542a1cfa48,2014-01-27 14:41:41 +0000
58db0eb8-a8c0-444f-9c16-d190bc244927,2014-01-27 14:41:44 +0000
faa18472-6314-4de0-9dda-e2bac337bf13,2014-01-27 14:41:45 +0000
307e6294-ba89-4fbf-b108-cadcf296a319,2014-01-27 14:41:47 +0000
1e995f58-e8eb-4f14-ae86-79a626b77a09,2014-01-27 14:41:49 +0000
da5025ed-e79b-471e-8f39-0e6e56ced940,2014-01-27 14:41:51 +0000
545923a7-fff7-479c-a1b7-007417c6fb78,2014-01-27 14:41:52 +0000
b69832fc-1478-4115-a7be-4eae4e40ffb5,2014-01-27 14:41:55 +0000
e4d1562e-e241-4eea-973d-09b6d4792c44,2014-01-27 14:41:57 +0000
bc65baaa-3ff2-4b56-ba19-8e31581bc58b,2014-01-27 14:41:58 +0000
4614d4f6-757b-416f-bcb3-3ccf6141c2ce,2014-01-27 14:42:00 +0000
7c336df2-13c0-41e2-ade8-49b8ef8a2ec7,2014-01-27 14:42:02 +0000
3ee89e9f-d3b6-46c3-a7c2-e6312c25d90d,2014-01-27 14:42:04 +0000
9ef005a5-0200-4fc5-beb9-15ce0ae756fb,2014-01-27 14:42:06 +0000
f560236b-8bf4-4781-bc8d-fc0fcd16ea55,2014-01-27 14:42:08 +0000
3c17c060-32f9-46e4-89ed-a40a0c6c199c,2014-01-27 14:42:10 +0000
aefc08ea-0c91-46b9-99ce-068985fcae43,2014-01-27 14:42:12 +0000
2363aad4-77ba-44de-92b5-f7cc58c4dcd7,2014-01-27 14:42:14 +0000
9b19bc0a-bf27-48da-abaa-085c2d25447f,2014-01-27 14:42:17 +0000
a5a23248-887d-4ab1-acd2-c2cc62129212,2014-01-27 14:42:19 +0000
355e1321-96c5-4c56-8249-4a22dff4497a,2014-01-27 14:42:21 +0000
b9b9e74f-68e0-4ccf-9897-f74e5468dd29,2014-01-27 14:42:22 +0000
e10895ce-fcef-4ff6-8558-174611c4c16c,2014-01-27 14:42:25 +0000
83bc07ac-70eb-40b9-a7ce-cc06d45b27b1,2014-01-27 14:42:27 +0000
4ad0dcd6-db83-44d8-bc81-5fb6800e63f5,2014-01-27 14:42:31 +0000
bc637040-f8fd-4050-b738-2bfa38166ff8,2014-01-27 14:42:33 +0000
f7da6759-1e84-4100-ae38-3692150275fc,2014-01-27 14:42:35 +0000
6e43fa29-d97b-404e-8a5b-ffbe22e130a4,2014-01-27 14:42:37 +0000
6980ea0a-9dcd-4f4a-b4d5-7632115f5693,2014-01-27 14:42:39 +0000
586dc0f3-6c77-48d7-9f2f-d2a59ce5ac25,2014-01-27 14:42:41 +0000
fdf8e2b1-ad22-4c23-8b0a-74b47042a351,2014-01-27 14:42:43 +0000
c325c3fe-1adb-41ba-af73-4f385e074362,2014-01-27 14:42:45 +0000
d6d77d76-fc3b-428c-a043-6b1002fed4a4,2014-01-27 14:42:48 +0000
5bc73fec-5726-4354-bad4-13a6ba1ca4a3,2014-01-27 14:42:50 +0000
2f32c618-f818-4226-a832-cd4c4ccb65e9,2014-01-27 14:42:52 +0000
2c00fe8c-7602-41e9-a0d6-61738b4e672f,2014-01-27 14:42:54 +0000
7c963d08-3759-4d61-a329-5bd9b156e288,2014-01-27 14:42:56 +0000
d2abba6e-47e4-4625-aca1-c47ec5c753e6,2014-01-27 14:42:58 +0000
a0540be1-ffa1-40a7-ae02-df05668c9d1f,2014-01-27 14:43:00 +0000
01046836-de95-43aa-9b36-941e705bcdf4,2014-01-27 14:43:02 +0000
a4c7bc66-b96b-4a07-ba53-06837193f57c,2014-01-27 14:43:07 +0000
93a0b041-ecb9-45d2-9135-37aee4b79573,2014-01-27 14:43:08 +0000
852de5c7-b3ac-4d3d-90da-dbbed6a488a8,2014-01-27 14:43:10 +0000
51ec3fba-90af-4098-889a-1d1384447aa5,2014-01-27 14:43:12 +0000
5c630f25-4ecb-4643-b89e-1d57193ef076,2014-01-27 14:43:14 +0000
089cf76a-2f39-4bf9-b62e-dfee0595665d,2014-01-27 14:43:16 +0000
4c97e73a-c528-4862-86c1-1386f5746a64,2014-01-27 14:43:17 +0000
a2e2cb66-35f0-4ee9-8f16-7da6ed086ff4,2014-01-27 14:43:19 +0000
2fd2336c-cdcc-41b1-9aa0-f713b85a7893,2014-01-27 14:43:20 +0000
18f8c51f-8bad-4282-acc2-24e8508f2472,2014-01-27 14:43:22 +0000
0f6e1b66-06ac-44ec-a100-b55a5d859a52,2014-01-27 14:43:24 +0000
ee89d3f8-8fc0-4c4f-81de-d4ec792c171c,2014-01-27 14:43:27 +0000
e42e3a37-5eb7-45c7-8f89-5d7aa8b7da57,2014-01-27 14:43:27 +0000
d0b84cf6-8da8-46e4-9ab1-afe5bb8b85ce,2014-01-27 14:43:29 +0000
05602b94-5720-474e-b889-4cb62151f7f9,2014-01-27 14:43:31 +0000
4c71fdca-6d89-4c9f-b942-11b1060187f4,2014-01-27 14:43:35 +0000
240957b8-ee02-4e4a-b8dc-9f2ada4b0a13,2014-01-27 14:43:36 +0000
6e17b7c2-43a9-4e1e-abc4-51d9a935b399,2014-01-27 14:43:38 +0000
6ccd7811-868d-4a06-b9d5-2a2e87c3f521,2014-01-27 14:43:40 +0000
f2fc3c7f-d683-4821-af3f-8abca169dd4e,2014-01-27 14:43:42 +0000
c1ab34f5-a79b-4cea-a90a-932a105839c7,2014-01-27 14:43:44 +0000
7a1ffb4f-1311-43e1-a728-bf1a6be9eed9,2014-01-27 14:43:46 +0000
f0c910cf-8d29-4ee0-baba-acab93746fad,2014-01-27 14:43:48 +0000
d64a0959-bedf-4c6d-8e94-d607cc56ab5b,2014-01-27 14:43:50 +0000
56158471-a377-4cf3-b001-f26e31f5ad46,2014-01-27 14:43:53 +0000
afaed224-8319-43c3-836a-0308b89081ca,2014-01-27 14:43:55 +0000
9fb83648-923f-4e3c-a7fa-21333176a23d,2014-01-27 14:43:57 +0000
2a8dd651-85ee-4976-a6ed-2fc63d588276,2014-01-27 14:43:59 +0000
9265bc80-2a66-4c8b-911e-345ed7c3374d,2014-01-27 14:44:02 +0000
b36cbdf2-78de-4a7c-9f18-c43c1a7d4b98,2014-01-27 14:44:06 +0000
aee7b74e-9549-4d17-9158-de41faf63f91,2014-01-27 14:44:09 +0000
8682b57b-258a-407b-9739-a26c009e15f4,2014-01-27 14:44:11 +0000
011237f2-fd9e-46e2-9b04-f662a6657e0b,2014-01-27 14:44:14 +0000
617996e1-ae36-4d19-b86c-fd9bfd4d04db,2014-01-27 14:44:16 +0000
d41499ad-8e05-4f82-98ef-10974c26e23b,2014-01-27 14:44:17 +0000
55d8e65d-dd03-4074-a3b1-87112a1d5f0d,2014-01-27 14:44:19 +0000
dc753fcc-d1aa-4ab8-af3b-f3b949395076,2014-01-27 14:44:22 +0000
679e5414-b029-4efe-b331-51283c790996,2014-01-27 14:44:24 +0000
0aa9d433-8738-4235-8810-8db5ff0a5449,2014-01-27 14:44:26 +0000
b6849b69-fcd0-4ab0-83ea-dcb9d4e861ce,2014-01-27 14:44:27 +0000
88cc903e-e91f-48ef-b331-b90bb9d9e077,2014-01-27 14:44:29 +0000
327b500d-68ef-402f-bd54-511566fca106,2014-01-27 14:44:32 +0000
9bead7b0-d390-42b1-89a3-10d351a598ba,2014-01-27 14:44:37 +0000
bc99f386-187f-46a9-b00d-1932dea2cfaa,2014-01-27 14:44:39 +0000
6097d6d4-e487-4c94-854d-3442a70965ce,2014-01-27 14:44:42 +0000
3638384a-ae3c-4849-990f-2da23df96833,2014-01-27 14:44:45 +0000
afe7708a-3e61-4561-b477-cec94ad4f22b,2014-01-27 14:44:46 +0000
1ac90743-ac7e-4fdf-ba46-8f5871dc487e,2014-01-27 14:44:48 +0000
1ab57373-3fce-4362-a355-38bb656b4c57,2014-01-27 14:44:51 +0000
aae41bb9-9af6-40cc-8cfe-eab6f62ad2c3,2014-01-27 14:44:53 +0000
837190b4-3740-47ee-86cf-0d5a4bdd0ad9,2014-01-27 14:44:56 +0000
41684df9-c665-4e39-9818-1aa3a4c1bc74,2014-01-27 14:44:58 +0000
11e064e0-5079-4216-b693-c10b8167c620,2014-01-27 14:45:01 +0000
d93a1600-83ea-4c2e-9797-2f550562ab76,2014-01-27 14:45:02 +0000
eb2ebc56-f79a-4091-920b-79227ad69220,2014-01-27 14:45:07 +0000
cb45c9f9-ec76-4e18-bca2-14bec0652499,2014-01-27 14:45:09 +0000
e5b2ad1c-84bf-4bd2-a11b-eb91c8b0061e,2014-01-27 14:45:11 +0000
3954fe6f-a217-4a19-ac99-a1140338ddf4,2014-01-27 14:45:13 +0000
90666672-d019-481e-92bb-91ef77550fac,2014-01-27 14:45:15 +0000
3226eb4b-d061-480f-a25c-3c05b3ecd606,2014-01-27 14:45:17 +0000
4a09cb12-18f8-4059-99a9-761c8abd2740,2014-01-27 14:45:19 +0000
4610eb31-1c47-472f-a007-d6ade4d29917,2014-01-27 14:45:22 +0000
a8ee6f64-6439-4143-a7b8-63572ae5efcd,2014-01-27 14:45:25 +0000
eae2b59a-8d99-4650-b24e-8d74d1f4ced5,2014-01-27 14:45:27 +0000
fa8e45e6-6409-49c7-b453-6dc724246b79,2014-01-27 14:45:30 +0000
2be6656a-dee6-45c0-9ab5-a7de279ab6bb,2014-01-27 14:45:32 +0000
6522b540-b409-440a-b223-605770721e4f,2014-01-27 14:45:36 +0000
70d514e3-b663-4990-a33d-84e4bc4b5f0d,2014-01-27 14:45:38 +0000
84f91d00-164b-4701-a583-3dd5cb5b020d,2014-01-27 14:45:42 +0000
95e27489-49a5-4fe2-ac10-ad0d1a59ea84,2014-01-27 14:45:44 +0000
7b843c46-78a1-4b14-a45b-be59957ca5f5,2014-01-27 14:45:45 +0000
9b81880a-bffa-4e87-928a-c8efefd67f85,2014-01-27 14:45:50 +0000
fe84149d-7ab5-4755-9833-713b6cfb6534,2014-01-27 14:45:52 +0000
e83a4924-721f-491a-b166-6c57e435ed5a,2014-01-27 14:45:54 +0000
4efb5379-6d41-4ebc-8480-810f790a19db,2014-01-27 14:45:56 +0000
0f09fd10-efce-4e3f-acc8-ed271c5e7234,2014-01-27 14:46:01 +0000
74c14487-ef9f-449f-ba8d-a3aad4f1f0b1,2014-01-27 14:46:03 +0000
6612c691-27b5-433f-a866-c1d38d27b238,2014-01-27 14:46:08 +0000
8ed0e3f8-1be4-4d78-9fb6-5a3fb945b8c1,2014-01-27 14:46:11 +0000
ac6b48dd-e681-4d86-9af6-1aebdc1e6b1c,2014-01-27 14:46:15 +0000
f4a33b79-6f19-495a-8db9-f7e25f3ae788,2014-01-27 14:46:19 +0000
17820e1b-372f-4c66-acde-c867a74041cf,2014-01-27 14:46:23 +0000
39fc26ad-1ad6-48b8-86a2-bcb28607ee52,2014-01-27 14:46:26 +0000
801c815e-bb05-4f49-88e8-2d3fa0c3a250,2014-01-27 14:46:28 +0000
e876e932-987b-43cf-8374-811c8b1cd93c,2014-01-27 14:46:31 +0000
7c58aa87-45fb-4e29-9639-3a203f20bc0c,2014-01-27 14:46:33 +0000
e754ea27-78b5-41c0-bcc3-fb58e4d4c95a,2014-01-27 14:46:35 +0000
25a6f77f-cb29-4cb9-8623-69ee220b50a1,2014-01-27 14:46:38 +0000
20eaee92-9c57-44dd-8c7c-8f19dd829e82,2014-01-27 14:46:41 +0000
ec076665-ef99-4843-8ca0-bf7043fcb668,2014-01-27 14:46:45 +0000
5f4b60b7-7bec-4243-aa70-e2118366c819,2014-01-27 14:46:47 +0000
807e455b-0ae4-421a-8f38-8393f6fec5e9,2014-01-27 14:46:49 +0000
3e94999c-9099-4d53-b76a-ab5b6c7c9fba,2014-01-27 14:46:51 +0000
c4bfb706-5d5a-40f7-ac16-7643159f4fd9,2014-01-27 14:46:53 +0000
676ba870-134a-48a3-80fd-150fc824398e,2014-01-27 14:46:57 +0000
e3b07496-d133-4a87-abcc-9e2f45d570e4,2014-01-27 14:46:58 +0000
ccf63549-6a6c-4b2c-96c7-2be1ef3e2933,2014-01-27 14:47:00 +0000
c4cb3de2-9a8b-48e3-96aa-02d5ab1ddfd5,2014-01-27 14:47:02 +0000
8c018708-5e4f-46b8-a3c4-46432690a081,2014-01-27 14:47:04 +0000
a876dbc5-bb55-4ede-8992-4531b34e3f21,2014-01-27 14:47:07 +0000
ee36adac-5b8d-405d-b100-60140f8e5da3,2014-01-27 14:47:09 +0000
c676608c-6bdb-473d-ad6e-d5ae7d43317e,2014-01-27 14:47:11 +0000
1457d850-d8b5-42ec-bad9-8f3df224e96a,2014-01-27 14:47:14 +0000
a6ebf3dc-743a-4194-8a6b-1df2a5c9c793,2014-01-27 14:47:17 +0000
2ba2430a-ca4d-4064-b35c-d78cb02041dc,2014-01-27 14:47:19 +0000
e1248bcb-ed91-4672-a50b-b001c62027fc,2014-01-27 14:47:21 +0000
a3ec3eba-80a8-4eda-89fa-9be41b50eca7,2014-01-27 14:47:24 +0000
83238085-05c4-456c-829e-d491b6a402ae,2014-01-27 14:47:26 +0000
bc99b38b-fc87-4c9a-8b58-7344d95cb20e,2014-01-27 14:47:29 +0000
4562eced-3c84-4798-a732-cf9acea6c6ad,2014-01-27 14:47:32 +0000
a586cca4-1ece-4c06-9d57-9280143ae8d9,2014-01-27 14:47:36 +0000
541bcf23-24c3-4474-9f45-6053867c798a,2014-01-27 14:47:37 +0000
cfd3a2d7-7fd7-48ab-8f2f-aca4df165b99,2014-01-27 14:47:43 +0000
1e55b3a6-fbc7-44d0-961d-384403d3e6da,2014-01-27 14:47:48 +0000
65b0865a-ca9f-4b13-b47f-0b9ae2c22efb,2014-01-27 14:47:51 +0000
aea62ec3-9c64-4510-a555-c5646ef15545,2014-01-27 14:47:54 +0000
abfd6aa9-a3cb-4d5b-a0ca-2ff7ab15e3fd,2014-01-27 14:47:57 +0000
7efa928e-ab53-4a9e-9eee-afbf8188a9f4,2014-01-27 14:47:59 +0000
5d8bf769-0cc6-443c-8daf-327fd0bd6f69,2014-01-27 14:48:00 +0000
2927c807-87ee-4fc8-b36a-24fdab3c0c9f,2014-01-27 14:48:03 +0000
d7504d7f-1d2b-4c65-a7f6-f1fb4d219544,2014-01-27 14:48:05 +0000
83b49f2e-e06d-41ac-96ce-c6c193cb3a59,2014-01-27 14:48:08 +0000
ce0fc94f-bfed-49fa-bbd0-167f3ca2be07,2014-01-27 14:48:11 +0000
b6ed42c6-fe6d-42c7-bdbc-b004c5e7aa5b,2014-01-27 14:48:14 +0000
df373e59-363d-4ddf-b3c3-66d0f4c4dce7,2014-01-27 14:48:17 +0000
5d27b5cf-495d-431a-9177-447600e56d39,2014-01-27 14:48:20 +0000
e7aa48d8-a13d-4802-a2f5-e886dd1dc364,2014-01-27 14:48:22 +0000
98135dd3-e889-45a9-8490-7ba60b19d1bb,2014-01-27 14:48:25 +0000
74620853-9cf9-4747-bd48-d2514c52d2c3,2014-01-27 14:48:30 +0000
7f768653-eda0-406f-8182-1a775f063fa3,2014-01-27 14:48:32 +0000
41da6a79-7294-4ca6-90ed-eb5418a46864,2014-01-27 14:48:37 +0000
5208aede-165d-494e-b0fc-675bb2351d9b,2014-01-27 14:48:40 +0000
ac0fbc89-92dc-43be-a077-557e8e3edaa4,2014-01-27 14:48:41 +0000
d91fccaa-fc62-473d-b61d-2ea14ad55eca,2014-01-27 14:48:44 +0000
a1f5f9ce-e54d-460c-8877-72c6e11f3333,2014-01-27 14:48:49 +0000
ccd43855-5e9f-4091-947e-052265bb4b36,2014-01-27 14:48:57 +0000
247510d7-ac6e-4b62-8009-230875a77fb8,2014-01-27 14:48:59 +0000
b0ced774-bb6d-4958-81bf-d0c37933440c,2014-01-27 14:49:04 +0000
a75cb951-e078-4341-9d73-32371a981e18,2014-01-27 14:49:10 +0000
0f801280-dd7c-49ee-b668-607694782a6d,2014-01-27 14:49:13 +0000
d7e497ac-f566-4a30-b0a2-29903311a1a6,2014-01-27 14:49:14 +0000
a3ce371f-a916-47da-8dd8-e030ed7daceb,2014-01-27 14:49:17 +0000
2e008fab-907c-4387-99c1-17bbfc8ab0d9,2014-01-27 14:49:21 +0000
653b1e3c-ad9d-4431-9f77-f74edf745ff3,2014-01-27 14:49:24 +0000
31980c3b-1f83-4d18-9daa-deb12483e094,2014-01-27 14:49:27 +0000
e71732b9-0661-4e27-a2a5-cda85d43991d,2014-01-27 14:49:32 +0000
a02b964d-b97b-4077-b5af-cf40c7af86e0,2014-01-27 14:49:34 +0000
1d9954cb-fe3d-46ca-917e-9d5c92588aaa,2014-01-27 14:49:37 +0000
9f9294bb-b09b-43fa-8e36-9c54bf88e01a,2014-01-27 14:49:39 +0000
f4de645e-17ed-4a91-930f-4b2c1f1d4ef6,2014-01-27 14:49:41 +0000
db54238a-5c8f-441c-b742-339a65603df6,2014-01-27 14:49:48 +0000
ec748f6d-62d4-4667-a5b9-fe0f4b91d475,2014-01-27 14:49:53 +0000
38ae3d07-3756-497c-abd9-450128b14be9,2014-01-27 14:49:57 +0000
c726d3f1-c729-44a5-8909-2845df7eaf46,2014-01-27 14:50:01 +0000
6698bbce-2928-44c3-9968-9542e6a26b28,2014-01-27 14:50:05 +0000
5bf80445-de9f-44c2-bdef-2a03dd19f3d0,2014-01-27 14:50:12 +0000
2afd1cdf-b98c-49c4-bd54-8ad50f9ce9c5,2014-01-27 14:50:15 +0000
28c60001-e96d-428d-9904-224ca89cd25f,2014-01-27 14:50:20 +0000
31166f83-eac8-4a3d-a9f9-0a70ace42027,2014-01-27 14:50:23 +0000
64e68d82-849d-4058-978f-48ccb786b5e2,2014-01-27 14:50:26 +0000
8d1effc1-3608-4611-8abe-ee8bdc7c5c29,2014-01-27 14:50:29 +0000
c0a1a56f-a396-4f08-8fc0-238169386f72,2014-01-27 14:50:35 +0000
ff6a33c0-4c47-4bb3-b9b8-5b05aab2da86,2014-01-27 14:50:37 +0000
8aa91887-0e8d-4869-a38a-3c36e5aa14e6,2014-01-27 14:50:42 +0000
4671ed2d-30d1-4e92-b18a-79c283de7c1a,2014-01-27 14:50:47 +0000
0cd6c1a8-55af-4f92-9bb1-1b2fbdb80ae9,2014-01-27 14:50:52 +0000
fb9ed1fd-c7aa-4964-91b5-d27522fd09da,2014-01-27 14:51:00 +0000
e2d3a417-dc63-41df-a8d6-46f6534c2d3c,2014-01-27 14:51:02 +0000
3f4622d2-15a1-4d57-b294-8a6d986e92fa,2014-01-27 14:51:07 +0000
74268fc7-b56b-4414-8be1-48e8c1ba9023,2014-01-27 14:51:14 +0000
c4b9bcd9-c3a7-4c3f-9314-e88b88b2c591,2014-01-27 14:51:17 +0000
85d57316-5ddb-4e87-84a6-24d3b8558369,2014-01-27 14:51:22 +0000
cd4dc45e-5a7a-42b3-8a8a-1f484828d2d6,2014-01-27 14:51:26 +0000
0e60e3df-3559-432b-a1d9-945828237923,2014-01-27 14:51:30 +0000
0e3949bd-5aab-4991-89db-19f05d761015,2014-01-27 14:51:37 +0000
206a60c2-e483-416e-9ea1-4c63b1f9e9ab,2014-01-27 14:51:43 +0000
36577bd0-e6a8-4c8b-a503-d4fae7cf6982,2014-01-27 14:51:49 +0000
f0b703f8-0a85-496d-94c1-5ef1af243d3e,2014-01-27 14:51:52 +0000
067f99ed-0346-4593-9e2b-4d62198c7cde,2014-01-27 14:51:54 +0000
17021d0a-2a28-4be4-a86b-f73a91e14310,2014-01-27 14:52:03 +0000
536580c7-9450-4192-be08-09a20445cb59,2014-01-27 14:52:11 +0000
fb4856f9-9652-454f-ab80-30728f3712d1,2014-01-27 14:52:27 +0000
831ae79e-d6dc-48cf-a1d0-f618f37bbc46,2014-01-27 14:52:30 +0000
44365ea1-29fc-414a-9fea-3aaed1926cd7,2014-01-27 14:52:32 +0000
b46b40e6-55d3-4c4d-b67e-227066911f95,2014-01-27 14:52:38 +0000
09e98314-e833-4850-bf54-70f9a1a0e478,2014-01-27 14:52:50 +0000
8a1e3362-108f-446d-a7f6-c6a39e392a13,2014-01-27 14:52:57 +0000
a835481c-20bf-430a-a76d-3568136142cd,2014-01-27 14:53:15 +0000
61f289e3-da7d-4ef0-b3e5-d474d88eb69b,2014-01-27 14:53:33 +0000
99ff113e-3307-42d4-bf49-b333d17e4267,2014-01-27 14:54:06 +0000
ab7f7e57-b064-49fb-b499-3fbde6dd9ddb,2014-01-27 14:54:27 +0000
52ac6a61-8657-4093-928d-afe545ad5cbb,2014-01-27 14:54:41 +0000
772330ce-cca9-41b1-94ba-6f7c2225fc6f,2014-01-27 14:54:45 +0000
2028703a-76ab-4214-b5b3-1b601e084cb8,2014-01-27 14:54:58 +0000
a2f70375-d8b7-4a26-9740-67858393a136,2014-01-27 14:55:12 +0000
739e4f6a-7a2c-4e0b-b397-40d8134dd263,2014-01-27 14:55:15 +0000
02eeab27-868c-4e3f-ad8f-4c8237571bf1,2014-01-27 14:55:33 +0000
5786e05f-5517-4a47-a941-890909cd27b8,2014-01-27 14:55:57 +0000
57a6cd8e-9a57-49d6-bfaf-13e049c1191b,2014-01-27 14:56:00 +0000
78d2fb32-adfe-4edb-bd01-5a914ff65357,2014-01-27 14:56:08 +0000
532c8374-f11e-41dc-9b0d-269290b62547,2014-01-27 14:56:26 +0000
47fdb8e3-cf2e-4fb2-996d-801fffc3c1ec,2014-01-27 14:56:32 +0000
59800d10-aa8c-4f89-a820-fe063a2b724d,2014-01-27 14:56:39 +0000
1e27fae9-c5a5-4e90-b3a5-bb4ee83a4653,2014-01-27 14:56:45 +0000
7d8daca1-9d59-4355-b338-58f435a4ff1c,2014-01-27 14:56:49 +0000
8990c250-5a5a-4102-ad0b-7f221fadc4d0,2014-01-27 14:56:57 +0000
1224b1d3-29db-452c-b5ff-9ad7a6f29fde,2014-01-27 14:57:00 +0000
ff63567b-0258-480e-b489-14a060504ac3,2014-01-27 14:57:02 +0000
eb546a9e-5a4c-4d0e-94db-42d4ba98fc82,2014-01-27 14:57:05 +0000
897a2ba9-f5a3-4464-bbf1-6041acc93f9d,2014-01-27 14:57:07 +0000
8ab18569-f3c4-462b-a798-edca5db7c83c,2014-01-27 14:57:10 +0000
2205b6b2-885f-42ee-8bbb-321a85fd806d,2014-01-27 14:57:12 +0000
b1d1c203-f21f-4b77-b932-8764a048e755,2014-01-27 14:57:13 +0000
4c51bdf9-1807-41b4-b684-f08193810fb1,2014-01-27 14:57:15 +0000
1bf91d43-3e91-439a-99f8-35db7d5057e7,2014-01-27 14:57:18 +0000
f66dd076-cee8-4d43-a122-fe087848b10d,2014-01-27 14:57:24 +0000
b355061a-401c-471c-b970-542c114b10aa,2014-01-27 14:57:29 +0000
d6b3a921-2d47-4ef0-8248-ac3c2fb50ba6,2014-01-27 14:57:33 +0000
4667c61c-ed16-4bb0-9e4f-279b30a2d3b6,2014-01-27 14:57:39 +0000
55c768af-57b5-43e0-ba95-9ce002b4ee77,2014-01-27 14:57:52 +0000
752dbddc-8ab9-43bb-a0b2-219cbc6e6728,2014-01-27 14:57:55 +0000
f36eeb19-1c7a-4b62-9ad4-d2eb9e7a4617,2014-01-27 14:57:58 +0000
defa56f3-405e-44f8-af2a-2a4f7e902673,2014-01-27 14:58:10 +0000
3da440b3-0cac-4b2e-8eb8-e01734f6d2f5,2014-01-27 14:58:16 +0000
14d2bfad-fb01-4fc4-a2a4-e4b563ec6189,2014-01-27 14:58:22 +0000
11c2d121-b7c3-4baf-a1c3-72d7fe5f2cc4,2014-01-27 14:58:25 +0000
b405898f-655f-4b63-a27a-b652f94f8e41,2014-01-27 14:58:30 +0000
4b766ea5-c2a1-4200-b84f-a6f1844f8cf2,2014-01-27 14:58:35 +0000
2e8ba368-20ea-4082-8de5-cd748a6c9fea,2014-01-27 14:58:52 +0000
9e53617b-2604-4758-ab40-4facbebfa748,2014-01-27 14:59:00 +0000
2670e0e5-0fd1-4f74-b59e-4a98dc931a03,2014-01-27 14:59:24 +0000
a3c61f5e-2669-424e-b76a-29da6421eaca,2014-01-27 14:59:32 +0000
59f9d668-bc97-4bf1-85ad-739dce2c16b6,2014-01-27 14:59:56 +0000
172c5def-3a14-487a-a1e9-b38295bdaf30,2014-01-27 15:00:16 +0000
cf472f7b-253e-4a95-9b08-1fa3c29f8cbf,2014-01-27 15:00:33 +0000
7eb03ed8-866a-41c1-8979-1de726a8a143,2014-01-27 15:00:40 +0000
818a3bea-2efd-4da1-a7b7-7e3266d5a083,2014-01-27 15:00:46 +0000
b9f21b20-cb0b-4795-a439-d9165cf38e68,2014-01-27 15:01:03 +0000
a71064b2-6ad1-418a-bedf-c80038ec911e,2014-01-27 15:01:56 +0000
2c7f26fc-b5db-42ef-9bfd-d2b4bac3d625,2014-01-27 15:02:00 +0000
8d7b0ba5-867c-4c5f-8e99-720c6b017fa0,2014-01-27 15:02:15 +0000
10be712d-dc35-4124-81b3-1f9464434a20,2014-01-27 15:02:23 +0000
f54d0655-8e53-4336-9418-09c7e3341c3f,2014-01-27 15:02:30 +0000
0bc1de67-3c11-4094-a18e-7dd7d617ff90,2014-01-27 15:02:38 +0000
2a162d12-9417-4c4d-aadc-3d2b88b77a07,2014-01-27 15:02:41 +0000
0f94fafd-f61e-47ae-8c11-d376a677d0a2,2014-01-27 15:02:44 +0000
5f9ba1ca-e4da-4c94-91af-9507beb9dbe7,2014-01-27 15:02:48 +0000
078b2824-81d7-4f5e-9d0e-ae39a0b8174f,2014-01-27 15:02:59 +0000
3d408056-3956-450f-b2fb-367bea521c19,2014-01-27 15:04:29 +0000
5b839aab-4da2-43a4-8408-d79d2f151ec9,2014-01-27 15:04:41 +0000
127a870f-fa7e-4bd5-bcb2-6c89d0c41fab,2014-01-27 15:04:45 +0000
a1e032af-26f3-4d15-8557-06aa981254c0,2014-01-27 15:04:51 +0000
ea21a030-0274-412b-a768-deaa5acf2abe,2014-01-27 15:05:24 +0000
c50c586a-2aea-4f32-8072-641c9d9227ec,2014-01-27 15:05:46 +0000
e565ba1d-e163-4d2a-9c73-458313e03045,2014-01-27 15:06:33 +0000
1436a264-9b63-4249-954a-3bd29ecc52e0,2014-01-27 15:06:58 +0000
c73fa7ab-6a62-4fb1-890b-d1b1469ad69b,2014-01-27 15:07:02 +0000
1931848c-976e-4336-aae0-493d16945626,2014-01-27 15:07:09 +0000
1614a3bd-75fb-4148-be98-485a274807bc,2014-01-27 15:07:21 +0000
f8af3592-128c-44d6-9986-e15554f2f6fd,2014-01-27 15:07:25 +0000
5b2ccfca-d9ab-42d3-9fe3-9b525b807d78,2014-01-27 15:07:33 +0000
648124a4-a97a-44bd-8aec-5353b8692c34,2014-01-27 15:07:44 +0000
2f061ea2-fa78-4244-8460-410bfc7b71d8,2014-01-27 15:08:02 +0000
0398096c-6742-4cf3-934a-09fa70309beb,2014-01-27 15:08:19 +0000
f55dfd8e-169c-4d71-880c-49ced68db645,2014-01-27 15:08:32 +0000
587c86e7-cda5-45d6-9bab-9f331ac451ba,2014-01-27 15:08:39 +0000
80f55380-0cb7-48dc-8306-c2c614f8e49e,2014-01-27 15:08:42 +0000
db2b1579-2719-4135-9e6f-b440458d5bdf,2014-01-27 15:08:49 +0000
20efcd47-548b-467a-81d6-40c39f75eb98,2014-01-27 15:08:52 +0000
364a9362-9244-476c-8a9b-c124a4e96bc6,2014-01-27 15:08:58 +0000
de981232-d406-4d7f-adc7-046c3f908815,2014-01-27 15:09:00 +0000
ddfa93be-6593-4dd8-bcf1-dd5fe5654b0d,2014-01-27 15:09:08 +0000
087b327e-143f-44a0-8f39-53ca88b3685e,2014-01-27 15:09:10 +0000
08affd57-9f22-45f5-b416-a66d8232498d,2014-01-27 15:09:13 +0000
32d0dfd9-68ba-4bf6-8373-7eebaf5f9c7e,2014-01-27 15:09:25 +0000
e7a4a731-61bd-487d-8114-ecfa2f3bfad9,2014-01-27 15:09:30 +0000
8ee59143-039e-4c20-b02e-46281cee3302,2014-01-27 15:09:37 +0000
a9a22756-c149-4495-85d3-7d94213bf4fd,2014-01-27 15:09:48 +0000
971eb79c-9236-47ff-9af1-b32c835a88fc,2014-01-27 15:09:55 +0000
0124ff6b-5aec-4263-9760-6b199fea71b7,2014-01-27 15:10:10 +0000
2f7af2ff-fde9-425b-9dfd-3b5e1e50fe3b,2014-01-27 15:10:11 +0000
8e01a076-3a77-4272-a812-708177719de1,2014-01-27 15:10:16 +0000
ece8df9c-9ca9-4e72-95d3-75526ad51dc6,2014-01-27 15:10:20 +0000
a3b51c30-7f49-4250-86f7-7249eb08d5e7,2014-01-27 15:10:24 +0000
b32dc857-095d-4a57-83d2-bd3f792a6d9b,2014-01-27 15:10:27 +0000
6679c561-6bcf-45b4-9b90-1e7ad62aa12e,2014-01-27 15:10:30 +0000
d5ea213f-706b-4980-afd7-5e3d2bfbf60b,2014-01-27 15:10:40 +0000
b6e97f48-b9f1-49da-b3ab-b752d3b38d89,2014-01-27 15:10:43 +0000
d2244c73-ad80-4d70-a992-1ae2d0a1d288,2014-01-27 15:10:47 +0000
4004d8b5-7af8-4257-b431-ee93170d753b,2014-01-27 15:11:55 +0000
be223e92-2c4f-428a-9a5d-6bf2a6bcf2f6,2014-01-27 15:12:01 +0000
8437e374-dfa7-4b52-bd88-ebc29032a9e4,2014-02-09 12:23:32 +0000
b8a83a88-3a0f-4c41-8c68-95fc71a0d477,2014-02-10 15:57:51 +0000
b87c5464-1fe2-4385-8990-790cd585b931,2014-02-12 11:46:57 +0000
4d24733b-7b00-481f-b16c-6cd80e4ac632,2014-02-12 17:40:13 +0000
cb0a039c-a89d-4143-8277-67e18c16c6bf,2014-02-14 16:10:18 +0000
f4eaf4ab-3bf0-4c6e-b35c-852eaaa695d9,2014-02-14 16:12:44 +0000
2aecc4c9-6ef3-43fb-9a82-987e3321db25,2014-02-14 16:43:09 +0000
4d2b3868-3512-41ce-94a9-f724ebc3c7c4,2014-02-28 15:20:46 +0000
205c4066-fcf3-4a9b-95b2-e068744a8757,2014-03-04 15:27:37 +0000
4dfe21ee-acfa-4fc1-9513-cc764e814205,2014-03-10 10:16:14 +0000
ed5279b6-6d8d-4031-8867-52a909d62870,2014-03-11 13:55:48 +0000
e7f33769-a539-4fb4-b24f-f6c1cabc3f59,2014-03-27 10:23:36 +0000
73d2631c-a5ee-443b-940b-af67f42735eb,2014-04-15 15:01:55 +0100
751013b2-30cb-4154-a943-7117ef92aa99,2014-04-17 11:00:29 +0100
86599a68-fd10-474c-8603-5ddb703ecfae,2014-04-17 11:52:25 +0100
8bd7cd69-6d65-4036-8ae9-096b9f1e5bb9,2014-04-22 11:54:36 +0100
1c6b20f6-b4f5-457d-a268-73f6f5ff50b4,2014-04-22 12:06:07 +0100
261d485c-9ef5-4665-94fb-d728fb3af0d6,2014-04-22 12:12:39 +0100
39d7f79d-7470-46bf-8a27-425a9693b984,2014-04-22 14:43:40 +0100
c0aaecd9-3134-41d1-a4ce-0b7b2b083186,2014-04-23 10:10:13 +0100
72a4d3ba-f55b-4cbd-9cd2-fbed71166875,2014-04-23 10:57:23 +0100
4e34a225-1264-4af4-961a-22784b510232,2014-04-23 11:04:58 +0100
ec79610b-788e-46b8-b468-087e5cac3be8,2014-04-23 11:22:56 +0100
f8766ca5-5420-44f8-83f4-214b21842c68,2014-04-23 11:49:48 +0100
a8f22644-e810-4ce6-b38d-4692d29b3145,2014-04-23 11:59:09 +0100
c665dfa6-0a82-4aaf-b84e-0ea78ccd0e8e,2014-04-23 14:31:15 +0100
0a884634-3590-44f1-bdb1-46eeac2f8211,2014-04-23 14:51:50 +0100
77d5e16e-1b32-4051-a8e6-c2230d762cfe,2014-04-23 15:02:57 +0100
f46c9756-7bd6-4dd0-95b6-52d4c937003e,2014-04-23 15:20:28 +0100
96755831-b0bc-4b58-a7ed-5acd9351a4c2,2014-04-23 15:55:36 +0100
bdc52eda-e370-47c2-afc6-8454e9fa2a79,2014-04-23 16:07:04 +0100
5aa41748-a66e-4886-b47a-08a7d846370e,2014-04-23 16:18:30 +0100
6edf0b89-3bde-453c-9505-82928f94cfe3,2014-04-23 16:28:19 +0100
41c5a6b1-5106-4086-b478-94655f392483,2014-04-23 16:33:12 +0100
3afaba92-b9ee-43b2-82d1-0c3ef4808af2,2014-04-23 16:44:31 +0100
49e09fa7-f65b-49d6-b4ab-0ca82a548e93,2014-04-25 13:24:52 +0100
f4440936-40b2-4ca8-94e5-eb922c6c665c,2014-04-29 13:10:08 +0100
a9d2010d-9afa-4e89-845b-be99e3555396,2014-04-29 13:25:07 +0100
660c6a4d-6d84-43b4-9f4a-72bcc9710b33,2014-04-29 13:58:01 +0100
a72d3503-b6b1-4134-bdcf-ad5026a54e48,2014-04-30 10:03:09 +0100
af07d5a5-df63-4ddc-9383-6a666845ebe9,2014-05-06 10:11:17 +0100
fc40d53a-f77d-4460-8dce-fe9f747e545e,2014-05-13 11:08:04 +0100
d95e8bf4-7219-4024-95cf-d7e3ebe8bd3e,2014-05-13 11:10:03 +0100
8ac3d81f-fb44-4b17-ba8d-0a8bb547fb14,2014-05-20 14:11:05 +0100
4d269929-de06-4597-a25e-811969d0e797,2014-05-21 16:04:29 +0100
9748e764-3ea4-4f58-bf1c-656970401a22,2014-05-27 13:48:18 +0100
6a0be9bd-ba4a-4774-ae3e-966a48f39fc5,2014-05-27 17:04:29 +0100
c507c878-87d8-4e4b-bd3a-35eff619f99b,2014-06-06 11:49:53 +0100
1ec706bb-34b5-4abd-99c2-f111aa1b46e5,2014-06-16 12:37:21 +0100
88df8ced-89b1-4d95-9b6a-72d1d4f324a8,2014-06-16 16:51:28 +0100
889c12d3-4120-46a2-b6c9-d2c64a03adb3,2014-06-17 07:56:13 +0100
dc0563a8-689c-49b9-be86-eb89adde5499,2014-06-17 11:56:05 +0100
9f14321d-8686-4cc0-a2f9-16c4869790f8,2014-06-30 10:25:12 +0100
9981b813-468f-414a-a468-28f5438811f4,2014-07-01 15:26:40 +0100
c24a31d8-cf2a-4a41-87de-2f7de25098f4,2014-07-01 16:16:21 +0100
b9f31e72-291a-4cfd-927e-667a46279465,2014-07-07 14:10:06 +0100
ffcd90a5-5112-454b-b8a0-2819f46bede8,2014-07-29 14:44:30 +0100
1649c095-3b5e-48c0-bf6b-f2966e590a57,2014-07-29 15:08:53 +0100
9783d098-3218-4570-84c2-58ed66e919dc,2014-07-30 15:54:10 +0100
f48ee4f8-913f-46af-ba73-e36d5cf0aa75,2014-07-30 15:58:12 +0100
2c9232a2-04c0-4694-95e5-73004da6dc51,2014-08-05 10:24:46 +0100
b35e41ea-1975-465c-8369-21505ff823ce,2014-08-06 13:31:53 +0100
ac27c5b8-bf8e-482d-8425-01918a7fd5c4,2014-08-15 16:19:31 +0100
4ad67f14-6f9c-4fa4-80ab-687b6d81ea6f,2014-09-10 17:16:03 +0100
32cc780c-3902-4ad6-b13d-17b445f11693,2014-09-19 12:35:46 +0100
b0d5608e-d7f5-4152-beac-b3cf40c045fa,2014-09-22 15:59:29 +0100
5aa9b98d-8a50-4d40-8c12-f0d2974da297,2014-09-22 16:01:25 +0100
1956ab4a-7cb3-438d-b3ba-8c087cc1eba7,2014-09-30 10:11:06 +0100
bad7475f-f594-4c59-8e69-e1865d778678,2014-09-30 15:42:28 +0100
ae164d28-d506-404b-86df-cebd41a884eb,2014-10-08 16:09:54 +0100
b6bb0230-0cb0-4bd3-9465-a0f69b70f405,2014-10-13 14:54:42 +0100
33cf4faf-f09b-457d-b516-0704547e1f89,2014-10-24 11:41:37 +0100
60de9b00-a982-4449-a995-f2353e86fb95,2014-10-24 14:40:12 +0100
d965471b-56e2-4995-8790-ab47924f6071,2014-11-05 15:28:13 +0000
3b1a557b-c411-4169-970d-cb40e2eb2bcd,2014-11-11 16:28:14 +0000
a5967c4e-7b38-4a9a-8862-f3840ac11052,2014-11-20 10:56:54 +0000
29fe29c8-e6d3-4c61-abb1-bdd13e23b48d,2014-11-21 14:55:13 +0000
94560f1b-2612-4fd8-9495-d040a9f1b00b,2014-12-03 11:05:49 +0000
f6a27bc0-a55b-47da-a132-c3e0c062b4ee,2014-12-08 11:57:24 +0000
9ef5055d-9ab4-4a6e-afb5-7cdb2f5f2d6c,2015-01-13 14:47:52 +0000
3fa65136-9467-48e9-af39-f6031bcdae28,2015-01-13 15:45:10 +0000
83926803-2033-4cf6-8b8b-53a82d3aaa74,2015-01-13 16:06:02 +0000
5708dd26-4c45-4e1a-8996-522ecdab3ed7,2015-01-13 16:16:51 +0000
6bbb5031-a3a2-4c67-92f9-69a7d699171e,2015-01-13 16:21:58 +0000
30637a3a-bd24-4db6-b172-c49500bf50a5,2015-02-11 14:32:59 +0000
bac52ec5-df89-42b3-a034-2de01107f1d3,2015-02-24 10:42:11 +0000
9c0cb3f3-8cea-4597-b719-ec168c36063f,2015-03-06 16:47:02 +0000
5ff655fe-3069-4a83-b6f1-1e7ec481eff7,2015-03-09 13:51:52 +0000
839afa5e-cd59-4f59-8018-7a935e4b4ef1,2015-03-13 16:23:33 +0000
8fd6a11f-338c-4928-9a17-4f408223c8f6,2015-03-18 10:47:51 +0000
ddad017a-eb20-41d9-8386-56293be68aab,2015-03-18 16:51:04 +0000
ddbddda2-2460-4ed5-a274-d6731376bef8,2015-03-20 14:41:02 +0000
a183f1ed-c0ab-45bb-af9a-77e531520ef7,2015-03-30 18:06:46 +0100
0efd6cb8-0a8d-4e7f-b546-50dec25cc155,2015-03-30 18:39:09 +0100
3f7d012c-fd86-41f9-aa53-2397370e85be,2015-04-01 09:55:16 +0100
3709a046-c121-47b5-881a-115580f5ee2d,2015-05-07 12:46:51 +0100
e1dfcc51-9bda-444c-94f2-d5e4c4b3cd0b,2015-05-08 14:48:54 +0100
bd11e70f-ad2d-458d-a9cf-b54dc096a541,2015-05-18 11:07:19 +0100
cc338777-40c1-4b8c-9167-0e90739dfa3c,2015-05-18 11:13:46 +0100
9b41f151-cd80-4ecb-8176-a23731ef9a4c,2015-05-22 12:07:17 +0100
6dc74e3b-8ee4-4310-8685-a84fc2602961,2015-05-22 15:42:13 +0100
7cc471e5-365a-4b90-8c47-d5c87c29347a,2015-05-27 11:15:36 +0100
7141e343-e7bb-483b-920a-c6a5cf8f758c,2015-05-27 11:34:52 +0100
11cd9334-7bad-4f67-a8ee-1680e64c6be1,2015-05-27 11:58:57 +0100
006fd813-9717-449b-9594-3a609ce36ea9,2015-05-27 14:05:09 +0100
c0dd3391-5198-40b4-845d-26e0873e0763,2015-05-27 14:34:36 +0100
4f12bb0a-439b-4198-8c6b-afcccde3782a,2015-05-27 15:56:54 +0100
8bb37087-a5a7-4493-8afe-900b36ebc927,2015-05-29 11:20:05 +0100
caeb418c-d11c-4352-92e9-47b21289f696,2015-05-29 12:01:59 +0100
cda9f3ce-3f24-40dd-b9a0-02d4cb30211d,2015-05-29 13:50:17 +0100
2dc6e3cf-c181-4a2c-8ff7-1d8f8f268b57,2015-05-29 15:08:18 +0100
a0f338c5-e94c-42f8-9c26-b9c2eb6850d3,2015-06-03 16:32:44 +0100
d80c7242-5b66-4b47-9965-1d768a2d89b8,2015-06-04 11:41:53 +0100
bb2b028f-efaa-44fd-b3f8-971b25cb51a2,2015-06-04 12:06:58 +0100
1a68b2cc-eb52-4528-8989-429f710da00f,2015-06-05 10:54:22 +0100
dded0912-517d-4186-bd3b-a14acfb7d780,2015-06-05 11:44:38 +0100
4c2e325a-2d95-442b-856a-e7fb9f9e3cf8,2015-06-05 14:21:16 +0100
7a71bfc2-d67d-4db9-baef-95b38c41f336,2015-06-08 11:16:52 +0100
db2c5331-e960-4807-9ac7-89f1fceda883,2015-06-08 14:05:00 +0100
d3cd3a1b-ba40-4b8a-9534-be6783235178,2015-06-22 11:30:58 +0100
47f467e5-1913-4b00-9ea7-c26e89054125,2015-06-26 12:35:46 +0100
2585bb7b-6134-4176-8309-db184573a4c1,2015-06-29 15:21:44 +0100
1e93b589-7840-4f12-abcd-57e90b083166,2015-07-10 12:17:50 +0100
e73baa65-73ec-4809-8762-11af3e1629f4,2015-07-17 14:10:39 +0100
ff1d1b43-ee2b-4529-a227-68f83ca5e266,2015-07-23 11:08:25 +0100
7b4d7435-d1cc-48fb-8d0d-faa1f42d6d64,2015-07-29 16:45:34 +0100
4d82bb31-00d0-431d-82b7-707869f06cc7,2015-07-30 17:10:54 +0100
3161a1a9-f759-4acf-962f-3ce3f373693b,2015-07-31 09:44:18 +0100
a0c87b97-7eff-498f-a918-16f1492f7d3e,2015-07-31 15:35:35 +0100
e549f426-3c3e-4830-9271-313013823931,2015-08-03 12:32:25 +0100
43eb2384-527c-40f8-aa0c-c0669fb6a65d,2015-08-04 14:26:56 +0100
d698caa2-9ee6-4a59-9831-8dd90aff0ce5,2015-08-10 16:44:35 +0100
deb54ca3-1425-408a-8e92-a4d74ad497fa,2015-09-02 10:57:33 +0100
60ccfe7d-6222-48ad-89ce-df9a74333a74,2015-09-02 14:03:12 +0100
979f6709-6dda-4b96-b30c-b4b7694cf7d0,2015-09-28 11:40:46 +0100
2ca05037-b1c6-44f3-a9ef-a35cb6c6a47a,2015-10-05 12:26:56 +0100
4297e87f-4d1d-43f5-8850-26fba1818e08,2015-11-11 11:29:49 +0000
e6c3bb29-e8ae-4a62-8ec6-c8b8d78c29ee,2015-11-24 15:20:07 +0000
4dc9c134-62e4-40ab-aaa0-45ca55f0a1e3,2015-12-04 16:24:43 +0000
eb295743-22f3-411a-9b26-e67f1b146a33,2015-12-22 13:07:56 +0000
28fbe4cf-7848-4e77-9ed2-e71935fb5bf1,2015-12-23 13:09:54 +0000
1b30277d-fc8c-466c-840d-506b5928db59,2016-01-06 16:45:13 +0000
5b71dd34-5508-4fdb-a095-132b7c74b3ec,2016-01-07 13:28:04 +0000
d8262754-af6a-4206-b393-057ad65f856c,2016-01-07 16:02:57 +0000
1949760d-6441-4f4e-add9-6ff2ce8e134b,2016-01-12 12:23:38 +0000
0183a2d3-ce7b-47cf-966d-1323b74865bc,2016-01-12 17:57:33 +0000
65c1a7cd-9440-4812-a01f-63017435a3ac,2016-01-25 12:28:28 +0000
50767bd3-cbbe-47df-bc5e-ddd0140e4b04,2016-01-25 14:59:58 +0000
5c817b46-039f-4c4a-ac63-b28c1c2feb59,2016-01-25 15:03:14 +0000
a8636bd4-4e86-47af-987a-b672d4e6fa31,2016-01-25 15:05:33 +0000
a70fef9b-3a1e-475b-990b-fcf95cbca9b4,2016-01-25 15:06:56 +0000
79308085-77ad-4473-8863-73cae379ba36,2016-01-25 15:09:54 +0000
965a76d9-53f6-433d-8f3a-5802f8c7f31c,2016-01-25 15:11:05 +0000
2f8a3e24-a21b-4e0c-a68e-22f236a0cc0c,2016-01-25 15:12:18 +0000
c9fa14af-052d-451c-a003-5d03a13b92b2,2016-02-01 10:38:20 +0000
698f9948-62e7-46f5-8e66-44da40c1a989,2016-02-02 15:25:23 +0000
9aeff00a-32b6-40de-b2fd-bf4664c5cd2c,2016-02-05 14:54:11 +0000
dea8d335-9c90-43a7-ab9c-9b2d56e3cfd3,2016-02-11 16:17:09 +0000
4b4f7a61-e342-4ebb-ac25-cf0352388fff,2016-02-12 12:39:02 +0000
ec2d53a1-0d51-4c9c-8d14-31cfee762922,2016-02-15 13:51:14 +0000
5329e3f4-08e5-4166-9bb2-434312442ce7,2016-03-23 14:39:19 +0000
e82999a0-79f0-4c77-a8f1-39135e7a123c,2016-03-24 09:41:02 +0000
b0bdfcf3-2763-4002-961e-a0b2d7825038,2016-03-29 14:21:12 +0100
2ccd5003-9bc3-45b1-aa6d-e14066512a97,2016-03-31 14:38:12 +0100
94bea512-8422-413b-9c82-bfc4ee5f268b,2016-04-08 16:04:33 +0100
9b412fdd-ca63-4aee-8530-afd2d893e331,2016-04-18 17:20:02 +0100
08c7e23c-d822-406c-812b-3de9c03a0518,2016-04-29 10:42:18 +0100
6f6b7204-37b2-4b96-aee3-fb12c2c23e84,2016-05-10 15:36:02 +0100
689091b3-a023-4a18-90c1-8e37d4fee951,2016-06-17 11:08:36 +0100
edaa47a1-a986-4eac-a57a-ceea1b93a053,2016-07-05 12:24:14 +0100
082092f1-656c-470e-b024-229dc6e750e9,2016-07-14 19:12:50 +0100
f323e83c-868b-4bcb-b6e2-a8f9bb40397e,2016-07-14 19:15:21 +0100
2bde479a-97f2-42b5-986a-287a623c2a1c,2016-07-15 19:28:31 +0100
cc7a2d0a-07dd-46a3-a12d-c63642e570fa,2016-07-28 11:24:07 +0100
7a9be5d2-a512-431b-9bf4-ec565fd41c18,2016-08-03 09:43:26 +0100
746822e7-8fe8-4a6f-89fc-2b3bd3e0dab8,2016-08-03 10:55:07 +0100
57167442-dc92-49bf-a897-8a1969031c52,2016-08-03 11:39:45 +0100
5bbc65c0-8fbc-4794-8157-42a60ed97f87,2016-08-11 10:54:10 +0100
06fc84b7-f0de-4da4-b8fd-d4547dbab3f9,2016-08-16 14:45:55 +0100
6fe5b36c-b875-45d8-bbe4-c29702708d44,2016-08-22 15:02:04 +0100
54f97e9d-33ac-4813-93fb-623e184c4e22,2016-10-24 12:30:18 +0100
62ceb9fe-bb8b-4587-acc0-ec903e68ddd1,2016-12-06 13:54:29 +0000
ce357bdb-6396-426a-9f1f-8cbfb444cffd,2017-01-03 12:18:51 +0000
0fd1fd4f-5779-4cf4-ac37-6fe1a91ad15c,2017-01-19 11:31:43 +0000
e474d31e-d466-4221-acdd-d8d4833e6043,2017-01-20 16:51:51 +0000
268e0f61-a32c-4cfb-8c89-96a504919b35,2017-01-30 16:32:37 +0000
8809dcd1-c8ec-4e01-8c57-e349e052420f,2017-03-13 16:52:23 +0000
37a2a3c3-ccd7-46b0-8b81-199a746a2768,2017-03-15 17:13:08 +0000
a081cd5b-c41d-4389-ac65-982e7570680d,2017-03-22 13:48:23 +0000
8c35283c-1045-4363-a51c-32209e58deee,2017-03-27 15:39:36 +0100
71381a6e-aa5c-43ae-a982-be9bfd46ea5b,2017-03-28 12:50:17 +0100
0e8892fa-d676-43c4-9f51-9674e1830892,2017-04-05 10:00:52 +0100
9c6083ea-0b66-458a-9e39-67f99fd65162,2017-04-27 16:39:05 +0100
35ec21d9-c787-4821-871c-f914069e7904,2017-06-21 10:18:27 +0100
d664afa8-ecd3-4e03-b914-d60aed4709c6,2017-07-21 15:34:13 +0100
ca38b91f-33c1-478b-a5c1-d4b4d7a42ee6,2017-08-04 16:18:29 +0100
e00316af-9d5b-4223-8097-8851b5ddeb81,2017-08-07 10:51:34 +0100
730b9f35-8a43-4298-861d-810a4c745a65,2017-09-18 13:29:40 +0100
78844c14-97fa-4e4a-8f24-20da1fe32d96,2017-09-18 13:31:17 +0100
f293a5fc-effa-40b9-8b5e-9b9d11d3cad2,2017-09-18 13:33:13 +0100
5adb0242-3318-4e25-9a45-5031c8e024d8,2017-09-18 13:34:54 +0100
054b8af0-f926-43ee-bb34-c5b33ae4f56a,2017-09-18 13:36:23 +0100
98767b60-d993-4849-b9e9-c6893e2c98d3,2017-09-18 13:37:26 +0100
d2779acd-602b-42cb-b6d5-57a9844b8fa6,2017-09-18 13:38:33 +0100
ad6f059a-f36c-48eb-a07f-4a6856f08f7f,2017-10-06 11:00:48 +0100
