73940c62-2580-42b1-9c22-f8e85b71065d,2013-04-25 16:55:06 +0100
fd9551d5-cf92-4c00-aada-10fcf34a50d6,2013-04-25 17:04:29 +0100
685093b3-d4fc-430b-8a14-409828f9b8d5,2013-04-26 12:59:32 +0100
393a4bf0-c792-4364-baba-5b6cf2cf40c2,2013-04-26 13:23:33 +0100
92c74ebd-0d1f-48cb-b411-10653bd54c6d,2013-05-13 14:44:57 +0100
e3c5daf3-242e-4b85-b06c-00a8df76b1ca,2013-05-13 15:12:08 +0100
98876f0d-fc03-4cf8-9c1f-773aa19be197,2013-05-13 16:06:16 +0100
49020f3b-8b3e-47bf-b4d1-b828d4d1dec9,2013-05-13 16:22:53 +0100
96b0c57e-9508-4746-8b77-b0ff5954f37e,2013-05-13 16:32:55 +0100
2ba8a2d7-ff5b-47c2-a45e-6aceb699dce3,2013-05-13 16:43:00 +0100
99d7bd7e-1339-488d-a9ce-e0d6bdc853f7,2013-05-14 11:16:50 +0100
231c2a63-a48c-4525-b816-0c6607623211,2013-05-14 12:01:26 +0100
d944e7da-5a8e-4fe6-9d4e-b737a05b9260,2013-05-14 15:48:19 +0100
4c1dca61-4469-4c06-817e-f2689f007fb0,2013-05-20 11:56:24 +0100
73d398fd-cfbb-4af1-8d96-775728659355,2013-05-22 14:00:24 +0100
3cf5409e-5ca9-469a-99e5-57d4c3cfd3b6,2013-05-22 14:33:09 +0100
ebcc5d8b-f5aa-4003-83e2-dfbd66f14dc3,2013-08-30 12:13:04 +0100
18a7d315-090c-4d3c-8a1a-c5a54e33b232,2014-06-16 15:33:59 +0100
