16bdc637-43d4-4794-8e57-725374e1f228,2012-07-19 15:46:47 +0100
b74efee1-166a-4aa1-984b-f661f5b6843e,2012-10-05 14:39:49 +0100
d3ab541e-daa6-46eb-8716-242ccda9d68a,2012-10-05 14:40:52 +0100
842a3c46-e6f2-4887-8ede-47502e82f1ef,2012-10-05 14:59:54 +0100
083c9bac-7b42-41a4-9c21-a5e3147cf44b,2012-10-05 15:00:33 +0100
3a42fcee-6ff3-42c0-929b-19d35cbe67cf,2012-10-05 15:00:59 +0100
ef6fa6c4-0fd1-4005-9e68-0979bcc27f16,2012-10-05 15:01:24 +0100
f7a930b6-6206-4ce6-bdb6-de1aeba048cd,2012-10-05 15:01:56 +0100
a9a18a14-9c72-45b6-84b5-a5c0da4b586b,2012-10-05 15:02:22 +0100
a8dd7e6a-a7eb-4e55-b917-cd47b898bbe9,2012-10-05 15:02:59 +0100
b6e02112-562b-4223-8197-9b27d9972b0e,2012-10-05 15:03:23 +0100
97d04875-9a3c-4697-a1d1-c102aaaae7d8,2012-10-05 15:04:25 +0100
fc07900a-8a86-47ae-af19-615da2ab2cfb,2012-10-05 15:04:46 +0100
cfdea6cb-d45b-4959-a3ef-95d32587a31d,2012-10-05 15:05:08 +0100
36405750-9b80-48fd-8d6d-702b66b89ac0,2012-10-05 15:05:36 +0100
7172a041-e3ac-42ea-94d9-d3ec37ce25b2,2012-10-05 15:06:00 +0100
b4ba39a0-2f68-445f-b242-a7a9ff05e095,2012-10-05 15:06:41 +0100
51751413-a98c-4d3d-a5d7-2229efc9d7e6,2012-10-05 15:07:05 +0100
748403f5-76b9-4f3e-8fb4-ae2b0e979bdb,2012-10-05 15:07:31 +0100
991d6923-966b-453d-9ec1-f77837441cb9,2012-10-05 15:07:53 +0100
d83173b5-bc93-4b14-b340-f6b5e8c8f3dc,2012-10-05 15:08:18 +0100
f42370f0-c817-4963-9304-bb5a415d50bd,2012-10-05 15:17:21 +0100
79994809-6c40-40e8-9e75-0c1f95757b53,2012-10-05 15:17:49 +0100
0e9119b1-16a0-4be2-8076-e0831e5de813,2012-10-05 15:18:33 +0100
7a13c6eb-3e18-4b59-99e0-e91f19c33c44,2012-10-05 15:19:27 +0100
bd680b59-f3dd-4ba6-9c24-887924bf2c2b,2012-10-05 15:19:57 +0100
ccbc4e35-92eb-4c3a-98e7-ea3744d670b3,2012-10-05 15:20:45 +0100
42197d78-779e-4dfd-ba09-c84c5dab8450,2012-10-05 15:20:59 +0100
2eb3554c-6df9-4b0a-bdb3-ac7608bf1c26,2012-10-05 15:22:01 +0100
8bc65eaa-d3c9-4e50-8a0d-8b44ff8ce88b,2012-10-05 15:22:31 +0100
e1fece75-789c-40dc-9151-8492cb094ddb,2012-10-05 15:27:10 +0100
fc0b8b86-81a1-436e-8842-5239e28496a4,2012-10-05 15:27:39 +0100
f0c97df2-6c09-4de2-8751-74a1c4dadf45,2012-10-05 15:28:10 +0100
3141bd01-1d7a-4484-90b7-401f5208a4c7,2012-10-05 15:28:58 +0100
4ebf543f-453d-4468-97ac-b87e055c3975,2012-10-05 15:29:26 +0100
d5a0888c-1e3d-4952-8ca0-3411e136a848,2012-10-05 15:30:06 +0100
de482829-6591-4b22-afc4-f536e67441f6,2012-10-05 15:30:47 +0100
818b9814-52f9-4aa1-8339-e2031eabe613,2012-10-05 15:31:11 +0100
d59241d6-7445-491b-837b-c0c9e1e13ee0,2012-10-05 15:31:44 +0100
82314e74-41aa-488c-9369-4404b4d31ca3,2012-10-05 15:32:05 +0100
0e106e90-118e-4d90-8888-65f72a2d095f,2012-10-05 15:33:43 +0100
f982c2be-9ffa-4854-8216-89f34d2db1cb,2012-10-05 15:33:59 +0100
da314b00-97c2-43cf-9eb2-e89fc1f794e7,2012-10-05 15:34:23 +0100
3164d526-5ee2-45b3-bc78-723e32fb0d96,2012-10-05 15:34:39 +0100
732adf3d-7f92-423a-9979-7481432a6f93,2012-10-05 15:35:02 +0100
7112fb53-e9c7-45fb-883d-b50b574d0874,2012-10-05 15:36:08 +0100
60336e46-5443-49b6-bc9e-8984723f0fd0,2012-10-05 15:36:32 +0100
3600efb8-9822-44c9-84c0-ac5ab05e0ebe,2012-10-05 15:37:00 +0100
3253eb70-b1da-433b-81ef-43adc157e824,2012-10-05 15:37:21 +0100
4c1e7245-7ac4-4278-9b94-7992ecf57c80,2012-10-05 15:37:42 +0100
66402b9c-6314-4db7-919f-453926dbaaab,2012-10-05 15:38:44 +0100
bc3c55d8-98bf-4d40-a89a-5bcb2c278132,2012-10-05 15:39:47 +0100
c111b3db-3e7e-4410-b19f-eb54c63561c8,2012-10-05 15:44:59 +0100
0a14bb5a-4f99-4cf5-98d1-62f12e582c74,2012-10-05 15:45:33 +0100
6e7b1bfa-36d2-4a9e-afc1-f7090f0d398e,2012-10-05 15:46:46 +0100
a0ac711c-edde-41c1-ac5d-d123388bd726,2012-10-05 15:47:52 +0100
1a8e1a0d-f456-4569-9375-af74276f6745,2012-10-05 15:48:13 +0100
cbfca12a-cd6c-4e09-aa4d-53d2dde5ea1b,2012-10-05 15:48:30 +0100
2d990871-5762-4421-8b03-9199a73ef959,2012-10-08 11:45:11 +0100
afe98a32-79f9-410b-803c-98f80e88ea1d,2012-10-08 11:45:47 +0100
d0b21e38-edaf-4cfc-8231-d186be2de11c,2012-10-08 11:46:35 +0100
9301a070-6d6b-4f2b-b3ed-bc9497556a3f,2012-10-08 11:47:15 +0100
00dbcecc-705c-4960-8ddf-64ebccf26dea,2012-10-11 09:29:02 +0100
f5cbdc70-f7fe-4298-acc4-beb62f560875,2012-10-11 09:30:09 +0100
f09022d6-0d21-40cb-b8ce-ab32662fd7a6,2012-10-11 09:31:11 +0100
aa1704ac-33be-431e-baab-65077f708692,2012-10-11 11:55:29 +0100
d3a4398d-e842-430b-b4c2-86ce39a2bdbf,2012-10-12 13:22:16 +0100
e291d047-7870-4aa2-b41e-791c2bb3f3e4,2012-10-17 15:57:20 +0100
ed1dad6e-77fc-4085-9afe-9291a77cc3bf,2012-10-17 16:02:12 +0100
9a92ade5-2322-4ae3-8330-bd32372108d8,2013-01-02 17:11:27 +0000
3e32ae3e-75e6-42a8-ad9a-1b4f0caeadb1,2013-01-11 16:33:45 +0000
0d0cdd6c-c632-4c68-8cdd-92328e3d84aa,2013-01-21 10:21:41 +0000
9a65deca-eb7a-4146-b2fb-8394a13e36a0,2013-01-21 10:23:40 +0000
cdfe5286-0b58-40cb-8d00-2f1834b5de71,2013-01-21 10:26:40 +0000
0608fefd-3d49-4af8-8a48-452333b15a22,2013-01-21 10:36:23 +0000
e6201797-5c00-4e0d-b2cb-151e6d7c1215,2013-01-21 10:40:25 +0000
39111959-b469-47af-83b5-96a9b9a3fdaf,2013-01-21 11:04:10 +0000
84b9fcad-169b-4560-96ee-54532e3e3640,2013-01-21 12:02:38 +0000
29b8ec24-cdbe-434d-a6c7-2e56a3697b49,2013-01-21 12:04:10 +0000
4b14fecc-7164-417e-99c9-3b0f260c5ef6,2013-01-21 12:05:53 +0000
801875fc-961e-4d49-9235-3136662a4263,2013-01-21 12:34:20 +0000
2b3cd71b-b8ff-44ba-b029-ad2a4058ad54,2013-01-21 12:38:54 +0000
76a0c1f8-ae0d-437e-82d8-bbba9eb01d6b,2013-01-21 12:41:54 +0000
9869ae98-e109-494e-8ab8-ceca33a93176,2013-01-21 13:04:51 +0000
a0a0ef9d-b4d8-4376-882c-1369377803e0,2013-01-21 13:08:10 +0000
151e6d37-982a-478a-bc1b-1370c4c597eb,2013-01-21 13:10:00 +0000
00d782cc-8dc7-4fe0-a4b2-791ad60cd080,2013-01-21 13:11:47 +0000
858d0515-8c59-405f-9cdd-b778851c8152,2013-01-21 14:12:17 +0000
01a32605-e5e8-4815-879c-6fda2ce28d4d,2013-01-21 14:16:28 +0000
75d8fa19-0288-481e-bb2f-6362aa36d05d,2013-01-21 14:27:49 +0000
45b976e4-dc95-42b8-8771-8cf0035d0a8e,2013-01-21 14:28:39 +0000
43ff9c1a-a498-4512-b2cc-44fef5b75de4,2013-01-21 14:29:02 +0000
11833641-11ed-4b95-8364-2d3668dbf3f3,2013-01-21 15:30:10 +0000
3924d0cc-c478-4c83-b041-3ed623252b38,2013-01-21 16:04:36 +0000
50452f1f-2767-4485-8a93-1973d598bc62,2013-01-21 16:46:16 +0000
8e65e3cd-b8f9-452a-afcb-57861642de6b,2013-01-21 16:59:42 +0000
fc83bd33-156e-470b-a3bc-ea829adc123b,2013-01-23 14:30:21 +0000
d7386819-73d2-492f-8863-81782d14f2a2,2013-01-25 15:44:49 +0000
5af9b0bc-e058-4f01-8572-f1a9baa89225,2013-01-31 15:31:51 +0000
3d7ba4d6-3b70-4f92-93ee-ab50dadacb68,2013-01-31 16:35:03 +0000
2ccc6d4f-2385-43fc-b5bd-126bb2d6a7a0,2013-02-07 15:47:57 +0000
204b01ff-a1e4-450b-aad5-024b48cba931,2013-02-07 16:35:09 +0000
29a6a490-1c1b-41a4-a011-2cd1faa76c4f,2013-02-08 10:40:41 +0000
53aa3caa-6c03-4464-a004-7932836ad867,2013-02-08 16:03:11 +0000
ca9f9f90-6487-494d-8106-1b3d9ef58e53,2013-02-11 12:17:39 +0000
6b40bfde-825d-488d-a54c-72a13bbe3061,2013-02-11 13:59:55 +0000
cb953d95-babf-403f-99ee-27e513996793,2013-02-11 15:05:11 +0000
3237df0b-4f45-49b4-a6f2-af620d78b8c1,2013-02-11 15:07:29 +0000
a6423053-14ec-401c-a700-e84634e75383,2013-02-12 11:13:42 +0000
0481dc46-e634-4684-8582-bc32f8c434a2,2013-02-12 14:00:17 +0000
6a9fb326-6514-4817-ac0c-efab8d37747e,2013-02-12 14:19:00 +0000
304b3df6-a846-4eaf-9994-c2ac4d1dca63,2013-02-13 16:58:33 +0000
b1062273-5f7f-48ff-beac-a43ebfe2db1a,2013-02-14 10:13:09 +0000
ba74ba6c-dfe5-4c0c-aad0-612974db8d1b,2013-02-20 15:32:02 +0000
f3871cf5-4889-46c3-97af-16ce0f1a1a63,2013-02-21 17:26:51 +0000
21983806-8bf6-4365-b3a9-cc13f45f1a92,2013-02-22 08:11:45 +0000
e743ac6d-0bc4-4e3e-a463-c6a91356fc35,2013-02-22 14:57:56 +0000
53d4fdb8-22d3-4803-98be-08dcb8d8f6d8,2013-02-22 15:06:16 +0000
403b626a-b84e-45b2-908a-98663e8514c4,2013-02-22 15:33:42 +0000
ea66afeb-3b76-4af9-8a84-ebe9f368381e,2013-02-22 15:35:12 +0000
47b58519-9735-4e39-9f8f-9f71d839cb9e,2013-02-27 15:48:51 +0000
ad7f5dcb-3569-43bc-ba30-8928e7c1aafc,2013-03-05 12:25:06 +0000
4f918c8e-5b73-4f08-b56d-b8e6227c7d09,2013-03-08 16:59:19 +0000
a58fe794-213f-42e4-92dd-c915115e0544,2013-03-11 10:33:52 +0000
8fa1a5f9-132e-4c43-98f6-41cfb974efac,2013-03-12 12:54:24 +0000
7734ab5a-d917-471c-bf2e-c0a9bba5933d,2013-03-13 12:35:41 +0000
9afbc7eb-122b-485b-b817-a34500e992cb,2013-03-13 16:41:29 +0000
9c13929b-bf97-4864-9da8-0f3a7d1789de,2013-03-13 16:50:38 +0000
d3c465b2-f03d-4269-85f2-3b7c61c49083,2013-03-13 17:00:51 +0000
192f8fa6-b5ba-4809-aa35-2f544403133a,2013-03-15 12:43:43 +0000
257702df-9c64-40fc-9b5e-605b23b3a8fb,2013-03-15 15:54:59 +0000
095023f6-d6cc-49bd-8eb5-03d474b5b3d4,2013-03-19 12:11:14 +0000
20babbfe-e3ed-4a04-9759-1d0e67243e17,2013-03-19 15:08:11 +0000
242814e2-048b-4718-8e74-c9b4984c876e,2013-03-20 09:43:09 +0000
d74a5c07-9e1a-4538-89d3-83f8cf9aaa31,2013-03-20 16:09:20 +0000
194810fb-4feb-4ad9-a529-5ca0182a232e,2013-03-21 09:17:07 +0000
d655c983-30b8-4c6b-ad07-12dc4837dca3,2013-03-21 13:59:25 +0000
ee4d2823-3e85-4483-93bb-8616c7c48614,2013-03-21 16:00:40 +0000
a731666f-a7d6-4740-a03d-500ace071bfa,2013-03-21 16:02:43 +0000
70b90d69-026a-4be6-9fb5-36a575e35892,2013-03-21 16:02:59 +0000
cf096e57-4a7f-45d0-8c0f-ad6b80d68e95,2013-03-21 16:03:46 +0000
b1476c67-e10a-45de-9756-3f77ad13bce1,2013-03-21 16:08:15 +0000
cb5bc668-9759-4822-96ab-47d9ba36a8cd,2013-03-21 16:08:44 +0000
61ab0f86-a7fb-4d66-9124-5ef9b0984646,2013-03-21 16:09:15 +0000
cb42fa2e-4171-4b1b-8a96-62e206911dca,2013-03-21 16:10:04 +0000
c7f26fa1-7aa1-41d9-993e-d37387a2af57,2013-03-21 16:10:18 +0000
0b06a956-3b2e-4069-ba32-1db4486a8aab,2013-03-21 16:10:33 +0000
c127d64d-74b8-4c74-a922-9aec847ff0fa,2013-03-21 16:11:11 +0000
1ffaa888-61e8-4b58-a1fb-44368d6064fc,2013-03-21 16:11:25 +0000
d469722f-1e38-46bb-bd2e-a578d774144a,2013-03-21 16:11:37 +0000
d8bfaa24-ead4-4465-808d-c96a5041ceb7,2013-03-21 16:11:50 +0000
d9693f91-93b0-4014-8f10-490a66db6644,2013-03-21 16:12:03 +0000
ad48c4a4-511e-49fc-acaa-747cbe2ec10a,2013-03-21 16:19:41 +0000
6c39fbba-85ae-4108-90cb-609658e73d98,2013-03-21 16:22:23 +0000
5b20bdf4-5ecb-47b6-b977-3b3b953ac3b6,2013-03-25 11:33:54 +0000
9e3d3852-6a0d-446a-85eb-dc98c8a59f0d,2013-03-25 13:25:50 +0000
ae7b5448-46b6-4380-9c00-c74cd19662f9,2013-03-25 18:44:07 +0000
8ecc23eb-a8cd-468f-9bca-27d8cb6f8cbb,2013-03-26 05:20:35 +0000
45f67f69-933f-4c87-a9a2-d12b409492da,2013-04-02 11:05:41 +0100
473cdc1d-ad21-42de-901a-b5d78ca3c11f,2013-04-04 10:52:28 +0100
45d021ab-7428-4fa8-b1ea-c15d916586b1,2013-04-08 12:46:59 +0100
0507adc5-dd27-42d7-9c77-d068008510f5,2013-04-08 13:54:33 +0100
3cf2fb4c-89f8-4102-9421-f8a2efe06a54,2013-04-08 14:39:48 +0100
877cd694-61ae-4f86-b063-061a7ebe9b45,2013-04-08 15:03:28 +0100
fdb65453-b270-40a3-8311-4b26582d6b4a,2013-04-08 15:09:04 +0100
2da0acf5-31d6-4a40-bdcb-5e48c690e913,2013-04-08 15:28:37 +0100
cc727b73-8acb-4d59-a6f7-e7d7d8101ec0,2013-04-08 15:42:14 +0100
1f5cb881-0c85-42d6-8223-5b6862424be3,2013-04-08 15:45:42 +0100
c77990d8-3bcc-4498-95f3-f2fbfa16f533,2013-04-08 16:02:38 +0100
205a4708-15fe-44da-85ae-35ef53c5b4a6,2013-04-08 16:42:47 +0100
b0fe5bc6-600e-4ac5-b6b6-5608164d5747,2013-04-08 17:00:10 +0100
52b83ce4-1f29-4c7e-8287-52308a4ca989,2013-04-08 17:14:40 +0100
5e0c3cb6-f2b4-4a32-a32a-1f2705e57625,2013-04-09 08:23:21 +0100
e6b808eb-953f-4108-be72-03214a48549f,2013-04-09 08:42:16 +0100
63c04acd-df00-4f82-9aa9-a3abad624b39,2013-04-09 11:00:40 +0100
2395565c-7f3d-4544-9006-9cf6b2f6a02c,2013-04-09 11:38:33 +0100
90410c2b-561e-4cd3-9adf-ead1cd257392,2013-04-09 12:22:42 +0100
2cfc6176-b013-40ad-aedb-43dfd1008bae,2013-04-10 10:28:59 +0100
09bfdb52-1595-4886-986c-baf18fe8458c,2013-04-10 14:42:06 +0100
332c858b-8beb-467b-9340-576f04287955,2013-04-15 09:49:26 +0100
e6e9af0a-5004-4a87-b7fc-f35aa3cbe9a9,2013-04-15 15:02:05 +0100
7c32e629-d01a-4084-b9d4-f0253cd29f8c,2013-04-23 13:32:06 +0100
0409f275-5bc6-4646-9d8d-40cac855887c,2013-04-26 16:20:14 +0100
c3485cd7-453b-4e20-89a6-acba4eab2691,2013-05-02 10:21:07 +0100
4b599abf-a41f-4c4e-b342-e682347821f5,2013-05-02 14:21:40 +0100
57573553-4e94-4895-9791-c79b7a88dc71,2013-05-02 16:01:23 +0100
93e3e107-e32c-441e-8274-4535a681e605,2013-05-03 12:29:25 +0100
3587ff16-0461-4380-8895-6d5bfd4bf437,2013-05-08 13:11:34 +0100
474d8e55-9d89-4a0b-94ae-b1ebb5ec3577,2013-05-13 11:35:56 +0100
c1a128e4-09e4-46c6-aec3-6ffb11829ccc,2013-05-15 13:44:39 +0100
58cc295e-a9e3-44ca-ae20-887bb96f1d5a,2013-05-15 15:59:39 +0100
9cc3d904-861b-41b2-b271-79d6e3df86a2,2013-05-17 11:16:02 +0100
791fbc2b-e2ea-4a62-84f2-9630b0873148,2013-05-24 10:39:14 +0100
5f506d9c-1f1a-4f1c-a753-f196f571d6a5,2013-05-29 20:17:47 +0100
c5585660-1a30-4692-8d2d-383a29b54cf4,2013-06-04 15:14:50 +0100
3700aa0a-6742-4cce-abd6-37505ac9541f,2013-06-04 15:51:32 +0100
1332d8be-ea13-46fc-81ed-e413acddd9dc,2013-06-05 15:18:38 +0100
ecd7cb8c-6ed6-4dcb-961a-841546740e0a,2013-06-05 15:35:54 +0100
76d55d85-d019-4fb0-bb9f-cefbccf8a64f,2013-06-06 09:24:04 +0100
19875c4b-1a27-4a1c-b643-7ea728d8ff92,2013-06-06 10:43:30 +0100
93952370-1316-451f-8249-8272b0d0f813,2013-06-06 11:15:31 +0100
d8c2bfbc-1943-4b31-9533-ce172bcaf5d3,2013-06-06 13:14:14 +0100
2fc7e503-302b-46d4-8e02-ae5c6c6b539f,2013-06-06 13:34:51 +0100
82483a5f-3cc5-42b8-81a2-0d488b98d3e6,2013-06-06 13:54:54 +0100
e1172f93-598d-4b2f-aa5b-6ad73dae20e3,2013-06-10 11:34:51 +0100
e60aa499-8a3c-43e9-a4d0-e0d5657ff8be,2013-06-10 17:30:26 +0100
32befa64-6473-4e45-b2a7-bdbcd73765dc,2013-06-12 15:14:48 +0100
369c590d-25d6-40d5-86ca-b536182fae94,2013-06-13 12:02:50 +0100
28785488-5c9d-4f64-9595-79e21d78e91a,2013-06-18 11:02:42 +0100
765fbb97-a14c-4298-b8cb-8dd56e04806d,2013-06-25 10:16:20 +0100
be94d6fb-7f0e-452a-a89f-9ca641b095c8,2013-06-26 11:49:45 +0100
71279fea-dcab-495e-b001-1c6644ec48ba,2013-06-26 14:11:31 +0100
ba013579-93bc-4d7e-9de3-72baf8e4b050,2013-06-27 10:01:36 +0100
3a132208-9f44-4402-a0ca-593d9c8f9836,2013-07-15 09:09:45 +0100
15b56735-9e32-45c5-a346-1e3194316b01,2013-07-15 12:13:42 +0100
6b17d797-ead1-4634-a559-8dbd8c3958d6,2013-07-15 12:15:49 +0100
c7deee29-272a-480c-b445-ba78f0ccf3e3,2013-07-18 09:45:27 +0100
01b7afb3-56db-4385-a4fa-d6d1636dbd36,2013-08-02 13:41:07 +0100
4d96d0a7-dd7d-426e-a083-f5c2ee55dbba,2013-08-13 12:44:22 +0100
f3c5d713-f68c-4dce-b7fe-a45fda46ce31,2013-08-27 14:52:43 +0100
b8119be3-8c43-42a9-a842-c38fc8940f71,2013-09-05 17:19:45 +0100
035701f7-cdca-43f3-9762-713baae8da24,2013-09-10 14:51:27 +0100
d5622b44-e606-4e4d-9ecf-203771744c20,2013-09-11 17:48:43 +0100
1ecaa6d2-40ee-4c3b-b392-3c965a774b13,2013-09-13 11:22:02 +0100
5106b0fc-3782-4c4b-89c7-d234750627e9,2013-09-18 10:45:53 +0100
14b99f05-066c-4c93-829d-1e7df9d532bc,2013-09-18 15:56:08 +0100
c3713031-5640-4d11-8588-727f9431dfe0,2013-09-19 11:18:23 +0100
7d51e958-2051-4235-8bca-0dfe5e102c59,2013-09-19 12:34:50 +0100
ed803f38-8db9-427d-ad1a-944dab425001,2013-09-19 13:09:26 +0100
bf621108-0e43-43a0-82a3-3d0bd83acee1,2013-09-23 13:51:17 +0100
82238ad6-f300-490b-814f-f0b5e2c50531,2013-09-30 13:43:48 +0100
aa5c66d6-ed53-4f6e-99fa-0c8c102e1b6f,2013-10-07 12:15:41 +0100
2fcaa824-fb0b-44e0-a3e5-152d0a9cebde,2013-10-11 11:37:45 +0100
ef85dbd2-1040-4f31-9d0e-9c085bfd932b,2013-10-11 13:08:28 +0100
4d39cb93-c0c1-4c8a-8a56-b188c60497c5,2013-10-17 11:59:26 +0100
2de4fac3-01bb-4ff4-860a-0e818c8c3e2e,2013-10-17 12:21:30 +0100
f0546276-dc6c-40f0-9f73-25bb32bc4e54,2013-10-17 17:11:30 +0100
bd083aa0-e1e1-4ed2-b534-3d86cdef1e1d,2013-10-18 16:52:06 +0100
e8f275a7-1d8d-47e1-b2ac-e716c4975f4d,2013-10-22 13:19:45 +0100
d6e87eb1-414a-4e22-951f-a24165a6b8e2,2013-10-23 10:56:48 +0100
6b07b686-8b0d-4956-8400-0fb7e8934f1b,2013-10-25 10:28:22 +0100
f1e9daac-b701-4ba3-bcce-922eb10115b3,2013-10-25 17:20:41 +0100
1a266281-6b5c-4b18-848c-b4dcad001d5c,2013-10-28 11:49:00 +0000
114a69c2-aadf-4e85-8301-97361926a492,2013-10-29 12:26:59 +0000
0af64c2e-db97-47f0-b1dc-604beba0e83f,2013-11-05 10:12:57 +0000
18bd50b6-5a2d-41e9-abff-25e4703fefd4,2013-11-06 17:47:29 +0000
becd5f76-e7b6-446e-9576-9b793d1e40b6,2013-11-12 16:06:59 +0000
2282b88b-2e01-4cca-a2f9-d1f2aed02c07,2013-11-15 14:43:33 +0000
37df9005-581b-40c1-971f-fe316a33e30f,2013-11-27 12:53:56 +0000
093f1105-234d-4eaa-8a4e-7fbe5d055f2a,2013-11-27 12:56:36 +0000
88ac30df-eb8a-4cc5-a9ae-d6afc850350b,2013-11-27 15:18:00 +0000
fa712397-9ebf-46a9-b55f-af8b8e366b1d,2013-11-27 17:15:22 +0000
6b4a9a85-d473-4657-b3e1-f981bf25c30f,2013-11-28 11:17:39 +0000
50e75d61-6eba-459d-bf18-98f7357cef04,2013-11-28 12:23:02 +0000
58859dc0-e8ae-4557-b500-e99f89dc9a5b,2013-11-28 13:44:30 +0000
c51f10de-4b9f-4db0-beff-9c40acd36343,2013-11-28 14:04:39 +0000
f7a526e8-e510-4aba-b018-18c37123d824,2013-11-28 15:32:43 +0000
69601640-9a13-4045-baf0-59232c0ac86a,2013-11-28 16:15:06 +0000
8a3abd86-e2fc-4d41-b448-330589a0f941,2013-11-28 16:30:19 +0000
c4b68e54-9104-495b-a526-b556d57bb52e,2013-11-29 13:51:36 +0000
2dd3df1e-312a-4a81-bcbf-c7fb517cf9c1,2013-11-29 14:11:14 +0000
302a6daa-8e0b-4ac1-82f3-9dfb4f81974c,2013-11-29 14:50:30 +0000
06ce2b08-c78a-445f-88a8-193b2cf282a9,2013-12-03 11:49:22 +0000
a84d782a-5d6b-4f29-aabd-2892091e2d7b,2013-12-03 12:04:07 +0000
dd3fd9ee-89de-4ee1-86d7-05f53f2b1a41,2013-12-03 14:26:32 +0000
25115101-6187-4bee-a194-a3f2dbb00588,2013-12-03 14:43:59 +0000
d3bcbbed-c595-4b2a-837b-4c85f3e2fba7,2013-12-03 15:37:09 +0000
d6b5a9dc-5297-4ed0-aefc-b47f0613fc8b,2013-12-03 16:21:28 +0000
3ed76538-239a-444f-a888-863da7c48fce,2013-12-04 13:03:54 +0000
98ade1ff-d7e6-404c-a68f-e36f1b51ca8f,2013-12-04 14:54:52 +0000
81d045d3-524b-4e7c-ada1-a7125e80ff04,2013-12-04 15:25:14 +0000
c22d9759-f0c7-494a-bb07-96f0c1860f7b,2013-12-04 16:01:06 +0000
256c2fab-fae8-4ea9-b419-bc1c041c3c18,2013-12-04 16:27:05 +0000
12063ab9-ec09-4227-8d26-7f87b9702d7e,2013-12-05 11:55:56 +0000
75e1c06b-5448-4c43-abdf-24f91544d452,2013-12-05 15:35:45 +0000
a848332f-e34d-406f-b55d-3feac5262207,2013-12-09 12:36:37 +0000
d7d9e2b1-519e-4d8b-8ca3-0d4b9cff0ae1,2013-12-09 15:08:50 +0000
78c5a7a3-9f6f-47f7-80c2-99a28bdc2c77,2014-01-13 12:13:59 +0000
fce52fe7-4a08-4b28-be84-3f7bb7c127e5,2014-01-15 09:48:26 +0000
be5c560e-4e2b-4af4-b965-01e56c12fa8d,2014-01-22 10:19:05 +0000
59b67c7d-5a90-4138-924f-67dcbf91997a,2014-01-30 11:26:00 +0000
d5b7ec8d-1cf9-4a7f-8390-e3fe499aee46,2014-01-30 15:41:14 +0000
a41710df-a32e-45c9-a229-331dc72e148b,2014-01-31 14:57:51 +0000
c7a7531f-e418-4945-bac3-aa617c5ba550,2014-01-31 15:43:19 +0000
242f4db1-5a79-4c96-bffc-85b89d4cbbec,2014-02-03 10:15:24 +0000
bdccb10c-c319-4ab0-ae57-1f9d61fb5c07,2014-02-04 12:19:10 +0000
eb21ae4b-ed28-4eb9-8d7d-11cee9748d6a,2014-02-07 13:59:35 +0000
71f161bd-7653-4c4c-b106-4d3ae9fa22fa,2014-02-11 10:44:13 +0000
5f56ea1d-9422-4f13-9a3b-7e0da4706bd1,2014-02-13 14:18:10 +0000
8c542a39-cb4b-4bd9-a22a-0c17472e631f,2014-02-13 14:18:18 +0000
11dda5ce-d1b3-48eb-8319-7abe0325ce24,2014-02-13 14:25:59 +0000
efdebff6-cfa3-45c3-9c83-5f87713c8996,2014-02-18 15:22:50 +0000
496465cb-6277-4c7b-ab3c-083d11c12a37,2014-02-19 10:12:08 +0000
0736ffe2-7e2d-4e5d-be94-0ba789eefd35,2014-02-21 13:05:01 +0000
82e07956-2d04-4144-bcdb-28312c0bedeb,2014-02-24 14:07:26 +0000
3fc88023-fcfe-4713-89ec-9064966dc107,2014-02-25 12:14:03 +0000
6d6b84e0-cbb0-41f4-a17a-e1468251af1a,2014-02-25 15:13:43 +0000
0b5d7217-e3e9-418a-ab63-2df77fabd0dc,2014-02-27 16:33:07 +0000
3ad8d45c-23ed-4e8f-be18-921d6b952b6e,2014-03-03 15:49:28 +0000
9eb6821d-a6c0-40eb-88f2-b63c2cdbb645,2014-03-04 14:44:27 +0000
00b8e87b-b65a-4054-9db7-6b82c2e25fd8,2014-03-06 11:15:13 +0000
9d76ceac-54af-4ed4-82b1-8d8a3f4c93f3,2014-03-06 14:29:08 +0000
545bce67-4841-4dd7-8fd0-9eb6336a716a,2014-03-07 11:07:57 +0000
cc2f4a3b-27d6-41b4-b5cd-27fd31ca1964,2014-03-11 10:22:57 +0000
2082c857-4e1d-4fb2-b782-4d27d19590ee,2014-03-11 15:39:03 +0000
4b259c6c-a6c7-4308-81a0-32ebbab4658d,2014-03-11 16:41:19 +0000
116c5cfe-ca7c-4de6-b445-6e62c387e4b4,2014-03-12 09:54:32 +0000
ca1ec789-e389-468e-a0b1-0986b6903175,2014-03-12 10:21:17 +0000
11c2fbf5-d385-45cb-930a-9d11122fa8ad,2014-03-12 10:43:15 +0000
2d8e875a-3af4-42ed-a0a2-98360da40e93,2014-03-12 10:48:04 +0000
f751693e-c3c4-4e4e-baec-c8503db2eacf,2014-03-12 11:24:10 +0000
64c46a1b-f719-4d6e-83a2-b313d9605b7e,2014-03-12 11:30:26 +0000
57cccf76-beff-49e8-9952-6f8c312010a9,2014-03-12 11:40:43 +0000
83a98501-ea7c-41a5-a1bf-123b68ecc16f,2014-03-12 12:04:13 +0000
77b01c23-21a7-4028-8dcb-83a5729c9b8c,2014-03-12 12:04:26 +0000
6448b019-19f1-4333-8be0-2b92f7b99adc,2014-03-12 12:17:41 +0000
72b6bcc2-8ab8-45fd-b9e5-e7ab2bf06af4,2014-03-12 13:41:04 +0000
fd59bebd-6d7a-4534-ab13-81458f8190cf,2014-03-12 14:37:50 +0000
697525d7-60df-4fd1-bc19-4bb0b810d052,2014-03-12 15:13:26 +0000
08122362-5cba-49f2-99f4-8c47ffa5aede,2014-03-12 15:25:57 +0000
784c351b-1853-49dc-8da6-a56437951701,2014-03-12 15:46:35 +0000
3df61b93-43c6-4b47-85c6-68a93e1a9442,2014-03-12 16:16:50 +0000
fbfa4d81-3e0c-4dd2-9e2c-931c16253d17,2014-03-12 16:37:04 +0000
18bf1623-d924-4326-8448-4a986e5062bc,2014-03-12 16:49:11 +0000
1ea16761-e660-4804-8f3f-501771a30281,2014-03-12 17:02:36 +0000
c40a5d59-a9ae-470a-9e65-aed9c64a5554,2014-03-12 17:09:27 +0000
86a1f7a0-88e2-4010-be30-80175854ec47,2014-03-13 09:31:28 +0000
cbd14b00-195a-4351-82ec-6c0c0c53598f,2014-03-13 09:53:33 +0000
c5581a11-9c7c-41b7-815f-9042168e9a4b,2014-03-13 10:14:00 +0000
9f2ac747-9c85-4022-87b2-4a16e30d5af9,2014-03-13 10:26:31 +0000
dc9b7c75-ba01-4cb0-8d4e-12f8d4e56fa5,2014-03-13 10:53:15 +0000
68f1e316-b24e-43a8-81d9-f21692742584,2014-03-13 11:02:04 +0000
c62a5c5e-0fd4-4f9f-a574-a3237f4e2e9c,2014-03-13 11:20:12 +0000
9605c85a-4c7c-428e-bbd5-ead25b52f52a,2014-03-13 11:29:36 +0000
6bbe1da7-b0bd-4ad2-b684-99205b4e9496,2014-03-13 11:41:53 +0000
1d437141-11d5-44d7-9f31-c0dc8e8d0292,2014-03-13 11:53:29 +0000
d5017695-e312-4769-bb7f-3be26df47d1c,2014-03-13 12:03:15 +0000
7ce95c06-d24a-4c52-bd1b-0cacc580fdf0,2014-03-13 12:07:08 +0000
144dae09-2bf2-4bc4-8514-8dd8e4dd846f,2014-03-13 12:26:25 +0000
2f859844-7afa-4db6-8639-3776e25bd940,2014-03-13 12:39:31 +0000
313c056b-4b10-4294-92a2-be21152b7452,2014-03-13 12:52:56 +0000
46498f89-481f-4598-836d-ab5ca54a00fa,2014-03-13 12:54:48 +0000
d66bfec3-899f-461e-a3fe-92d933f15af5,2014-03-13 13:26:44 +0000
f1aa927e-f3a5-47b0-88a6-b6ab633522f6,2014-03-13 14:32:33 +0000
22a3e500-0b60-43e1-9ea9-7e07f88225dc,2014-03-13 14:41:16 +0000
2934e6cb-fd03-4262-8b1c-3dfed4106028,2014-03-13 14:53:50 +0000
268d6b47-5646-44d3-a309-19bd33c81157,2014-03-13 15:02:59 +0000
150cf485-dde6-434e-9dc2-0535453eecc2,2014-03-13 15:14:46 +0000
f258e870-5fac-41d1-8f36-2833d8896337,2014-03-13 15:42:07 +0000
f5d420b4-9daa-4501-b3ae-00310cd2bb8d,2014-03-13 16:17:24 +0000
c8bc8197-78ee-4079-8136-790856d87a14,2014-03-13 16:22:21 +0000
2cdd72b1-9505-4093-bd77-f2685fab6667,2014-03-13 16:36:32 +0000
422bb27a-49f4-4313-8f3c-03c2815c71b5,2014-03-13 16:48:57 +0000
c0f6b9a8-a99e-423e-bc18-04b3c4d825b6,2014-03-13 17:17:55 +0000
d23a0eed-3923-46c9-8fef-14af57e26556,2014-03-14 10:23:32 +0000
1af17cea-5e97-498e-a1dd-850938b75d47,2014-03-14 10:35:01 +0000
4b7714a1-e3ac-4663-b687-159d689d89c1,2014-03-14 10:35:02 +0000
a418edb2-f3e2-4e77-9dfa-473cd754d0eb,2014-03-14 11:08:56 +0000
37f5e574-f472-48e4-8993-7e709aa2dc74,2014-03-14 11:34:28 +0000
1cb9dd47-56ad-41a7-b23c-979db95e7318,2014-03-14 11:46:36 +0000
5cd6f7f8-9bce-47d9-b786-c7613440c59d,2014-03-14 11:57:04 +0000
12478b4f-1281-46ba-b155-0df6c6a5914b,2014-03-14 11:57:47 +0000
bd3c6918-6a52-4ee4-a8f2-7d7a6b02f743,2014-03-14 12:12:38 +0000
a945e586-9b6e-4c52-bebd-095a69280ab3,2014-03-14 12:29:19 +0000
721710eb-747b-4667-96a8-0d581eb5f23a,2014-03-14 12:52:31 +0000
2fc63a8d-3c70-40c0-b5da-bd4e4ddcea71,2014-03-14 13:08:13 +0000
40a8f958-7aa8-4c1b-9e2a-9b0d683df994,2014-03-14 13:23:07 +0000
f73dee39-e5ae-48cb-ac46-3144a9e99dd0,2014-03-14 13:27:35 +0000
973c6d2b-a8af-4c61-9366-d71b2fe597e9,2014-03-14 15:34:22 +0000
d5f92af7-af76-4c13-ab23-7c8dee5acfd5,2014-03-14 15:39:57 +0000
a8bd7788-62c2-4594-ac92-b56e38bdbc7a,2014-03-14 15:58:17 +0000
e547cf6c-7fdd-4af3-9367-950a92f4ed42,2014-03-14 16:46:37 +0000
0552d1eb-60e4-4a34-a49c-4905212d031f,2014-03-14 16:56:27 +0000
6bcf8f2d-88e5-4766-970f-60344d2b6a83,2014-03-14 17:26:58 +0000
94f4b3f0-cf37-4c6e-9ff1-a85ea812210b,2014-03-14 17:39:06 +0000
88d6b085-dffc-4f1d-9209-eebad2295bd3,2014-03-17 09:32:48 +0000
483075a5-2aab-4876-8efa-7662ed835563,2014-03-17 10:24:32 +0000
38d86d21-1569-47d4-ae88-4b1ac84652f5,2014-03-17 10:34:33 +0000
70a851cc-627a-4dc5-92ce-94307b354b20,2014-03-17 10:57:25 +0000
961931bb-b378-4e0f-ac01-ec48e70317e8,2014-03-17 11:06:56 +0000
a304d451-7314-47ea-b4f7-f276c3f7312f,2014-03-17 11:07:42 +0000
deab3a22-ddf3-4696-8a2c-4a670f6c8bb5,2014-03-17 11:38:10 +0000
80cd0965-c57b-47fc-a725-c8b9352a305b,2014-03-17 11:48:20 +0000
649e868b-18ff-493a-8a10-38eaba90a58a,2014-03-17 11:52:35 +0000
c75a1520-4fba-4a08-a324-1aa031c50cf4,2014-03-17 11:56:37 +0000
861089fb-3074-4d17-9e70-ef42cf98d02d,2014-03-17 12:31:59 +0000
c7813f0d-2cd2-4720-abe6-d0c5b42249a8,2014-03-17 14:15:51 +0000
7ef58ea9-cef0-4554-bc32-03ef5bc11c9f,2014-03-17 14:45:06 +0000
4e88aab0-25f6-46bc-a9ed-c9d273003e55,2014-03-17 14:53:22 +0000
a53c02ba-0b8d-44e1-9139-de14e7072a3d,2014-03-17 16:03:29 +0000
cc9d68ba-d0d7-492a-9f0c-bb3bbdcc2fb7,2014-03-17 16:17:19 +0000
79b5d9f5-7345-4ed6-9cb9-17bed822e47b,2014-03-17 16:28:55 +0000
e918fef5-ec9e-4749-8c1e-001615b0aeb1,2014-03-17 16:53:07 +0000
aaf131a3-7bd6-4af1-972d-8b4a79a2ceb5,2014-03-17 17:21:05 +0000
c2c2a030-6a94-43cc-a9cc-d13061fe0188,2014-03-17 17:33:34 +0000
b7738bad-9634-46f5-85d3-01f04d421acd,2014-03-18 14:38:00 +0000
666229dd-1a29-4345-9fea-e7e8190abd33,2014-03-18 14:49:23 +0000
8355437f-3133-47c9-8779-50b424c956ed,2014-03-18 14:56:03 +0000
8ca4324c-ee70-4ae3-8a5a-5710336be880,2014-03-18 15:13:58 +0000
e761a997-cb0b-44b3-b710-c79483601c4d,2014-03-18 15:28:33 +0000
5698730c-5082-48dc-8c18-735cf7defc4e,2014-03-18 15:39:01 +0000
6e85bd2b-3e16-42be-9eb2-9bd7d7289c2a,2014-03-18 15:51:15 +0000
b23d7813-b0ef-446e-96ab-fbe7e3a70bf6,2014-03-18 16:00:40 +0000
7a30d8b4-bbe0-4ad7-8a37-10c86ef4a124,2014-03-18 16:10:59 +0000
f005ee86-9ea5-42cd-9c21-83f458df1f35,2014-03-18 16:19:29 +0000
4d1e0d8b-d533-476e-ad84-00174171868b,2014-03-19 09:57:58 +0000
82b4f937-4653-44f9-95be-208b6471a37b,2014-03-19 10:50:59 +0000
d6784b83-198c-4bcc-bccd-dd5cd218a152,2014-03-19 11:35:46 +0000
f2bf7bc7-a758-412f-aefa-ad557479af71,2014-03-19 12:22:48 +0000
898ab6c9-a14a-48fc-8994-06c35f6c9d71,2014-03-19 12:49:24 +0000
78c3b369-b7d1-4ca7-81d9-16183b6f693b,2014-03-20 08:23:22 +0000
515c5791-b195-46fb-87ad-7fa1bca73645,2014-03-20 09:32:21 +0000
22329d6a-337f-4d6b-b570-082b1e3a0618,2014-03-20 10:27:13 +0000
33d6f579-f91a-4069-9657-bb76bcd7b00d,2014-03-20 11:07:56 +0000
2680ccd1-b5a4-4eb1-b287-8edd714b2406,2014-03-20 11:40:18 +0000
bca9a343-8ab1-493f-8dc9-b167f9f4adb4,2014-03-20 12:16:33 +0000
f4f60367-bd7e-4a69-81dd-a00cbf767227,2014-03-20 12:50:19 +0000
4284338b-f0d2-4aad-ada3-fd73e3856f61,2014-03-20 14:33:36 +0000
6ed6f866-719c-4b06-a61a-8a89a5443c76,2014-03-20 15:21:00 +0000
f6881d75-e2bb-4d47-b0b5-f3ce1e135415,2014-03-20 16:06:10 +0000
0ddd55af-fe3f-4629-862d-19ca0b2c50fe,2014-03-20 16:13:09 +0000
df945b3b-c5af-43bf-82d4-7e376447efc3,2014-03-20 16:34:13 +0000
96503775-b3fa-49b2-996b-31ec2fae839f,2014-03-20 17:01:22 +0000
d036e197-4939-48b9-93b0-9c964ed6b137,2014-03-21 09:47:30 +0000
5a7f4494-1281-4d0a-99c0-3300660406e1,2014-03-21 10:51:28 +0000
fea7bfdf-ffbb-416e-931e-6851d9c6b8c8,2014-03-21 11:33:59 +0000
a800b328-a543-4aee-a0e1-9ee720cbf10a,2014-03-21 11:58:58 +0000
8151ac5d-025a-4fe4-aa32-18d1475af8b6,2014-03-21 12:33:37 +0000
a79d9951-7d16-49b6-867a-0757fe3efc0a,2014-03-21 12:44:49 +0000
49b7ca32-0507-4e8d-ae09-aa0b11eaafb0,2014-03-21 12:45:25 +0000
8c58958f-6801-4787-a2a9-9259301bace6,2014-03-24 17:16:35 +0000
c25222c4-fe8f-4441-a4c0-b48fae48c96b,2014-03-25 10:09:36 +0000
9578719c-fe6c-4dbf-b3bd-676436b4c4b9,2014-03-25 10:24:34 +0000
c3ef7ac8-9d98-4e6f-a4de-52a5ec2ee0e0,2014-03-25 10:45:34 +0000
7bf6f18d-b023-4d46-9087-a7a033033a92,2014-03-25 11:12:45 +0000
dae954ff-0207-498f-9bd9-3dd0105f5b28,2014-03-25 11:43:48 +0000
2bab60e7-bfaf-4a6f-bc12-3b755ad32dcd,2014-03-25 12:02:04 +0000
80ad091f-21d0-49eb-8041-373e0c58ed5d,2014-03-25 12:25:33 +0000
535485f7-aeaa-4dce-96b0-e87d01b84ee0,2014-03-25 14:54:19 +0000
6ccabcea-20d1-4b30-9576-e66658a9e9e2,2014-03-25 15:11:04 +0000
e29fb322-5fdb-426f-adc7-63d6fa67476f,2014-03-26 12:36:13 +0000
a1242cf2-353b-4b29-ba5e-f2bf4bdc808c,2014-03-26 16:26:19 +0000
46c571e5-1b28-470c-9ac5-5121d48a1d25,2014-03-26 16:49:53 +0000
c0d21533-0bc2-4657-9d28-8c7dd321fad4,2014-03-26 17:21:53 +0000
4dff8123-c58f-47f8-a8c9-b6696c37a27b,2014-03-27 09:32:39 +0000
f55781fa-b238-474f-8eb7-649e70d05392,2014-03-27 09:45:27 +0000
3c7a64c9-1c0d-4767-86db-ef8e2aa1bf1d,2014-03-27 10:34:41 +0000
15c2f0ca-4cdb-4c26-8e9e-023c4f3b52a2,2014-03-27 10:42:25 +0000
abaa4645-7004-404d-95e7-da39544ae8e4,2014-03-27 10:46:42 +0000
011ddd8d-3fee-462b-b6dd-6f59ded4aae0,2014-03-27 10:53:30 +0000
acec491c-add2-48bf-ad4c-afc6ee846699,2014-03-27 11:34:03 +0000
2a638dbc-44c8-4311-942a-97e204d1acf7,2014-03-27 11:41:02 +0000
3ab5d08e-6080-4424-b295-214ec29630f5,2014-03-27 11:47:59 +0000
2f7586a0-130f-4c8c-97bd-847b8a30c5ec,2014-03-27 12:12:54 +0000
6d1e4ecf-10c6-466f-8673-dc3bbae3c4d4,2014-03-27 16:46:00 +0000
10b3e790-243b-40b0-be53-afd89759f956,2014-03-28 09:10:40 +0000
75397acc-acc2-411f-91e0-d8a1b6e96f0a,2014-03-28 09:13:44 +0000
36f66463-236b-4f12-9f32-a8af7c178e30,2014-03-28 09:22:43 +0000
29e66af8-1b23-4073-a8e5-00fb7388da9c,2014-03-28 09:27:55 +0000
0313d351-f326-422b-87a1-031f52220290,2014-03-28 09:32:43 +0000
87013044-2d00-4b1d-9054-1baccf7fb1a6,2014-03-28 09:35:00 +0000
fb12aa2f-5d43-4b4c-b716-d623acf981c2,2014-03-28 09:39:40 +0000
a162b6c9-83f9-4cd3-a4a4-dcc9bb32dbb1,2014-03-28 09:43:55 +0000
c9fedd96-eb50-4611-a9fc-c17a06d89d81,2014-03-28 09:46:52 +0000
a62b98eb-59d9-4530-b000-f99787dd6e8b,2014-03-28 09:51:21 +0000
89866fc7-82f3-4a36-8c1a-3ca319323337,2014-03-28 09:53:00 +0000
453cc57b-90bb-4873-b351-83e80eb54aa8,2014-03-31 15:51:13 +0100
39e909b2-a5c9-45a9-9b70-995d7c8e3181,2014-04-02 15:41:18 +0100
e8493765-f1c2-4bfa-8493-30bd952e22d9,2014-04-07 13:43:41 +0100
ce02428a-3bda-4b13-a538-1af3192df4af,2014-04-09 22:50:54 +0100
1d9803a5-29bb-4308-839b-bfaff7054763,2014-04-10 10:32:35 +0100
c92eb092-5caa-4696-aeda-a604c4931233,2014-04-10 16:54:56 +0100
f13dd48d-4404-4f77-af19-0b570c3b79b9,2014-04-16 09:24:25 +0100
3c744c34-cd98-4e1c-876e-26bd0006845e,2014-04-17 11:17:47 +0100
a09d7739-7309-4349-9b7a-e15ff3607707,2014-04-17 12:14:08 +0100
10801f7f-4c77-4811-9a22-300d49578c67,2014-04-17 13:46:38 +0100
1ece071d-6863-4a74-bf04-76f367e46d63,2014-04-17 15:20:21 +0100
2612e48e-fee4-4ae0-ad5e-887c36e53c06,2014-04-22 13:01:00 +0100
ed87678f-8c70-4947-9ad6-8e240196cb89,2014-04-25 12:10:00 +0100
b8e42a3a-67a5-4cda-a99a-b42105bb58f3,2014-04-28 12:16:33 +0100
0a6ba09c-10a0-4dee-8855-8cfd39df29dd,2014-04-28 13:25:44 +0100
1ad64727-e107-4c6d-b447-0775ec35a5bc,2014-04-30 09:20:49 +0100
d6e92caf-8114-471c-9f1d-73430d14fff0,2014-05-01 14:46:29 +0100
a2fd8249-75e4-4c28-8b5e-b164036428d8,2014-05-01 14:49:01 +0100
341c0046-55a9-4381-9d3e-9593dc69f8f8,2014-05-01 14:50:56 +0100
d2355b4f-04a3-41fd-83b8-6c3b235ff167,2014-05-06 12:03:26 +0100
f3a2c385-2a22-47db-a532-0c343315caa3,2014-05-13 13:29:24 +0100
a6a0c50c-08c4-4f93-8661-3fef6a0801ec,2014-05-14 13:56:45 +0100
f7a601bc-7d91-408d-a82c-9e608119ccd6,2014-05-14 14:47:03 +0100
4a489b1c-58ed-4496-b92a-2842aa177060,2014-05-15 16:06:46 +0100
ff45b9a2-c4dc-4252-85f3-f3c9135ef75e,2014-05-19 16:19:14 +0100
18fb6b3b-533b-49ce-940c-806fa6f1f655,2014-05-20 16:06:06 +0100
05cf0548-5896-427f-b2f2-9265ccd92ff7,2014-05-22 14:58:38 +0100
ad8dfd7e-5630-4448-8c5a-be1080c8502f,2014-05-22 15:09:52 +0100
258463c9-b7c8-489a-9650-0b4a50211ca5,2014-05-22 15:18:11 +0100
d451ddca-9960-4cba-aa06-021e7d3a20e2,2014-05-23 10:17:43 +0100
b1684d64-86ff-4472-9ae4-256ea57c56c4,2014-05-23 10:31:34 +0100
b53da4cf-2fbc-475c-ab1f-21fb208fb27a,2014-05-23 15:17:20 +0100
75163414-5e84-4d01-8243-07c7505975cc,2014-05-27 13:50:58 +0100
2a82dc6f-f5ff-4b18-9315-4b9eb5b5440b,2014-06-05 11:49:09 +0100
47e0b182-955e-4975-8553-d06612473173,2014-06-16 15:35:25 +0100
fb5ff27c-108c-4129-a6f2-34c97a7d6354,2014-06-20 14:55:46 +0100
9c28f599-0700-46bd-a96a-461f520005c5,2014-06-23 14:53:12 +0100
bd9ebc18-204e-4045-b122-d244b05759d5,2014-06-23 16:07:53 +0100
e5acd9d7-d3ec-4636-84a4-5fb7de14220b,2014-06-24 11:13:21 +0100
97336f55-f2e2-460e-946d-c13a6838c01b,2014-06-25 13:14:36 +0100
db40f5e8-3476-48d1-8dc6-1ef93c54c191,2014-06-25 15:32:22 +0100
771e3f61-fe41-4e8f-9df9-3c922ae297cd,2014-06-26 16:11:32 +0100
77eff62f-a25e-4ce6-93d3-da1113a4f37b,2014-06-27 16:02:32 +0100
c6181261-bd28-4082-8707-0513222436f2,2014-06-30 17:28:44 +0100
b5aeccfc-d12d-4d3e-b5b6-edcf5568de79,2014-07-01 09:57:57 +0100
77b5fdec-c8e2-447d-89f4-25b3ae2c59c5,2014-07-01 14:51:34 +0100
cce8cf93-2a52-4bc6-8ef3-40e3e4d6d2bb,2014-07-03 13:39:17 +0100
fa16f1c1-4724-48a5-8745-6eb3c36512df,2014-07-03 17:31:46 +0100
117a2226-b18b-41af-80af-14f207bcdcbf,2014-07-09 12:47:22 +0100
4d9d19f5-8e5b-4e70-b426-bb21191cdbb6,2014-07-11 16:06:02 +0100
36e860b3-8818-4245-a3cc-8c36c4f3d706,2014-07-11 17:36:04 +0100
8c8cb214-f8aa-4da9-8588-52a8d20fe122,2014-07-21 13:38:45 +0100
29b21dfa-b281-4038-8812-360705d17fc2,2014-07-29 15:08:12 +0100
10aa6a5f-d346-4c94-b73f-7f6722ea1d42,2014-07-31 15:27:49 +0100
4f8d6f25-dde6-4d33-b04e-dd124fdeff37,2014-08-05 09:16:43 +0100
0036efe3-39e0-4514-9da2-671a1f23bf63,2014-08-06 11:04:33 +0100
43c2dc3a-df11-47ec-9543-53ef3d9afcc6,2014-08-06 16:37:55 +0100
e518bb1d-608d-4907-8fc3-30e7da722495,2014-08-07 13:55:19 +0100
4e8f04c0-a766-441c-9931-f04f0a858a1d,2014-08-12 13:43:30 +0100
5aca542e-e715-4ae8-aa02-c622c97324e9,2014-08-12 14:34:58 +0100
25d122b0-5a18-4a7f-9887-d358a2ba591d,2014-08-14 10:48:42 +0100
e10dc40a-3777-46a0-8409-9c46ce2066af,2014-08-14 14:52:45 +0100
ff8cc280-873f-404c-bba5-12163f37af41,2014-08-15 16:59:41 +0100
f9f73216-9a82-4c84-8c66-ab4f5eda39b7,2014-08-18 16:00:26 +0100
f337afd2-f2c8-40e6-8fff-effd49f8ebcb,2014-08-18 16:28:29 +0100
f54ba4f1-6213-4d0c-98a8-978715fc7057,2014-08-18 16:47:17 +0100
c4550802-7248-452d-a4d5-a684306d7407,2014-08-20 15:18:58 +0100
a387acb1-0995-4418-9f75-cb0ff3dda88e,2014-08-27 10:18:10 +0100
9fa4215f-1034-485d-b5d4-6cde152509cc,2014-09-04 10:31:03 +0100
9faad139-fb93-47dd-84df-a9bdabc2b6fa,2014-09-04 16:42:03 +0100
43303cf5-558c-4ad4-a885-ba044092cf83,2014-09-08 11:23:40 +0100
29a9a50e-6983-48a4-8816-78ccd0f082c9,2014-09-10 15:08:37 +0100
f6b0da14-5b92-466a-b968-00a3416d325e,2014-09-11 10:19:01 +0100
df18a91e-1a1a-424b-a265-55550a34cb27,2014-09-12 12:38:00 +0100
2be90b8a-0b33-4cc0-96f5-b3ab7d9b48f0,2014-09-12 15:21:59 +0100
e38013fe-fe91-4f5b-b5c3-fe83785ee5ef,2014-09-26 15:35:52 +0100
9948c844-f530-4202-a48d-b3c300e6951a,2014-10-03 11:47:54 +0100
372e8a9a-9401-443f-a872-5772586d7e0f,2014-10-07 15:03:54 +0100
d61eb00e-94eb-4898-9724-70f12787c516,2014-10-07 15:26:10 +0100
b80085a9-9659-4dd8-910b-8f722eaac3db,2014-10-07 15:30:41 +0100
0fa12cd5-682c-435b-a54a-4d9c2fe7b749,2014-10-07 15:37:11 +0100
a6a3a97a-f89d-4d88-930f-a26382682c55,2014-10-14 13:23:11 +0100
ddd74476-d7e5-445b-b447-0fb2425af2d5,2014-10-15 08:10:36 +0100
2223d5ed-dcdc-4466-a0b8-a1d7ce4a1b20,2014-10-17 09:43:58 +0100
2b7201bd-9a23-4028-a902-3d6387a8198c,2014-10-21 09:34:43 +0100
fae25de1-3768-4692-bdf0-7f851f710d1e,2014-10-23 14:16:02 +0100
8a6401ec-1398-4e37-901b-163d3fff55fb,2014-10-29 16:45:25 +0000
107ea005-2643-4a13-b4ba-cfc62b49fe23,2014-11-03 09:08:12 +0000
b54de447-195b-4555-b8da-618c7b038382,2014-11-03 09:21:45 +0000
16697f8e-eac8-481b-948c-276f191fe917,2014-11-03 09:33:59 +0000
c569ce14-43b6-4e08-87bd-d027b3ddbb58,2014-11-04 17:09:07 +0000
3891c403-ed45-418e-8ebb-55b74314f253,2014-11-05 14:09:21 +0000
3bbca057-1b4a-48db-a777-496203ad610b,2014-11-12 15:36:47 +0000
cfca1b09-acd3-4290-8292-1efbcd9547a9,2014-11-14 17:25:16 +0000
c01baa90-4565-4dfc-be0a-8fa48ee37900,2014-11-21 15:28:03 +0000
635ff425-37b6-4cfc-82be-abfa406a5e27,2014-11-21 15:33:00 +0000
578e7aa9-bda4-4436-8f89-4f522dee733a,2014-11-24 11:06:23 +0000
3dd6bb7f-d116-44ad-9994-7f44df6b9248,2014-11-28 15:40:04 +0000
245bc4b6-73dd-410f-be29-edb0ab3daf19,2014-12-04 11:47:57 +0000
bba59eaa-73f8-475b-8e26-282d39900802,2014-12-11 15:54:24 +0000
4fb2f0bd-70e2-43e6-859e-1479f433bdf0,2014-12-11 17:04:56 +0000
5d9db1ae-e52a-4da2-bdf6-bdf57489347c,2014-12-17 10:17:42 +0000
ef956fc7-682c-45ac-9cdb-c0e71a59382f,2014-12-17 13:43:45 +0000
602c5d00-bbaf-41ce-a200-c94378506604,2014-12-17 14:30:49 +0000
eb511aa5-a6b8-4940-bca7-58caa74d20ea,2014-12-17 15:05:05 +0000
5475e1c1-2393-4f97-bb90-94e95048c3b0,2014-12-17 15:43:00 +0000
f13a7fe5-e863-49e6-b812-551089dde79e,2014-12-17 16:27:11 +0000
eeca0009-b5dc-45f0-9489-42ccb63b8e2e,2014-12-22 15:50:16 +0000
c5e30f07-51c9-4996-b15b-6d9fe4c2ff1b,2015-01-12 14:06:30 +0000
c137c9ea-6103-4a51-b81a-b301c526672a,2015-02-02 11:05:53 +0000
2110630e-c2f1-4809-8a44-fcef70f0b39e,2015-02-02 15:34:01 +0000
6473833f-6ddd-4562-91f9-7e47ce44d509,2015-02-05 14:55:42 +0000
82c864ac-b205-4de5-8de1-066ac54af030,2015-02-05 17:46:41 +0000
6cd1b3b3-39e7-4208-98b4-e1a6852999bf,2015-02-06 16:36:22 +0000
5bb24e5d-1355-45c7-9a8a-431ed06e622b,2015-02-16 14:59:41 +0000
092c259f-2ed0-4e81-aaa0-912683dce967,2015-02-23 13:13:43 +0000
8da9077d-a56d-4ea7-9cd5-14a7cd4b3962,2015-02-26 08:31:06 +0000
5357ce8d-a78a-44ed-83eb-cc67699fbfb1,2015-02-26 14:49:58 +0000
cc29f2c9-1747-4afa-9cc8-742c3b1ae28a,2015-03-02 09:49:32 +0000
de0b80cb-96af-493b-801e-c3991e55c079,2015-03-02 09:59:52 +0000
1e45c603-6328-4cef-bf56-ac5f09b2449d,2015-03-13 14:19:54 +0000
e2b51f6c-90b6-46f2-93bc-c0af3a479776,2015-03-13 16:34:01 +0000
3a3f1fc6-9f22-46f8-96f7-0e3bfbbc9572,2015-03-17 09:37:30 +0000
e5603694-5a68-4c4b-b255-0b7d62fb3818,2015-03-20 10:04:14 +0000
901603d2-d3db-49ce-856f-014d75821bc8,2015-03-23 12:01:59 +0000
fd94787d-a6a8-4351-a165-262710e9f4ae,2015-03-25 14:44:06 +0000
f0d633ec-dbe1-4429-8c38-b872b9ea03a0,2015-03-26 14:06:10 +0000
9a6748fb-dfc0-4343-b3cb-eb3724837789,2015-04-02 16:32:59 +0100
d0d7ae5e-cbb1-4f0e-bc13-86565959bc84,2015-04-30 16:11:45 +0100
1bd88d94-b178-4bbf-a6f1-1fae1a107f46,2015-05-01 09:17:49 +0100
53b56698-6afc-43fb-93da-cc173bc6f0ee,2015-05-06 14:27:03 +0100
68a83296-2f66-4521-acfd-cc4348820ad7,2015-05-11 10:32:05 +0100
bf1155ab-2732-4c7c-b471-02fc28407e38,2015-05-22 13:29:23 +0100
1bc90138-9b23-46ca-8a8f-57c6cc50c9b1,2015-06-01 10:13:49 +0100
7fca634a-17f7-4377-873e-4005411da87d,2015-06-03 10:24:47 +0100
eb6556f5-e0c9-4f26-a3d4-66e7f17657d8,2015-06-09 11:13:14 +0100
c8de9076-81ab-4980-92bc-0fa0fd13b984,2015-07-01 14:45:14 +0100
7fe9002a-3d5b-4ab4-a33e-255c7a7b8cbd,2015-07-03 10:24:49 +0100
e6609d6c-34d2-46c0-9269-56cf47450233,2015-07-03 16:56:30 +0100
1ad9e52c-a561-4c54-8454-8a119eb0b18e,2015-07-15 10:38:04 +0100
e436a86d-439f-4e07-82fa-efbde4bba5cc,2015-07-16 12:32:41 +0100
c4454755-0778-4f66-ba79-b85c1e38d4f3,2015-07-29 14:09:29 +0100
10106281-b29b-4227-8791-5df644f798f3,2015-08-10 11:29:51 +0100
70b14674-6dff-43d0-89b8-93ba31830253,2015-08-14 10:28:14 +0100
356a7d62-a058-4d60-9eae-3d32c87c262f,2015-08-27 13:34:43 +0100
377220cf-e220-4caf-b764-0f6860e9fbed,2015-08-27 14:26:08 +0100
cafe335c-dc16-40b0-8d5a-b13c883b7c0d,2015-09-08 12:02:23 +0100
e7007f6c-3d93-470a-96e1-2040e29f0dea,2015-09-15 11:01:10 +0100
fd0b53e1-fddc-4a55-be43-d07f067dc33c,2015-10-01 15:41:50 +0100
940c048f-2138-484c-a78e-d166796e7a5e,2015-10-02 15:00:07 +0100
3ea082f4-2ece-479a-a479-0789c22db463,2015-10-02 15:00:11 +0100
12683dcd-8bd0-4051-966c-62d4d62900ae,2015-10-02 15:00:16 +0100
a88a441f-61ae-4fc7-8e17-a075eefc780c,2015-10-12 15:54:26 +0100
6a230861-4a42-4d4f-803d-faaedfd5162f,2015-10-19 11:10:47 +0100
ab1e7421-4a78-4e5c-9de2-2d6e9fe2b6b4,2015-10-29 17:28:14 +0000
cd189ba8-6575-44f4-9a38-63a2f349f3cc,2015-11-16 10:49:12 +0000
3dd40620-7d1d-4344-820c-f051683be5fb,2015-11-17 16:40:08 +0000
b66814ed-c4fe-4710-8a82-70bd612a3666,2015-11-23 12:13:27 +0000
493467f0-08d6-4f14-91cb-e0e4370f9ec1,2015-12-02 11:49:44 +0000
f783748c-4488-4927-a375-6710e9cb3913,2015-12-11 13:14:53 +0000
af3e9bf0-7ef3-42bd-93f3-2ecaf4e8b4d2,2015-12-18 17:56:32 +0000
43e6bd65-7520-4e89-a9ea-779839b1cfb9,2016-01-22 12:16:49 +0000
01f12f18-f953-4f85-9060-88554c7e3ee0,2016-01-25 11:55:37 +0000
3cbdb3d9-1d5a-444c-92fa-908697cbeee8,2016-01-26 14:58:00 +0000
e176b239-1fcc-403e-ad89-52672ed792a9,2016-02-03 10:11:35 +0000
6f736867-8fea-415a-a829-0665c1c579a1,2016-02-03 15:36:43 +0000
d5cbc956-61d6-4010-8563-df3c78d77493,2016-02-05 14:21:49 +0000
8fa08c4d-75d3-4f42-b751-571f7fe0e445,2016-02-08 14:37:02 +0000
9ed161e6-b871-44ce-8e14-6718628a63ab,2016-02-16 10:53:26 +0000
13c18116-ffcc-44c2-82c2-fb7986115a74,2016-02-19 11:49:35 +0000
49fcf3e1-cc3d-4d47-a4dd-41384924cac7,2016-02-29 15:57:37 +0000
c66a5425-1f2e-4fde-887c-09bca789046b,2016-03-15 16:45:57 +0000
a5affd93-1ac2-4a24-a19f-60e9ab1f2bf1,2016-03-22 14:54:52 +0000
c26fd731-2192-4a95-8b05-bd8978c8fcfe,2016-04-01 14:51:23 +0100
6a5f45ff-4489-4d09-868a-601b6e34aa66,2016-04-01 15:02:20 +0100
f48de488-ba52-4538-b571-a70427b5412f,2016-04-11 11:41:55 +0100
001e3323-a795-4ac0-8c37-6014608717df,2016-04-18 10:14:49 +0100
e260db94-eba4-4dcc-831e-d4d248c9ea4d,2016-04-18 15:48:02 +0100
2eb78a04-737b-43c2-af2d-3cef34cf2275,2016-05-06 12:05:45 +0100
8242c5a8-c4f4-4478-a549-ba5cad394d80,2016-05-06 12:12:33 +0100
f97e9f45-0a3c-4574-bfe2-ec89699c41b0,2016-05-10 09:35:02 +0100
1609c329-5313-4c82-bcb0-d5bb5fcc0fb9,2016-05-24 15:37:41 +0100
fe3ecd39-5bfd-4ea9-a5ef-f9fa9a57ac97,2016-06-14 17:21:45 +0100
97df5c72-57b1-4da0-a2ba-35cb3ecbf24e,2016-06-22 15:17:17 +0100
458694dd-620a-4ff1-b334-98a6c0ad6f09,2016-06-24 10:45:32 +0100
c92897f1-77e0-4095-ace0-bf4e78f1f89e,2016-06-27 13:45:04 +0100
899cd98b-f187-4124-ae98-791aaafd304f,2016-07-28 09:59:19 +0100
b404f683-785a-4da5-bee7-caf6a8a52feb,2016-08-02 14:52:35 +0100
755bb263-1631-40eb-b01b-2c0f94edc4bb,2016-08-02 15:02:41 +0100
87c35f8c-6671-426f-b2a6-997bc10d91a0,2016-08-02 15:06:11 +0100
6a10827a-1b95-4036-8e8f-4dbddd842d49,2016-08-02 15:39:22 +0100
e7d7c4d2-daaf-4181-92c4-b66b3828879e,2016-09-15 16:00:15 +0100
17603718-197b-4815-a77a-4e9d88b99142,2016-09-29 11:20:09 +0100
7091b295-3280-4026-8765-713ad8b60829,2016-10-31 14:40:57 +0000
0c11b3a7-1c65-4818-8628-693cb0365b48,2016-11-11 10:32:41 +0000
bf81a7d5-5b6f-4286-bdc7-3dafb9be6776,2016-11-18 14:21:08 +0000
51ce5502-83f4-4de9-9d07-32d7f59c13fa,2016-11-30 07:08:28 +0000
2a423349-a38a-4cd5-8690-98e69139d865,2016-12-06 12:18:09 +0000
d21c8410-7080-4db7-a65b-9cda586e15c9,2017-01-11 11:50:43 +0000
89f2f811-0de9-4eea-b7f2-e3f627cba4aa,2017-01-13 16:37:12 +0000
6edde812-a30b-4fb7-90d9-d37a8591ceae,2017-01-27 10:44:42 +0000
4104f412-f6ad-4858-b10b-2d4e694442c8,2017-02-02 06:44:57 +0000
288e033c-1ebf-49d2-ae6e-bfc5f62c0a3e,2017-02-21 11:43:28 +0000
2ec232d8-ca5f-4e94-81de-99a27d2762ac,2017-03-01 10:45:54 +0000
d952d601-c790-4cf3-992c-a3db05a6c49a,2017-04-03 12:17:28 +0100
ddd851fb-842e-4dff-911f-a0808780dd93,2017-07-05 16:16:28 +0100
3cbbd9aa-200d-479b-9bf4-1440b958d4a3,2017-07-12 10:15:43 +0100
1ac4fb62-cb2d-42fc-b64d-af53e79c5359,2017-07-12 10:25:57 +0100
b1169ee6-248b-4e10-94ec-a358252007f4,2017-07-19 15:15:14 +0100
1572757c-661c-447d-9059-847d17ddb5f5,2017-07-24 16:57:44 +0100
8a1833e5-d98e-49a6-8922-33cff9bf7606,2017-07-26 13:56:59 +0100
fa67d52f-9c59-4c23-9c71-3e7d9cafb821,2017-07-26 17:23:13 +0100
a88b5a78-83d4-483b-9f0f-3516666c2526,2017-09-06 13:43:38 +0100
693e9a13-2038-496f-8da0-5565c116c42e,2017-09-11 08:59:36 +0100
af23cb2a-f326-46b3-8cca-3c4bf4990436,2017-09-11 14:09:55 +0100
89587d26-021c-4e30-94ff-16a13fcb6113,2017-09-28 18:04:31 +0100
e7644438-7607-4d5d-8bef-d2ad179c0dbb,2017-10-04 16:48:15 +0100
9333e22e-ff23-492b-9214-5fd8b5f5686c,2017-10-23 12:47:27 +0100
83da0e33-0b01-4289-a40f-1650f5eb1b05,2017-11-07 08:53:36 +0000
